[debug] [2025-12-03T18:45:50.141Z] ----------------------------------------------------------------------
[debug] [2025-12-03T18:45:50.145Z] Command:       /home/nika/.nvm/versions/node/v22.20.0/bin/node /home/nika/.nvm/versions/node/v22.20.0/bin/firebase deploy --only functions
[debug] [2025-12-03T18:45:50.146Z] CLI Version:   14.26.0
[debug] [2025-12-03T18:45:50.147Z] Platform:      linux
[debug] [2025-12-03T18:45:50.147Z] Node Version:  v22.20.0
[debug] [2025-12-03T18:45:50.147Z] Time:          Wed Dec 03 2025 19:45:50 GMT+0100 (Central European Standard Time)
[debug] [2025-12-03T18:45:50.148Z] ----------------------------------------------------------------------
[debug] 
[debug] [2025-12-03T18:45:50.663Z] > command requires scopes: ["email","openid","https://www.googleapis.com/auth/cloudplatformprojects.readonly","https://www.googleapis.com/auth/firebase","https://www.googleapis.com/auth/cloud-platform"]
[debug] [2025-12-03T18:45:50.664Z] > authorizing via signed-in user (lililalalelelo@gmail.com)
[debug] [2025-12-03T18:45:50.664Z] [iam] checking project glucose-goose for permissions ["cloudfunctions.functions.create","cloudfunctions.functions.delete","cloudfunctions.functions.get","cloudfunctions.functions.list","cloudfunctions.functions.update","cloudfunctions.operations.get","firebase.projects.get"]
[debug] [2025-12-03T18:45:50.666Z] Checked if tokens are valid: true, expires at: 1764789425255
[debug] [2025-12-03T18:45:50.667Z] Checked if tokens are valid: true, expires at: 1764789425255
[debug] [2025-12-03T18:45:50.669Z] >>> [apiv2][query] POST https://cloudresourcemanager.googleapis.com/v1/projects/glucose-goose:testIamPermissions [none]
[debug] [2025-12-03T18:45:50.669Z] >>> [apiv2][(partial)header] POST https://cloudresourcemanager.googleapis.com/v1/projects/glucose-goose:testIamPermissions x-goog-quota-user=projects/glucose-goose
[debug] [2025-12-03T18:45:50.669Z] >>> [apiv2][body] POST https://cloudresourcemanager.googleapis.com/v1/projects/glucose-goose:testIamPermissions {"permissions":["cloudfunctions.functions.create","cloudfunctions.functions.delete","cloudfunctions.functions.get","cloudfunctions.functions.list","cloudfunctions.functions.update","cloudfunctions.operations.get","firebase.projects.get"]}
[debug] [2025-12-03T18:45:51.181Z] <<< [apiv2][status] POST https://cloudresourcemanager.googleapis.com/v1/projects/glucose-goose:testIamPermissions 200
[debug] [2025-12-03T18:45:51.182Z] <<< [apiv2][body] POST https://cloudresourcemanager.googleapis.com/v1/projects/glucose-goose:testIamPermissions {"permissions":["cloudfunctions.functions.create","cloudfunctions.functions.delete","cloudfunctions.functions.get","cloudfunctions.functions.list","cloudfunctions.functions.update","cloudfunctions.operations.get","firebase.projects.get"]}
[debug] [2025-12-03T18:45:51.183Z] Checked if tokens are valid: true, expires at: 1764789425255
[debug] [2025-12-03T18:45:51.183Z] Checked if tokens are valid: true, expires at: 1764789425255
[debug] [2025-12-03T18:45:51.184Z] >>> [apiv2][query] POST https://iam.googleapis.com/v1/projects/glucose-goose/serviceAccounts/glucose-goose@appspot.gserviceaccount.com:testIamPermissions [none]
[debug] [2025-12-03T18:45:51.184Z] >>> [apiv2][body] POST https://iam.googleapis.com/v1/projects/glucose-goose/serviceAccounts/glucose-goose@appspot.gserviceaccount.com:testIamPermissions {"permissions":["iam.serviceAccounts.actAs"]}
[debug] [2025-12-03T18:45:52.092Z] <<< [apiv2][status] POST https://iam.googleapis.com/v1/projects/glucose-goose/serviceAccounts/glucose-goose@appspot.gserviceaccount.com:testIamPermissions 200
[debug] [2025-12-03T18:45:52.093Z] <<< [apiv2][body] POST https://iam.googleapis.com/v1/projects/glucose-goose/serviceAccounts/glucose-goose@appspot.gserviceaccount.com:testIamPermissions {"permissions":["iam.serviceAccounts.actAs"]}
[info] 
[info] === Deploying to 'glucose-goose'...
[info] 
[info] i  deploying functions 
[info] Running command: npm --prefix "$RESOURCE_DIR" run lint
[info] ✔  functions: Finished running predeploy script. 
[debug] [2025-12-03T18:45:53.438Z] Checked if tokens are valid: true, expires at: 1764789425255
[debug] [2025-12-03T18:45:53.438Z] Checked if tokens are valid: true, expires at: 1764789425255
[debug] [2025-12-03T18:45:53.439Z] >>> [apiv2][query] GET https://cloudresourcemanager.googleapis.com/v1/projects/glucose-goose [none]
[debug] [2025-12-03T18:45:53.796Z] <<< [apiv2][status] GET https://cloudresourcemanager.googleapis.com/v1/projects/glucose-goose 200
[debug] [2025-12-03T18:45:53.797Z] <<< [apiv2][body] GET https://cloudresourcemanager.googleapis.com/v1/projects/glucose-goose {"projectNumber":"101841828420","projectId":"glucose-goose","lifecycleState":"ACTIVE","name":"glucose-goose","labels":{"firebase":"enabled","firebase-core":"disabled"},"createTime":"2025-11-22T18:17:16.975353Z"}
[info] i  functions: preparing codebase default for deployment 
[info] i  functions: ensuring required API cloudfunctions.googleapis.com is enabled... 
[info] i  functions: ensuring required API cloudbuild.googleapis.com is enabled... 
[info] i  artifactregistry: ensuring required API artifactregistry.googleapis.com is enabled... 
[debug] [2025-12-03T18:45:53.805Z] Checked if tokens are valid: true, expires at: 1764789425255
[debug] [2025-12-03T18:45:53.805Z] Checked if tokens are valid: true, expires at: 1764789425255
[debug] [2025-12-03T18:45:53.805Z] >>> [apiv2][query] GET https://firebase.googleapis.com/v1beta1/projects/glucose-goose/adminSdkConfig [none]
[debug] [2025-12-03T18:45:54.300Z] <<< [apiv2][status] GET https://firebase.googleapis.com/v1beta1/projects/glucose-goose/adminSdkConfig 200
[debug] [2025-12-03T18:45:54.301Z] <<< [apiv2][body] GET https://firebase.googleapis.com/v1beta1/projects/glucose-goose/adminSdkConfig {"projectId":"glucose-goose","storageBucket":"glucose-goose.firebasestorage.app"}
[debug] [2025-12-03T18:45:54.307Z] Validating nodejs source
[debug] [2025-12-03T18:45:55.479Z] > [functions] package.json contents: {
  "name": "functions",
  "description": "Cloud Functions for Firebase",
  "scripts": {
    "lint": "eslint .",
    "serve": "firebase emulators:start --only functions",
    "shell": "firebase functions:shell",
    "start": "npm run shell",
    "deploy": "firebase deploy --only functions",
    "logs": "firebase functions:log"
  },
  "engines": {
    "node": "24"
  },
  "main": "index.ts",
  "dependencies": {
    "cors": "^2.8.5",
    "firebase-admin": "^13.6.0",
    "firebase-functions": "^7.0.0"
  },
  "devDependencies": {
    "@types/node-fetch": "^2.6.13",
    "eslint": "^8.15.0",
    "eslint-config-google": "^0.14.0",
    "firebase-functions-test": "^3.4.1"
  },
  "private": true
}
[debug] [2025-12-03T18:45:55.479Z] Building nodejs source
[info] i  functions: Loading and analyzing source code for codebase default to determine what to deploy 
[debug] [2025-12-03T18:45:55.480Z] Could not find functions.yaml. Must use http discovery
[debug] [2025-12-03T18:45:55.494Z] Found firebase-functions binary at '/home/nika/Desktop/GlucoseGoose/functions/node_modules/.bin/firebase-functions'
[info] Serving at port 8259

[debug] [2025-12-03T18:45:56.661Z] Got response from /__/functions.yaml {"endpoints":{"addTreatment":{"availableMemoryMb":null,"timeoutSeconds":null,"minInstances":null,"maxInstances":null,"ingressSettings":null,"concurrency":null,"serviceAccountEmail":null,"vpc":null,"platform":"gcfv2","labels":{},"httpsTrigger":{},"entryPoint":"addTreatment"},"analyzeMeal":{"availableMemoryMb":null,"timeoutSeconds":null,"minInstances":null,"maxInstances":null,"ingressSettings":null,"concurrency":null,"serviceAccountEmail":null,"vpc":null,"platform":"gcfv2","secretEnvironmentVariables":[{"key":"GEMINI_API_KEY"}],"labels":{},"httpsTrigger":{},"entryPoint":"analyzeMeal"},"deleteTreatment":{"availableMemoryMb":null,"timeoutSeconds":null,"minInstances":null,"maxInstances":null,"ingressSettings":null,"concurrency":null,"serviceAccountEmail":null,"vpc":null,"platform":"gcfv2","labels":{},"httpsTrigger":{},"entryPoint":"deleteTreatment"},"getNightscoutBundle":{"availableMemoryMb":null,"timeoutSeconds":null,"minInstances":null,"maxInstances":null,"ingressSettings":null,"concurrency":null,"serviceAccountEmail":null,"vpc":null,"platform":"gcfv2","labels":{},"httpsTrigger":{},"entryPoint":"getNightscoutBundle"},"simulateGlucose":{"availableMemoryMb":null,"timeoutSeconds":null,"minInstances":null,"maxInstances":null,"ingressSettings":null,"concurrency":null,"serviceAccountEmail":null,"vpc":null,"platform":"gcfv2","secretEnvironmentVariables":[{"key":"NIGHTSCOUT_API_SECRET"},{"key":"NIGHTSCOUT_URL"}],"labels":{},"scheduleTrigger":{"schedule":"every 5 minutes","retryConfig":{}},"entryPoint":"simulateGlucose"},"updateTreatment":{"availableMemoryMb":null,"timeoutSeconds":null,"minInstances":null,"maxInstances":null,"ingressSettings":null,"concurrency":null,"serviceAccountEmail":null,"vpc":null,"platform":"gcfv2","labels":{},"httpsTrigger":{},"entryPoint":"updateTreatment"}},"specVersion":"v1alpha1","requiredAPIs":[{"api":"cloudscheduler.googleapis.com","reason":"Needed for scheduled functions."}],"extensions":{}}
[info] i  extensions: ensuring required API firebaseextensions.googleapis.com is enabled... 
[debug] [2025-12-03T18:46:00.719Z] > command requires scopes: ["email","openid","https://www.googleapis.com/auth/cloudplatformprojects.readonly","https://www.googleapis.com/auth/firebase","https://www.googleapis.com/auth/cloud-platform"]
[debug] [2025-12-03T18:46:00.720Z] > authorizing via signed-in user (lililalalelelo@gmail.com)
[debug] [2025-12-03T18:46:00.720Z] [iam] checking project glucose-goose for permissions ["firebase.projects.get","firebaseextensions.instances.list"]
[debug] [2025-12-03T18:46:00.720Z] Checked if tokens are valid: true, expires at: 1764789425255
[debug] [2025-12-03T18:46:00.721Z] Checked if tokens are valid: true, expires at: 1764789425255
[debug] [2025-12-03T18:46:00.721Z] >>> [apiv2][query] POST https://cloudresourcemanager.googleapis.com/v1/projects/glucose-goose:testIamPermissions [none]
[debug] [2025-12-03T18:46:00.721Z] >>> [apiv2][(partial)header] POST https://cloudresourcemanager.googleapis.com/v1/projects/glucose-goose:testIamPermissions x-goog-quota-user=projects/glucose-goose
[debug] [2025-12-03T18:46:00.721Z] >>> [apiv2][body] POST https://cloudresourcemanager.googleapis.com/v1/projects/glucose-goose:testIamPermissions {"permissions":["firebase.projects.get","firebaseextensions.instances.list"]}
[debug] [2025-12-03T18:46:01.562Z] <<< [apiv2][status] POST https://cloudresourcemanager.googleapis.com/v1/projects/glucose-goose:testIamPermissions 200
[debug] [2025-12-03T18:46:01.563Z] <<< [apiv2][body] POST https://cloudresourcemanager.googleapis.com/v1/projects/glucose-goose:testIamPermissions {"permissions":["firebase.projects.get","firebaseextensions.instances.list"]}
[debug] [2025-12-03T18:46:01.565Z] Checked if tokens are valid: true, expires at: 1764789425255
[debug] [2025-12-03T18:46:01.565Z] Checked if tokens are valid: true, expires at: 1764789425255
[debug] [2025-12-03T18:46:01.566Z] >>> [apiv2][query] GET https://firebaseextensions.googleapis.com/v1beta/projects/glucose-goose/instances pageSize=100&pageToken=
[debug] [2025-12-03T18:46:02.534Z] <<< [apiv2][status] GET https://firebaseextensions.googleapis.com/v1beta/projects/glucose-goose/instances 200
[debug] [2025-12-03T18:46:02.535Z] <<< [apiv2][body] GET https://firebaseextensions.googleapis.com/v1beta/projects/glucose-goose/instances {}
[info] i  functions: preparing functions directory for uploading... 
[info] i  functions: packaged /home/nika/Desktop/GlucoseGoose/functions (79.92 KB) for uploading 
[debug] [2025-12-03T18:46:02.627Z] Checked if tokens are valid: true, expires at: 1764789425255
[debug] [2025-12-03T18:46:02.627Z] Checked if tokens are valid: true, expires at: 1764789425255
[debug] [2025-12-03T18:46:02.628Z] >>> [apiv2][query] GET https://cloudfunctions.googleapis.com/v1/projects/glucose-goose/locations/-/functions [none]
[debug] [2025-12-03T18:46:03.461Z] <<< [apiv2][status] GET https://cloudfunctions.googleapis.com/v1/projects/glucose-goose/locations/-/functions 200
[debug] [2025-12-03T18:46:03.461Z] <<< [apiv2][body] GET https://cloudfunctions.googleapis.com/v1/projects/glucose-goose/locations/-/functions {}
[debug] [2025-12-03T18:46:03.463Z] Checked if tokens are valid: true, expires at: 1764789425255
[debug] [2025-12-03T18:46:03.463Z] Checked if tokens are valid: true, expires at: 1764789425255
[debug] [2025-12-03T18:46:03.464Z] >>> [apiv2][query] GET https://cloudfunctions.googleapis.com/v2/projects/glucose-goose/locations/-/functions filter=environment%3D%22GEN_2%22
[debug] [2025-12-03T18:46:04.519Z] <<< [apiv2][status] GET https://cloudfunctions.googleapis.com/v2/projects/glucose-goose/locations/-/functions 200
[debug] [2025-12-03T18:46:04.520Z] <<< [apiv2][body] GET https://cloudfunctions.googleapis.com/v2/projects/glucose-goose/locations/-/functions {"functions":[{"name":"projects/glucose-goose/locations/us-central1/functions/analyzeMeal","buildConfig":{"build":"projects/101841828420/locations/us-central1/builds/5a8c04d4-20b4-404d-b799-077b97604ca1","runtime":"nodejs24","entryPoint":"analyzeMeal","source":{"storageSource":{"bucket":"gcf-v2-sources-101841828420-us-central1","object":"analyzeMeal/function-source.zip","generation":"1764786331699911"}},"environmentVariables":{"GOOGLE_NODE_RUN_SCRIPTS":""},"dockerRepository":"projects/glucose-goose/locations/us-central1/repositories/gcf-artifacts","serviceAccount":"projects/glucose-goose/serviceAccounts/101841828420-compute@developer.gserviceaccount.com","automaticUpdatePolicy":{}},"serviceConfig":{"service":"projects/glucose-goose/locations/us-central1/services/analyzemeal","timeoutSeconds":60,"environmentVariables":{"FIREBASE_CONFIG":"{\"projectId\":\"glucose-goose\",\"storageBucket\":\"glucose-goose.firebasestorage.app\"}","GCLOUD_PROJECT":"glucose-goose","EVENTARC_CLOUD_EVENT_SOURCE":"projects/glucose-goose/locations/us-central1/services/analyzeMeal","FUNCTION_TARGET":"analyzeMeal","LOG_EXECUTION_ID":"true","FUNCTION_SIGNATURE_TYPE":"http"},"maxInstanceCount":20,"ingressSettings":"ALLOW_ALL","serviceAccountEmail":"101841828420-compute@developer.gserviceaccount.com","availableMemory":"256Mi","allTrafficOnLatestRevision":true,"secretEnvironmentVariables":[{"key":"GEMINI_API_KEY","projectId":"glucose-goose","secret":"GEMINI_API_KEY","version":"1"}],"revision":"analyzemeal-00002-ful","maxInstanceRequestConcurrency":80,"availableCpu":"1"},"state":"ACTIVE","updateTime":"2025-12-03T18:25:41.098995225Z","labels":{"deployment-tool":"cli-firebase","firebase-functions-hash":"10103e88237be41388b3629ae4fd4b3a119d4b64"},"environment":"GEN_2","url":"https://us-central1-glucose-goose.cloudfunctions.net/analyzeMeal","createTime":"2025-12-03T16:25:51.902989479Z","satisfiesPzi":true},{"name":"projects/glucose-goose/locations/us-central1/functions/addTreatment","buildConfig":{"build":"projects/101841828420/locations/us-central1/builds/5a8c04d4-20b4-404d-b799-077b97604ca1","runtime":"nodejs24","entryPoint":"addTreatment","source":{"storageSource":{"bucket":"gcf-v2-sources-101841828420-us-central1","object":"addTreatment/function-source.zip","generation":"1764786276851123"}},"environmentVariables":{"GOOGLE_NODE_RUN_SCRIPTS":""},"dockerRepository":"projects/glucose-goose/locations/us-central1/repositories/gcf-artifacts","serviceAccount":"projects/glucose-goose/serviceAccounts/101841828420-compute@developer.gserviceaccount.com","automaticUpdatePolicy":{}},"serviceConfig":{"service":"projects/glucose-goose/locations/us-central1/services/addtreatment","timeoutSeconds":60,"environmentVariables":{"FIREBASE_CONFIG":"{\"projectId\":\"glucose-goose\",\"storageBucket\":\"glucose-goose.firebasestorage.app\"}","GCLOUD_PROJECT":"glucose-goose","EVENTARC_CLOUD_EVENT_SOURCE":"projects/glucose-goose/locations/us-central1/services/addTreatment","FUNCTION_TARGET":"addTreatment","LOG_EXECUTION_ID":"true","FUNCTION_SIGNATURE_TYPE":"http"},"maxInstanceCount":20,"ingressSettings":"ALLOW_ALL","uri":"https://addtreatment-ft7us77rra-uc.a.run.app","serviceAccountEmail":"101841828420-compute@developer.gserviceaccount.com","availableMemory":"256Mi","allTrafficOnLatestRevision":true,"revision":"addtreatment-00021-sul","maxInstanceRequestConcurrency":80,"availableCpu":"1"},"state":"ACTIVE","updateTime":"2025-12-03T18:25:40.971026099Z","labels":{"deployment-tool":"cli-firebase","firebase-functions-hash":"116c6e097259f2fbcb074dadd1702ced2d5d05f6"},"environment":"GEN_2","url":"https://us-central1-glucose-goose.cloudfunctions.net/addTreatment","createTime":"2025-12-01T15:35:16.026126723Z","satisfiesPzi":true},{"name":"projects/glucose-goose/locations/us-central1/functions/getNightscoutBundle","buildConfig":{"build":"projects/101841828420/locations/us-central1/builds/5a8c04d4-20b4-404d-b799-077b97604ca1","runtime":"nodejs24","entryPoint":"getNightscoutBundle","source":{"storageSource":{"bucket":"gcf-v2-sources-101841828420-us-central1","object":"getNightscoutBundle/function-source.zip","generation":"1764786331807980"}},"environmentVariables":{"GOOGLE_NODE_RUN_SCRIPTS":""},"dockerRepository":"projects/glucose-goose/locations/us-central1/repositories/gcf-artifacts","serviceAccount":"projects/glucose-goose/serviceAccounts/101841828420-compute@developer.gserviceaccount.com","automaticUpdatePolicy":{}},"serviceConfig":{"service":"projects/glucose-goose/locations/us-central1/services/getnightscoutbundle","timeoutSeconds":60,"environmentVariables":{"FIREBASE_CONFIG":"{\"projectId\":\"glucose-goose\",\"storageBucket\":\"glucose-goose.firebasestorage.app\"}","GCLOUD_PROJECT":"glucose-goose","EVENTARC_CLOUD_EVENT_SOURCE":"projects/glucose-goose/locations/us-central1/services/getNightscoutBundle","FUNCTION_TARGET":"getNightscoutBundle","LOG_EXECUTION_ID":"true","FUNCTION_SIGNATURE_TYPE":"http"},"maxInstanceCount":20,"ingressSettings":"ALLOW_ALL","uri":"https://getnightscoutbundle-ft7us77rra-uc.a.run.app","serviceAccountEmail":"101841828420-compute@developer.gserviceaccount.com","availableMemory":"256Mi","allTrafficOnLatestRevision":true,"revision":"getnightscoutbundle-00023-cuy","maxInstanceRequestConcurrency":80,"availableCpu":"1"},"state":"ACTIVE","updateTime":"2025-12-03T18:25:41.295065866Z","labels":{"firebase-functions-hash":"116c6e097259f2fbcb074dadd1702ced2d5d05f6","deployment-tool":"cli-firebase"},"environment":"GEN_2","url":"https://us-central1-glucose-goose.cloudfunctions.net/getNightscoutBundle","createTime":"2025-12-01T09:45:12.313573956Z","satisfiesPzi":true},{"name":"projects/glucose-goose/locations/us-central1/functions/simulateGlucose","buildConfig":{"build":"projects/101841828420/locations/us-central1/builds/5a8c04d4-20b4-404d-b799-077b97604ca1","runtime":"nodejs24","entryPoint":"simulateGlucose","source":{"storageSource":{"bucket":"gcf-v2-sources-101841828420-us-central1","object":"simulateGlucose/function-source.zip","generation":"1764786331797427"}},"environmentVariables":{"GOOGLE_NODE_RUN_SCRIPTS":""},"dockerRepository":"projects/glucose-goose/locations/us-central1/repositories/gcf-artifacts","serviceAccount":"projects/glucose-goose/serviceAccounts/101841828420-compute@developer.gserviceaccount.com","automaticUpdatePolicy":{}},"serviceConfig":{"service":"projects/glucose-goose/locations/us-central1/services/simulateglucose","timeoutSeconds":60,"environmentVariables":{"FIREBASE_CONFIG":"{\"projectId\":\"glucose-goose\",\"storageBucket\":\"glucose-goose.firebasestorage.app\"}","GCLOUD_PROJECT":"glucose-goose","EVENTARC_CLOUD_EVENT_SOURCE":"projects/glucose-goose/locations/us-central1/services/simulateGlucose","FUNCTION_TARGET":"simulateGlucose","LOG_EXECUTION_ID":"true","FUNCTION_SIGNATURE_TYPE":"http"},"maxInstanceCount":20,"ingressSettings":"ALLOW_ALL","uri":"https://simulateglucose-ft7us77rra-uc.a.run.app","serviceAccountEmail":"101841828420-compute@developer.gserviceaccount.com","availableMemory":"256Mi","allTrafficOnLatestRevision":true,"secretEnvironmentVariables":[{"key":"NIGHTSCOUT_API_SECRET","projectId":"glucose-goose","secret":"NIGHTSCOUT_API_SECRET","version":"2"},{"key":"NIGHTSCOUT_URL","projectId":"glucose-goose","secret":"NIGHTSCOUT_URL","version":"1"}],"revision":"simulateglucose-00003-des","maxInstanceRequestConcurrency":80,"availableCpu":"1"},"state":"ACTIVE","updateTime":"2025-12-03T18:25:41.453553775Z","labels":{"firebase-functions-hash":"89ec631e0767dd282d6e4d7a430e7a8f33236f0a","deployment-tool":"cli-firebase","deployment-scheduled":"true"},"environment":"GEN_2","url":"https://us-central1-glucose-goose.cloudfunctions.net/simulateGlucose","createTime":"2025-12-03T13:31:17.836984873Z","satisfiesPzi":true},{"name":"projects/glucose-goose/locations/us-central1/functions/deleteTreatment","buildConfig":{"build":"projects/101841828420/locations/us-central1/builds/5a8c04d4-20b4-404d-b799-077b97604ca1","runtime":"nodejs24","entryPoint":"deleteTreatment","source":{"storageSource":{"bucket":"gcf-v2-sources-101841828420-us-central1","object":"deleteTreatment/function-source.zip","generation":"1764786331796022"}},"environmentVariables":{"GOOGLE_NODE_RUN_SCRIPTS":""},"dockerRepository":"projects/glucose-goose/locations/us-central1/repositories/gcf-artifacts","serviceAccount":"projects/glucose-goose/serviceAccounts/101841828420-compute@developer.gserviceaccount.com","automaticUpdatePolicy":{}},"serviceConfig":{"service":"projects/glucose-goose/locations/us-central1/services/deletetreatment","timeoutSeconds":60,"environmentVariables":{"FIREBASE_CONFIG":"{\"projectId\":\"glucose-goose\",\"storageBucket\":\"glucose-goose.firebasestorage.app\"}","GCLOUD_PROJECT":"glucose-goose","EVENTARC_CLOUD_EVENT_SOURCE":"projects/glucose-goose/locations/us-central1/services/deleteTreatment","FUNCTION_TARGET":"deleteTreatment","LOG_EXECUTION_ID":"true","FUNCTION_SIGNATURE_TYPE":"http"},"maxInstanceCount":20,"ingressSettings":"ALLOW_ALL","uri":"https://deletetreatment-ft7us77rra-uc.a.run.app","serviceAccountEmail":"101841828420-compute@developer.gserviceaccount.com","availableMemory":"256Mi","allTrafficOnLatestRevision":true,"revision":"deletetreatment-00008-cen","maxInstanceRequestConcurrency":80,"availableCpu":"1"},"state":"ACTIVE","updateTime":"2025-12-03T18:25:40.318471869Z","labels":{"deployment-tool":"cli-firebase","firebase-functions-hash":"116c6e097259f2fbcb074dadd1702ced2d5d05f6"},"environment":"GEN_2","url":"https://us-central1-glucose-goose.cloudfunctions.net/deleteTreatment","createTime":"2025-12-01T19:27:55.613996385Z","satisfiesPzi":true},{"name":"projects/glucose-goose/locations/us-central1/functions/updateTreatment","buildConfig":{"build":"projects/101841828420/locations/us-central1/builds/5a8c04d4-20b4-404d-b799-077b97604ca1","runtime":"nodejs24","entryPoint":"updateTreatment","source":{"storageSource":{"bucket":"gcf-v2-sources-101841828420-us-central1","object":"updateTreatment/function-source.zip","generation":"1764786331795676"}},"environmentVariables":{"GOOGLE_NODE_RUN_SCRIPTS":""},"dockerRepository":"projects/glucose-goose/locations/us-central1/repositories/gcf-artifacts","serviceAccount":"projects/glucose-goose/serviceAccounts/101841828420-compute@developer.gserviceaccount.com","automaticUpdatePolicy":{}},"serviceConfig":{"service":"projects/glucose-goose/locations/us-central1/services/updatetreatment","timeoutSeconds":60,"environmentVariables":{"FIREBASE_CONFIG":"{\"projectId\":\"glucose-goose\",\"storageBucket\":\"glucose-goose.firebasestorage.app\"}","GCLOUD_PROJECT":"glucose-goose","EVENTARC_CLOUD_EVENT_SOURCE":"projects/glucose-goose/locations/us-central1/services/updateTreatment","FUNCTION_TARGET":"updateTreatment","LOG_EXECUTION_ID":"true","FUNCTION_SIGNATURE_TYPE":"http"},"maxInstanceCount":20,"ingressSettings":"ALLOW_ALL","uri":"https://updatetreatment-ft7us77rra-uc.a.run.app","serviceAccountEmail":"101841828420-compute@developer.gserviceaccount.com","availableMemory":"256Mi","allTrafficOnLatestRevision":true,"revision":"updatetreatment-00014-kow","maxInstanceRequestConcurrency":80,"availableCpu":"1"},"state":"ACTIVE","updateTime":"2025-12-03T18:25:41.399410913Z","labels":{"deployment-tool":"cli-firebase","firebase-functions-hash":"116c6e097259f2fbcb074dadd1702ced2d5d05f6"},"environment":"GEN_2","url":"https://us-central1-glucose-goose.cloudfunctions.net/updateTreatment","createTime":"2025-12-01T17:38:05.768913732Z","satisfiesPzi":true}]}
[info] i  functions: ensuring required API cloudscheduler.googleapis.com is enabled... 
[info] i  functions: ensuring required API run.googleapis.com is enabled... 
[info] i  functions: ensuring required API eventarc.googleapis.com is enabled... 
[info] i  functions: ensuring required API pubsub.googleapis.com is enabled... 
[info] i  functions: ensuring required API storage.googleapis.com is enabled... 
[info] i  functions: generating the service identity for pubsub.googleapis.com... 
[debug] [2025-12-03T18:46:04.540Z] Checked if tokens are valid: true, expires at: 1764789425255
[debug] [2025-12-03T18:46:04.540Z] Checked if tokens are valid: true, expires at: 1764789425255
[info] i  functions: generating the service identity for eventarc.googleapis.com... 
[debug] [2025-12-03T18:46:04.542Z] Checked if tokens are valid: true, expires at: 1764789425255
[debug] [2025-12-03T18:46:04.542Z] Checked if tokens are valid: true, expires at: 1764789425255
[debug] [2025-12-03T18:46:04.543Z] >>> [apiv2][query] POST https://serviceusage.googleapis.com/v1beta1/projects/101841828420/services/pubsub.googleapis.com:generateServiceIdentity [none]
[debug] [2025-12-03T18:46:04.543Z] >>> [apiv2][(partial)header] POST https://serviceusage.googleapis.com/v1beta1/projects/101841828420/services/pubsub.googleapis.com:generateServiceIdentity x-goog-quota-user=projects/101841828420
[debug] [2025-12-03T18:46:04.543Z] >>> [apiv2][body] POST https://serviceusage.googleapis.com/v1beta1/projects/101841828420/services/pubsub.googleapis.com:generateServiceIdentity {}
[debug] [2025-12-03T18:46:04.548Z] >>> [apiv2][query] POST https://serviceusage.googleapis.com/v1beta1/projects/101841828420/services/eventarc.googleapis.com:generateServiceIdentity [none]
[debug] [2025-12-03T18:46:04.548Z] >>> [apiv2][(partial)header] POST https://serviceusage.googleapis.com/v1beta1/projects/101841828420/services/eventarc.googleapis.com:generateServiceIdentity x-goog-quota-user=projects/101841828420
[debug] [2025-12-03T18:46:04.549Z] >>> [apiv2][body] POST https://serviceusage.googleapis.com/v1beta1/projects/101841828420/services/eventarc.googleapis.com:generateServiceIdentity {}
[debug] [2025-12-03T18:46:05.619Z] <<< [apiv2][status] POST https://serviceusage.googleapis.com/v1beta1/projects/101841828420/services/pubsub.googleapis.com:generateServiceIdentity 200
[debug] [2025-12-03T18:46:05.619Z] <<< [apiv2][body] POST https://serviceusage.googleapis.com/v1beta1/projects/101841828420/services/pubsub.googleapis.com:generateServiceIdentity {"name":"operations/finished.DONE_OPERATION","done":true,"response":{"@type":"type.googleapis.com/google.api.serviceusage.v1beta1.ServiceIdentity","email":"service-101841828420@gcp-sa-pubsub.iam.gserviceaccount.com","uniqueId":"105321100914897376203"}}
[debug] [2025-12-03T18:46:05.669Z] <<< [apiv2][status] POST https://serviceusage.googleapis.com/v1beta1/projects/101841828420/services/eventarc.googleapis.com:generateServiceIdentity 200
[debug] [2025-12-03T18:46:05.670Z] <<< [apiv2][body] POST https://serviceusage.googleapis.com/v1beta1/projects/101841828420/services/eventarc.googleapis.com:generateServiceIdentity {"name":"operations/finished.DONE_OPERATION","done":true,"response":{"@type":"type.googleapis.com/google.api.serviceusage.v1beta1.ServiceIdentity","email":"service-101841828420@gcp-sa-eventarc.iam.gserviceaccount.com","uniqueId":"102655789524274039934"}}
[info] i  functions: ensuring required API secretmanager.googleapis.com is enabled... 
[debug] [2025-12-03T18:46:05.678Z] Checked if tokens are valid: true, expires at: 1764789425255
[debug] [2025-12-03T18:46:05.678Z] Checked if tokens are valid: true, expires at: 1764789425255
[debug] [2025-12-03T18:46:05.678Z] Checked if tokens are valid: true, expires at: 1764789425255
[debug] [2025-12-03T18:46:05.679Z] Checked if tokens are valid: true, expires at: 1764789425255
[debug] [2025-12-03T18:46:05.679Z] Checked if tokens are valid: true, expires at: 1764789425255
[debug] [2025-12-03T18:46:05.679Z] Checked if tokens are valid: true, expires at: 1764789425255
[debug] [2025-12-03T18:46:05.680Z] >>> [apiv2][query] GET https://secretmanager.googleapis.com/v1/projects/glucose-goose/secrets/GEMINI_API_KEY/versions/latest [none]
[debug] [2025-12-03T18:46:05.686Z] >>> [apiv2][query] GET https://secretmanager.googleapis.com/v1/projects/glucose-goose/secrets/NIGHTSCOUT_API_SECRET/versions/latest [none]
[debug] [2025-12-03T18:46:05.690Z] >>> [apiv2][query] GET https://secretmanager.googleapis.com/v1/projects/glucose-goose/secrets/NIGHTSCOUT_URL/versions/latest [none]
[debug] [2025-12-03T18:46:06.236Z] <<< [apiv2][status] GET https://secretmanager.googleapis.com/v1/projects/glucose-goose/secrets/GEMINI_API_KEY/versions/latest 200
[debug] [2025-12-03T18:46:06.237Z] <<< [apiv2][body] GET https://secretmanager.googleapis.com/v1/projects/glucose-goose/secrets/GEMINI_API_KEY/versions/latest {"name":"projects/101841828420/secrets/GEMINI_API_KEY/versions/1","createTime":"2025-12-03T16:06:49.887573Z","state":"ENABLED","replicationStatus":{"automatic":{}},"etag":"\"16450e66630355\""}
[debug] [2025-12-03T18:46:06.238Z] Resolved secret version of GEMINI_API_KEY to 1.
[debug] [2025-12-03T18:46:06.238Z] <<< [apiv2][status] GET https://secretmanager.googleapis.com/v1/projects/glucose-goose/secrets/NIGHTSCOUT_API_SECRET/versions/latest 200
[debug] [2025-12-03T18:46:06.239Z] <<< [apiv2][body] GET https://secretmanager.googleapis.com/v1/projects/glucose-goose/secrets/NIGHTSCOUT_API_SECRET/versions/latest {"name":"projects/101841828420/secrets/NIGHTSCOUT_API_SECRET/versions/2","createTime":"2025-12-01T19:20:39.610855Z","state":"ENABLED","replicationStatus":{"automatic":{}},"etag":"\"1644e8dfe3c1e7\""}
[debug] [2025-12-03T18:46:06.239Z] Resolved secret version of NIGHTSCOUT_API_SECRET to 2.
[debug] [2025-12-03T18:46:06.239Z] <<< [apiv2][status] GET https://secretmanager.googleapis.com/v1/projects/glucose-goose/secrets/NIGHTSCOUT_URL/versions/latest 200
[debug] [2025-12-03T18:46:06.239Z] <<< [apiv2][body] GET https://secretmanager.googleapis.com/v1/projects/glucose-goose/secrets/NIGHTSCOUT_URL/versions/latest {"name":"projects/101841828420/secrets/NIGHTSCOUT_URL/versions/1","createTime":"2025-12-01T15:27:16.459270Z","state":"ENABLED","replicationStatus":{"automatic":{}},"etag":"\"1644e59d3c9f06\""}
[debug] [2025-12-03T18:46:06.240Z] Resolved secret version of NIGHTSCOUT_URL to 1.
[debug] [2025-12-03T18:46:06.242Z] Checked if tokens are valid: true, expires at: 1764789425255
[debug] [2025-12-03T18:46:06.242Z] Checked if tokens are valid: true, expires at: 1764789425255
[debug] [2025-12-03T18:46:06.242Z] >>> [apiv2][query] GET https://cloudresourcemanager.googleapis.com/v1/projects/glucose-goose [none]
[debug] [2025-12-03T18:46:06.585Z] <<< [apiv2][status] GET https://cloudresourcemanager.googleapis.com/v1/projects/glucose-goose 200
[debug] [2025-12-03T18:46:06.586Z] <<< [apiv2][body] GET https://cloudresourcemanager.googleapis.com/v1/projects/glucose-goose {"projectNumber":"101841828420","projectId":"glucose-goose","lifecycleState":"ACTIVE","name":"glucose-goose","labels":{"firebase":"enabled","firebase-core":"disabled"},"createTime":"2025-11-22T18:17:16.975353Z"}
[debug] [2025-12-03T18:46:06.588Z] Checked if tokens are valid: true, expires at: 1764789425255
[debug] [2025-12-03T18:46:06.589Z] Checked if tokens are valid: true, expires at: 1764789425255
[debug] [2025-12-03T18:46:06.589Z] >>> [apiv2][query] GET https://compute.googleapis.com/compute/v1/projects/101841828420 [none]
[debug] [2025-12-03T18:46:07.008Z] <<< [apiv2][status] GET https://compute.googleapis.com/compute/v1/projects/101841828420 403
[debug] [2025-12-03T18:46:07.008Z] <<< [apiv2][body] GET https://compute.googleapis.com/compute/v1/projects/101841828420 {"error":{"code":403,"message":"Compute Engine API has not been used in project 101841828420 before or it is disabled. Enable it by visiting https://console.developers.google.com/apis/api/compute.googleapis.com/overview?project=101841828420 then retry. If you enabled this API recently, wait a few minutes for the action to propagate to our systems and retry.","errors":[{"message":"Compute Engine API has not been used in project 101841828420 before or it is disabled. Enable it by visiting https://console.developers.google.com/apis/api/compute.googleapis.com/overview?project=101841828420 then retry. If you enabled this API recently, wait a few minutes for the action to propagate to our systems and retry.","domain":"usageLimits","reason":"accessNotConfigured","extendedHelp":"https://console.developers.google.com"}],"status":"PERMISSION_DENIED","details":[{"@type":"type.googleapis.com/google.rpc.ErrorInfo","reason":"SERVICE_DISABLED","domain":"googleapis.com","metadata":{"serviceTitle":"Compute Engine API","containerInfo":"101841828420","activationUrl":"https://console.developers.google.com/apis/api/compute.googleapis.com/overview?project=101841828420","service":"compute.googleapis.com","consumer":"projects/101841828420"}},{"@type":"type.googleapis.com/google.rpc.LocalizedMessage","locale":"en-US","message":"Compute Engine API has not been used in project 101841828420 before or it is disabled. Enable it by visiting https://console.developers.google.com/apis/api/compute.googleapis.com/overview?project=101841828420 then retry. If you enabled this API recently, wait a few minutes for the action to propagate to our systems and retry."},{"@type":"type.googleapis.com/google.rpc.Help","links":[{"description":"Google developers console API activation","url":"https://console.developers.google.com/apis/api/compute.googleapis.com/overview?project=101841828420"}]}]}}
[debug] [2025-12-03T18:46:07.009Z] unable to look up default compute service account. Falling back to 101841828420-compute@developer.gserviceaccount.com. Error: {"name":"FirebaseError","children":[],"context":{"body":{"error":{"code":403,"message":"Compute Engine API has not been used in project 101841828420 before or it is disabled. Enable it by visiting https://console.developers.google.com/apis/api/compute.googleapis.com/overview?project=101841828420 then retry. If you enabled this API recently, wait a few minutes for the action to propagate to our systems and retry.","errors":[{"message":"Compute Engine API has not been used in project 101841828420 before or it is disabled. Enable it by visiting https://console.developers.google.com/apis/api/compute.googleapis.com/overview?project=101841828420 then retry. If you enabled this API recently, wait a few minutes for the action to propagate to our systems and retry.","domain":"usageLimits","reason":"accessNotConfigured","extendedHelp":"https://console.developers.google.com"}],"status":"PERMISSION_DENIED","details":[{"@type":"type.googleapis.com/google.rpc.ErrorInfo","reason":"SERVICE_DISABLED","domain":"googleapis.com","metadata":{"serviceTitle":"Compute Engine API","containerInfo":"101841828420","activationUrl":"https://console.developers.google.com/apis/api/compute.googleapis.com/overview?project=101841828420","service":"compute.googleapis.com","consumer":"projects/101841828420"}},{"@type":"type.googleapis.com/google.rpc.LocalizedMessage","locale":"en-US","message":"Compute Engine API has not been used in project 101841828420 before or it is disabled. Enable it by visiting https://console.developers.google.com/apis/api/compute.googleapis.com/overview?project=101841828420 then retry. If you enabled this API recently, wait a few minutes for the action to propagate to our systems and retry."},{"@type":"type.googleapis.com/google.rpc.Help","links":[{"description":"Google developers console API activation","url":"https://console.developers.google.com/apis/api/compute.googleapis.com/overview?project=101841828420"}]}]}},"response":{"statusCode":403}},"exit":1,"message":"Request to https://compute.googleapis.com/compute/v1/projects/101841828420 had HTTP Error: 403, Compute Engine API has not been used in project 101841828420 before or it is disabled. Enable it by visiting https://console.developers.google.com/apis/api/compute.googleapis.com/overview?project=101841828420 then retry. If you enabled this API recently, wait a few minutes for the action to propagate to our systems and retry.","status":403}
[debug] [2025-12-03T18:46:07.009Z] Checked if tokens are valid: true, expires at: 1764789425255
[debug] [2025-12-03T18:46:07.009Z] Checked if tokens are valid: true, expires at: 1764789425255
[debug] [2025-12-03T18:46:07.009Z] >>> [apiv2][query] GET https://compute.googleapis.com/compute/v1/projects/101841828420 [none]
[debug] [2025-12-03T18:46:07.275Z] <<< [apiv2][status] GET https://compute.googleapis.com/compute/v1/projects/101841828420 403
[debug] [2025-12-03T18:46:07.275Z] <<< [apiv2][body] GET https://compute.googleapis.com/compute/v1/projects/101841828420 {"error":{"code":403,"message":"Compute Engine API has not been used in project 101841828420 before or it is disabled. Enable it by visiting https://console.developers.google.com/apis/api/compute.googleapis.com/overview?project=101841828420 then retry. If you enabled this API recently, wait a few minutes for the action to propagate to our systems and retry.","errors":[{"message":"Compute Engine API has not been used in project 101841828420 before or it is disabled. Enable it by visiting https://console.developers.google.com/apis/api/compute.googleapis.com/overview?project=101841828420 then retry. If you enabled this API recently, wait a few minutes for the action to propagate to our systems and retry.","domain":"usageLimits","reason":"accessNotConfigured","extendedHelp":"https://console.developers.google.com"}],"status":"PERMISSION_DENIED","details":[{"@type":"type.googleapis.com/google.rpc.ErrorInfo","reason":"SERVICE_DISABLED","domain":"googleapis.com","metadata":{"serviceTitle":"Compute Engine API","activationUrl":"https://console.developers.google.com/apis/api/compute.googleapis.com/overview?project=101841828420","service":"compute.googleapis.com","containerInfo":"101841828420","consumer":"projects/101841828420"}},{"@type":"type.googleapis.com/google.rpc.LocalizedMessage","locale":"en-US","message":"Compute Engine API has not been used in project 101841828420 before or it is disabled. Enable it by visiting https://console.developers.google.com/apis/api/compute.googleapis.com/overview?project=101841828420 then retry. If you enabled this API recently, wait a few minutes for the action to propagate to our systems and retry."},{"@type":"type.googleapis.com/google.rpc.Help","links":[{"description":"Google developers console API activation","url":"https://console.developers.google.com/apis/api/compute.googleapis.com/overview?project=101841828420"}]}]}}
[debug] [2025-12-03T18:46:07.276Z] unable to look up default compute service account. Falling back to 101841828420-compute@developer.gserviceaccount.com. Error: {"name":"FirebaseError","children":[],"context":{"body":{"error":{"code":403,"message":"Compute Engine API has not been used in project 101841828420 before or it is disabled. Enable it by visiting https://console.developers.google.com/apis/api/compute.googleapis.com/overview?project=101841828420 then retry. If you enabled this API recently, wait a few minutes for the action to propagate to our systems and retry.","errors":[{"message":"Compute Engine API has not been used in project 101841828420 before or it is disabled. Enable it by visiting https://console.developers.google.com/apis/api/compute.googleapis.com/overview?project=101841828420 then retry. If you enabled this API recently, wait a few minutes for the action to propagate to our systems and retry.","domain":"usageLimits","reason":"accessNotConfigured","extendedHelp":"https://console.developers.google.com"}],"status":"PERMISSION_DENIED","details":[{"@type":"type.googleapis.com/google.rpc.ErrorInfo","reason":"SERVICE_DISABLED","domain":"googleapis.com","metadata":{"serviceTitle":"Compute Engine API","activationUrl":"https://console.developers.google.com/apis/api/compute.googleapis.com/overview?project=101841828420","service":"compute.googleapis.com","containerInfo":"101841828420","consumer":"projects/101841828420"}},{"@type":"type.googleapis.com/google.rpc.LocalizedMessage","locale":"en-US","message":"Compute Engine API has not been used in project 101841828420 before or it is disabled. Enable it by visiting https://console.developers.google.com/apis/api/compute.googleapis.com/overview?project=101841828420 then retry. If you enabled this API recently, wait a few minutes for the action to propagate to our systems and retry."},{"@type":"type.googleapis.com/google.rpc.Help","links":[{"description":"Google developers console API activation","url":"https://console.developers.google.com/apis/api/compute.googleapis.com/overview?project=101841828420"}]}]}},"response":{"statusCode":403}},"exit":1,"message":"Request to https://compute.googleapis.com/compute/v1/projects/101841828420 had HTTP Error: 403, Compute Engine API has not been used in project 101841828420 before or it is disabled. Enable it by visiting https://console.developers.google.com/apis/api/compute.googleapis.com/overview?project=101841828420 then retry. If you enabled this API recently, wait a few minutes for the action to propagate to our systems and retry.","status":403}
[debug] [2025-12-03T18:46:07.276Z] Checked if tokens are valid: true, expires at: 1764789425255
[debug] [2025-12-03T18:46:07.276Z] Checked if tokens are valid: true, expires at: 1764789425255
[debug] [2025-12-03T18:46:07.277Z] >>> [apiv2][query] GET https://compute.googleapis.com/compute/v1/projects/101841828420 [none]
[debug] [2025-12-03T18:46:07.609Z] <<< [apiv2][status] GET https://compute.googleapis.com/compute/v1/projects/101841828420 403
[debug] [2025-12-03T18:46:07.609Z] <<< [apiv2][body] GET https://compute.googleapis.com/compute/v1/projects/101841828420 {"error":{"code":403,"message":"Compute Engine API has not been used in project 101841828420 before or it is disabled. Enable it by visiting https://console.developers.google.com/apis/api/compute.googleapis.com/overview?project=101841828420 then retry. If you enabled this API recently, wait a few minutes for the action to propagate to our systems and retry.","errors":[{"message":"Compute Engine API has not been used in project 101841828420 before or it is disabled. Enable it by visiting https://console.developers.google.com/apis/api/compute.googleapis.com/overview?project=101841828420 then retry. If you enabled this API recently, wait a few minutes for the action to propagate to our systems and retry.","domain":"usageLimits","reason":"accessNotConfigured","extendedHelp":"https://console.developers.google.com"}],"status":"PERMISSION_DENIED","details":[{"@type":"type.googleapis.com/google.rpc.ErrorInfo","reason":"SERVICE_DISABLED","domain":"googleapis.com","metadata":{"activationUrl":"https://console.developers.google.com/apis/api/compute.googleapis.com/overview?project=101841828420","containerInfo":"101841828420","consumer":"projects/101841828420","serviceTitle":"Compute Engine API","service":"compute.googleapis.com"}},{"@type":"type.googleapis.com/google.rpc.LocalizedMessage","locale":"en-US","message":"Compute Engine API has not been used in project 101841828420 before or it is disabled. Enable it by visiting https://console.developers.google.com/apis/api/compute.googleapis.com/overview?project=101841828420 then retry. If you enabled this API recently, wait a few minutes for the action to propagate to our systems and retry."},{"@type":"type.googleapis.com/google.rpc.Help","links":[{"description":"Google developers console API activation","url":"https://console.developers.google.com/apis/api/compute.googleapis.com/overview?project=101841828420"}]}]}}
[debug] [2025-12-03T18:46:07.609Z] unable to look up default compute service account. Falling back to 101841828420-compute@developer.gserviceaccount.com. Error: {"name":"FirebaseError","children":[],"context":{"body":{"error":{"code":403,"message":"Compute Engine API has not been used in project 101841828420 before or it is disabled. Enable it by visiting https://console.developers.google.com/apis/api/compute.googleapis.com/overview?project=101841828420 then retry. If you enabled this API recently, wait a few minutes for the action to propagate to our systems and retry.","errors":[{"message":"Compute Engine API has not been used in project 101841828420 before or it is disabled. Enable it by visiting https://console.developers.google.com/apis/api/compute.googleapis.com/overview?project=101841828420 then retry. If you enabled this API recently, wait a few minutes for the action to propagate to our systems and retry.","domain":"usageLimits","reason":"accessNotConfigured","extendedHelp":"https://console.developers.google.com"}],"status":"PERMISSION_DENIED","details":[{"@type":"type.googleapis.com/google.rpc.ErrorInfo","reason":"SERVICE_DISABLED","domain":"googleapis.com","metadata":{"activationUrl":"https://console.developers.google.com/apis/api/compute.googleapis.com/overview?project=101841828420","containerInfo":"101841828420","consumer":"projects/101841828420","serviceTitle":"Compute Engine API","service":"compute.googleapis.com"}},{"@type":"type.googleapis.com/google.rpc.LocalizedMessage","locale":"en-US","message":"Compute Engine API has not been used in project 101841828420 before or it is disabled. Enable it by visiting https://console.developers.google.com/apis/api/compute.googleapis.com/overview?project=101841828420 then retry. If you enabled this API recently, wait a few minutes for the action to propagate to our systems and retry."},{"@type":"type.googleapis.com/google.rpc.Help","links":[{"description":"Google developers console API activation","url":"https://console.developers.google.com/apis/api/compute.googleapis.com/overview?project=101841828420"}]}]}},"response":{"statusCode":403}},"exit":1,"message":"Request to https://compute.googleapis.com/compute/v1/projects/101841828420 had HTTP Error: 403, Compute Engine API has not been used in project 101841828420 before or it is disabled. Enable it by visiting https://console.developers.google.com/apis/api/compute.googleapis.com/overview?project=101841828420 then retry. If you enabled this API recently, wait a few minutes for the action to propagate to our systems and retry.","status":403}
[debug] [2025-12-03T18:46:07.610Z] Checked if tokens are valid: true, expires at: 1764789425255
[debug] [2025-12-03T18:46:07.610Z] Checked if tokens are valid: true, expires at: 1764789425255
[debug] [2025-12-03T18:46:07.610Z] >>> [apiv2][query] GET https://compute.googleapis.com/compute/v1/projects/101841828420 [none]
[debug] [2025-12-03T18:46:07.859Z] <<< [apiv2][status] GET https://compute.googleapis.com/compute/v1/projects/101841828420 403
[debug] [2025-12-03T18:46:07.859Z] <<< [apiv2][body] GET https://compute.googleapis.com/compute/v1/projects/101841828420 {"error":{"code":403,"message":"Compute Engine API has not been used in project 101841828420 before or it is disabled. Enable it by visiting https://console.developers.google.com/apis/api/compute.googleapis.com/overview?project=101841828420 then retry. If you enabled this API recently, wait a few minutes for the action to propagate to our systems and retry.","errors":[{"message":"Compute Engine API has not been used in project 101841828420 before or it is disabled. Enable it by visiting https://console.developers.google.com/apis/api/compute.googleapis.com/overview?project=101841828420 then retry. If you enabled this API recently, wait a few minutes for the action to propagate to our systems and retry.","domain":"usageLimits","reason":"accessNotConfigured","extendedHelp":"https://console.developers.google.com"}],"status":"PERMISSION_DENIED","details":[{"@type":"type.googleapis.com/google.rpc.ErrorInfo","reason":"SERVICE_DISABLED","domain":"googleapis.com","metadata":{"activationUrl":"https://console.developers.google.com/apis/api/compute.googleapis.com/overview?project=101841828420","containerInfo":"101841828420","serviceTitle":"Compute Engine API","consumer":"projects/101841828420","service":"compute.googleapis.com"}},{"@type":"type.googleapis.com/google.rpc.LocalizedMessage","locale":"en-US","message":"Compute Engine API has not been used in project 101841828420 before or it is disabled. Enable it by visiting https://console.developers.google.com/apis/api/compute.googleapis.com/overview?project=101841828420 then retry. If you enabled this API recently, wait a few minutes for the action to propagate to our systems and retry."},{"@type":"type.googleapis.com/google.rpc.Help","links":[{"description":"Google developers console API activation","url":"https://console.developers.google.com/apis/api/compute.googleapis.com/overview?project=101841828420"}]}]}}
[debug] [2025-12-03T18:46:07.859Z] unable to look up default compute service account. Falling back to 101841828420-compute@developer.gserviceaccount.com. Error: {"name":"FirebaseError","children":[],"context":{"body":{"error":{"code":403,"message":"Compute Engine API has not been used in project 101841828420 before or it is disabled. Enable it by visiting https://console.developers.google.com/apis/api/compute.googleapis.com/overview?project=101841828420 then retry. If you enabled this API recently, wait a few minutes for the action to propagate to our systems and retry.","errors":[{"message":"Compute Engine API has not been used in project 101841828420 before or it is disabled. Enable it by visiting https://console.developers.google.com/apis/api/compute.googleapis.com/overview?project=101841828420 then retry. If you enabled this API recently, wait a few minutes for the action to propagate to our systems and retry.","domain":"usageLimits","reason":"accessNotConfigured","extendedHelp":"https://console.developers.google.com"}],"status":"PERMISSION_DENIED","details":[{"@type":"type.googleapis.com/google.rpc.ErrorInfo","reason":"SERVICE_DISABLED","domain":"googleapis.com","metadata":{"activationUrl":"https://console.developers.google.com/apis/api/compute.googleapis.com/overview?project=101841828420","containerInfo":"101841828420","serviceTitle":"Compute Engine API","consumer":"projects/101841828420","service":"compute.googleapis.com"}},{"@type":"type.googleapis.com/google.rpc.LocalizedMessage","locale":"en-US","message":"Compute Engine API has not been used in project 101841828420 before or it is disabled. Enable it by visiting https://console.developers.google.com/apis/api/compute.googleapis.com/overview?project=101841828420 then retry. If you enabled this API recently, wait a few minutes for the action to propagate to our systems and retry."},{"@type":"type.googleapis.com/google.rpc.Help","links":[{"description":"Google developers console API activation","url":"https://console.developers.google.com/apis/api/compute.googleapis.com/overview?project=101841828420"}]}]}},"response":{"statusCode":403}},"exit":1,"message":"Request to https://compute.googleapis.com/compute/v1/projects/101841828420 had HTTP Error: 403, Compute Engine API has not been used in project 101841828420 before or it is disabled. Enable it by visiting https://console.developers.google.com/apis/api/compute.googleapis.com/overview?project=101841828420 then retry. If you enabled this API recently, wait a few minutes for the action to propagate to our systems and retry.","status":403}
[debug] [2025-12-03T18:46:07.860Z] Checked if tokens are valid: true, expires at: 1764789425255
[debug] [2025-12-03T18:46:07.860Z] Checked if tokens are valid: true, expires at: 1764789425255
[debug] [2025-12-03T18:46:07.860Z] >>> [apiv2][query] GET https://compute.googleapis.com/compute/v1/projects/101841828420 [none]
[debug] [2025-12-03T18:46:08.099Z] <<< [apiv2][status] GET https://compute.googleapis.com/compute/v1/projects/101841828420 403
[debug] [2025-12-03T18:46:08.099Z] <<< [apiv2][body] GET https://compute.googleapis.com/compute/v1/projects/101841828420 {"error":{"code":403,"message":"Compute Engine API has not been used in project 101841828420 before or it is disabled. Enable it by visiting https://console.developers.google.com/apis/api/compute.googleapis.com/overview?project=101841828420 then retry. If you enabled this API recently, wait a few minutes for the action to propagate to our systems and retry.","errors":[{"message":"Compute Engine API has not been used in project 101841828420 before or it is disabled. Enable it by visiting https://console.developers.google.com/apis/api/compute.googleapis.com/overview?project=101841828420 then retry. If you enabled this API recently, wait a few minutes for the action to propagate to our systems and retry.","domain":"usageLimits","reason":"accessNotConfigured","extendedHelp":"https://console.developers.google.com"}],"status":"PERMISSION_DENIED","details":[{"@type":"type.googleapis.com/google.rpc.ErrorInfo","reason":"SERVICE_DISABLED","domain":"googleapis.com","metadata":{"serviceTitle":"Compute Engine API","containerInfo":"101841828420","consumer":"projects/101841828420","activationUrl":"https://console.developers.google.com/apis/api/compute.googleapis.com/overview?project=101841828420","service":"compute.googleapis.com"}},{"@type":"type.googleapis.com/google.rpc.LocalizedMessage","locale":"en-US","message":"Compute Engine API has not been used in project 101841828420 before or it is disabled. Enable it by visiting https://console.developers.google.com/apis/api/compute.googleapis.com/overview?project=101841828420 then retry. If you enabled this API recently, wait a few minutes for the action to propagate to our systems and retry."},{"@type":"type.googleapis.com/google.rpc.Help","links":[{"description":"Google developers console API activation","url":"https://console.developers.google.com/apis/api/compute.googleapis.com/overview?project=101841828420"}]}]}}
[debug] [2025-12-03T18:46:08.099Z] unable to look up default compute service account. Falling back to 101841828420-compute@developer.gserviceaccount.com. Error: {"name":"FirebaseError","children":[],"context":{"body":{"error":{"code":403,"message":"Compute Engine API has not been used in project 101841828420 before or it is disabled. Enable it by visiting https://console.developers.google.com/apis/api/compute.googleapis.com/overview?project=101841828420 then retry. If you enabled this API recently, wait a few minutes for the action to propagate to our systems and retry.","errors":[{"message":"Compute Engine API has not been used in project 101841828420 before or it is disabled. Enable it by visiting https://console.developers.google.com/apis/api/compute.googleapis.com/overview?project=101841828420 then retry. If you enabled this API recently, wait a few minutes for the action to propagate to our systems and retry.","domain":"usageLimits","reason":"accessNotConfigured","extendedHelp":"https://console.developers.google.com"}],"status":"PERMISSION_DENIED","details":[{"@type":"type.googleapis.com/google.rpc.ErrorInfo","reason":"SERVICE_DISABLED","domain":"googleapis.com","metadata":{"serviceTitle":"Compute Engine API","containerInfo":"101841828420","consumer":"projects/101841828420","activationUrl":"https://console.developers.google.com/apis/api/compute.googleapis.com/overview?project=101841828420","service":"compute.googleapis.com"}},{"@type":"type.googleapis.com/google.rpc.LocalizedMessage","locale":"en-US","message":"Compute Engine API has not been used in project 101841828420 before or it is disabled. Enable it by visiting https://console.developers.google.com/apis/api/compute.googleapis.com/overview?project=101841828420 then retry. If you enabled this API recently, wait a few minutes for the action to propagate to our systems and retry."},{"@type":"type.googleapis.com/google.rpc.Help","links":[{"description":"Google developers console API activation","url":"https://console.developers.google.com/apis/api/compute.googleapis.com/overview?project=101841828420"}]}]}},"response":{"statusCode":403}},"exit":1,"message":"Request to https://compute.googleapis.com/compute/v1/projects/101841828420 had HTTP Error: 403, Compute Engine API has not been used in project 101841828420 before or it is disabled. Enable it by visiting https://console.developers.google.com/apis/api/compute.googleapis.com/overview?project=101841828420 then retry. If you enabled this API recently, wait a few minutes for the action to propagate to our systems and retry.","status":403}
[debug] [2025-12-03T18:46:08.100Z] Checked if tokens are valid: true, expires at: 1764789425255
[debug] [2025-12-03T18:46:08.100Z] Checked if tokens are valid: true, expires at: 1764789425255
[debug] [2025-12-03T18:46:08.100Z] >>> [apiv2][query] GET https://compute.googleapis.com/compute/v1/projects/101841828420 [none]
[debug] [2025-12-03T18:46:08.360Z] <<< [apiv2][status] GET https://compute.googleapis.com/compute/v1/projects/101841828420 403
[debug] [2025-12-03T18:46:08.361Z] <<< [apiv2][body] GET https://compute.googleapis.com/compute/v1/projects/101841828420 {"error":{"code":403,"message":"Compute Engine API has not been used in project 101841828420 before or it is disabled. Enable it by visiting https://console.developers.google.com/apis/api/compute.googleapis.com/overview?project=101841828420 then retry. If you enabled this API recently, wait a few minutes for the action to propagate to our systems and retry.","errors":[{"message":"Compute Engine API has not been used in project 101841828420 before or it is disabled. Enable it by visiting https://console.developers.google.com/apis/api/compute.googleapis.com/overview?project=101841828420 then retry. If you enabled this API recently, wait a few minutes for the action to propagate to our systems and retry.","domain":"usageLimits","reason":"accessNotConfigured","extendedHelp":"https://console.developers.google.com"}],"status":"PERMISSION_DENIED","details":[{"@type":"type.googleapis.com/google.rpc.ErrorInfo","reason":"SERVICE_DISABLED","domain":"googleapis.com","metadata":{"serviceTitle":"Compute Engine API","activationUrl":"https://console.developers.google.com/apis/api/compute.googleapis.com/overview?project=101841828420","service":"compute.googleapis.com","containerInfo":"101841828420","consumer":"projects/101841828420"}},{"@type":"type.googleapis.com/google.rpc.LocalizedMessage","locale":"en-US","message":"Compute Engine API has not been used in project 101841828420 before or it is disabled. Enable it by visiting https://console.developers.google.com/apis/api/compute.googleapis.com/overview?project=101841828420 then retry. If you enabled this API recently, wait a few minutes for the action to propagate to our systems and retry."},{"@type":"type.googleapis.com/google.rpc.Help","links":[{"description":"Google developers console API activation","url":"https://console.developers.google.com/apis/api/compute.googleapis.com/overview?project=101841828420"}]}]}}
[debug] [2025-12-03T18:46:08.361Z] unable to look up default compute service account. Falling back to 101841828420-compute@developer.gserviceaccount.com. Error: {"name":"FirebaseError","children":[],"context":{"body":{"error":{"code":403,"message":"Compute Engine API has not been used in project 101841828420 before or it is disabled. Enable it by visiting https://console.developers.google.com/apis/api/compute.googleapis.com/overview?project=101841828420 then retry. If you enabled this API recently, wait a few minutes for the action to propagate to our systems and retry.","errors":[{"message":"Compute Engine API has not been used in project 101841828420 before or it is disabled. Enable it by visiting https://console.developers.google.com/apis/api/compute.googleapis.com/overview?project=101841828420 then retry. If you enabled this API recently, wait a few minutes for the action to propagate to our systems and retry.","domain":"usageLimits","reason":"accessNotConfigured","extendedHelp":"https://console.developers.google.com"}],"status":"PERMISSION_DENIED","details":[{"@type":"type.googleapis.com/google.rpc.ErrorInfo","reason":"SERVICE_DISABLED","domain":"googleapis.com","metadata":{"serviceTitle":"Compute Engine API","activationUrl":"https://console.developers.google.com/apis/api/compute.googleapis.com/overview?project=101841828420","service":"compute.googleapis.com","containerInfo":"101841828420","consumer":"projects/101841828420"}},{"@type":"type.googleapis.com/google.rpc.LocalizedMessage","locale":"en-US","message":"Compute Engine API has not been used in project 101841828420 before or it is disabled. Enable it by visiting https://console.developers.google.com/apis/api/compute.googleapis.com/overview?project=101841828420 then retry. If you enabled this API recently, wait a few minutes for the action to propagate to our systems and retry."},{"@type":"type.googleapis.com/google.rpc.Help","links":[{"description":"Google developers console API activation","url":"https://console.developers.google.com/apis/api/compute.googleapis.com/overview?project=101841828420"}]}]}},"response":{"statusCode":403}},"exit":1,"message":"Request to https://compute.googleapis.com/compute/v1/projects/101841828420 had HTTP Error: 403, Compute Engine API has not been used in project 101841828420 before or it is disabled. Enable it by visiting https://console.developers.google.com/apis/api/compute.googleapis.com/overview?project=101841828420 then retry. If you enabled this API recently, wait a few minutes for the action to propagate to our systems and retry.","status":403}
[debug] [2025-12-03T18:46:08.363Z] Checked if tokens are valid: true, expires at: 1764789425255
[debug] [2025-12-03T18:46:08.363Z] Checked if tokens are valid: true, expires at: 1764789425255
[debug] [2025-12-03T18:46:08.363Z] >>> [apiv2][query] GET https://cloudbilling.googleapis.com/v1/projects/glucose-goose/billingInfo [none]
[debug] [2025-12-03T18:46:09.383Z] <<< [apiv2][status] GET https://cloudbilling.googleapis.com/v1/projects/glucose-goose/billingInfo 200
[debug] [2025-12-03T18:46:09.383Z] <<< [apiv2][body] GET https://cloudbilling.googleapis.com/v1/projects/glucose-goose/billingInfo {"name":"projects/glucose-goose/billingInfo","projectId":"glucose-goose","billingAccountName":"billingAccounts/01A486-14687E-2E4E5A","billingEnabled":true}
[debug] [2025-12-03T18:46:09.389Z] Checked if tokens are valid: true, expires at: 1764789425255
[debug] [2025-12-03T18:46:09.389Z] Checked if tokens are valid: true, expires at: 1764789425255
[debug] [2025-12-03T18:46:09.389Z] >>> [apiv2][query] POST https://cloudfunctions.googleapis.com/v2/projects/glucose-goose/locations/us-central1/functions:generateUploadUrl [none]
[debug] [2025-12-03T18:46:10.277Z] <<< [apiv2][status] POST https://cloudfunctions.googleapis.com/v2/projects/glucose-goose/locations/us-central1/functions:generateUploadUrl 200
[debug] [2025-12-03T18:46:10.277Z] <<< [apiv2][body] POST https://cloudfunctions.googleapis.com/v2/projects/glucose-goose/locations/us-central1/functions:generateUploadUrl {"uploadUrl":"https://storage.googleapis.com/gcf-v2-uploads-101841828420.us-central1.cloudfunctions.appspot.com/f58c662a-bc12-46c7-954e-84efa2918c4e.zip?GoogleAccessId=service-101841828420@gcf-admin-robot.iam.gserviceaccount.com&Expires=1764789370&Signature=KDaW3S6PkHVB7IIydAXPT99S7sFslLz7R%2Bbu9BMnQ5hYbWuHdQQaLVGiXcZekWa%2FU04gJUwpE7DqZmxCRnepbeiUnLSoIZgjyLCWQjufowrFRjNqjvRgGVauec%2BTgczsBJOm95MIlJ%2Bt1S2SZKfGCoI0ef15yDaZHW%2F0icdt2fXPXPmk6I7l7VmIgJcncjdWULkwB1wJQYqfPZWoVP69CEPGHeBgXbH4eP2K473EGtilHnaoUW1OUABzpP%2BKXUxNVa0%2FuEmbVZtZ0rF3DDUUMv54e327s8iz5tyre1csGj8XRxIn5jKw3je6bMy9WBglIK8ewA6%2BA9Hyj1Hwv%2B7Jdw%3D%3D","storageSource":{"bucket":"gcf-v2-uploads-101841828420.us-central1.cloudfunctions.appspot.com","object":"f58c662a-bc12-46c7-954e-84efa2918c4e.zip"}}
[debug] [2025-12-03T18:46:10.278Z] >>> [apiv2][query] PUT https://storage.googleapis.com/gcf-v2-uploads-101841828420.us-central1.cloudfunctions.appspot.com/f58c662a-bc12-46c7-954e-84efa2918c4e.zip GoogleAccessId=service-101841828420%40gcf-admin-robot.iam.gserviceaccount.com&Expires=1764789370&Signature=KDaW3S6PkHVB7IIydAXPT99S7sFslLz7R%2Bbu9BMnQ5hYbWuHdQQaLVGiXcZekWa%2FU04gJUwpE7DqZmxCRnepbeiUnLSoIZgjyLCWQjufowrFRjNqjvRgGVauec%2BTgczsBJOm95MIlJ%2Bt1S2SZKfGCoI0ef15yDaZHW%2F0icdt2fXPXPmk6I7l7VmIgJcncjdWULkwB1wJQYqfPZWoVP69CEPGHeBgXbH4eP2K473EGtilHnaoUW1OUABzpP%2BKXUxNVa0%2FuEmbVZtZ0rF3DDUUMv54e327s8iz5tyre1csGj8XRxIn5jKw3je6bMy9WBglIK8ewA6%2BA9Hyj1Hwv%2B7Jdw%3D%3D
[debug] [2025-12-03T18:46:10.278Z] >>> [apiv2][body] PUT https://storage.googleapis.com/gcf-v2-uploads-101841828420.us-central1.cloudfunctions.appspot.com/f58c662a-bc12-46c7-954e-84efa2918c4e.zip [stream]
[debug] [2025-12-03T18:46:11.071Z] <<< [apiv2][status] PUT https://storage.googleapis.com/gcf-v2-uploads-101841828420.us-central1.cloudfunctions.appspot.com/f58c662a-bc12-46c7-954e-84efa2918c4e.zip 200
[debug] [2025-12-03T18:46:11.071Z] <<< [apiv2][body] PUT https://storage.googleapis.com/gcf-v2-uploads-101841828420.us-central1.cloudfunctions.appspot.com/f58c662a-bc12-46c7-954e-84efa2918c4e.zip [omitted]
[info] ✔  functions: functions source uploaded successfully 
[info] i  functions: updating Node.js 24 (2nd Gen) function addTreatment(us-central1)... 
[info] i  functions: updating Node.js 24 (2nd Gen) function analyzeMeal(us-central1)... 
[info] i  functions: updating Node.js 24 (2nd Gen) function deleteTreatment(us-central1)... 
[info] i  functions: updating Node.js 24 (2nd Gen) function getNightscoutBundle(us-central1)... 
[info] i  functions: updating Node.js 24 (2nd Gen) function simulateGlucose(us-central1)... 
[info] i  functions: updating Node.js 24 (2nd Gen) function updateTreatment(us-central1)... 
[debug] [2025-12-03T18:46:11.094Z] Checked if tokens are valid: true, expires at: 1764789425255
[debug] [2025-12-03T18:46:11.094Z] Checked if tokens are valid: true, expires at: 1764789425255
[debug] [2025-12-03T18:46:11.095Z] >>> [apiv2][query] PATCH https://cloudfunctions.googleapis.com/v2/projects/glucose-goose/locations/us-central1/functions/addTreatment updateMask=name%2CbuildConfig.runtime%2CbuildConfig.entryPoint%2CbuildConfig.source.storageSource.bucket%2CbuildConfig.source.storageSource.object%2CbuildConfig.environmentVariables%2CbuildConfig.sourceToken%2CserviceConfig.environmentVariables%2CserviceConfig.ingressSettings%2CserviceConfig.timeoutSeconds%2CserviceConfig.serviceAccountEmail%2CserviceConfig.availableMemory%2CserviceConfig.minInstanceCount%2CserviceConfig.maxInstanceCount%2CserviceConfig.maxInstanceRequestConcurrency%2CserviceConfig.availableCpu%2CserviceConfig.vpcConnector%2CserviceConfig.vpcConnectorEgressSettings%2Clabels
[debug] [2025-12-03T18:46:11.095Z] >>> [apiv2][body] PATCH https://cloudfunctions.googleapis.com/v2/projects/glucose-goose/locations/us-central1/functions/addTreatment {"name":"projects/glucose-goose/locations/us-central1/functions/addTreatment","buildConfig":{"runtime":"nodejs24","entryPoint":"addTreatment","source":{"storageSource":{"bucket":"gcf-v2-uploads-101841828420.us-central1.cloudfunctions.appspot.com","object":"f58c662a-bc12-46c7-954e-84efa2918c4e.zip"}},"environmentVariables":{"GOOGLE_NODE_RUN_SCRIPTS":""}},"serviceConfig":{"environmentVariables":{"FIREBASE_CONFIG":"{\"projectId\":\"glucose-goose\",\"storageBucket\":\"glucose-goose.firebasestorage.app\"}","GCLOUD_PROJECT":"glucose-goose","EVENTARC_CLOUD_EVENT_SOURCE":"projects/glucose-goose/locations/us-central1/services/addTreatment","FUNCTION_TARGET":"addTreatment","LOG_EXECUTION_ID":"true","FUNCTION_SIGNATURE_TYPE":"http"},"ingressSettings":null,"timeoutSeconds":null,"serviceAccountEmail":null,"availableMemory":"256Mi","minInstanceCount":null,"maxInstanceCount":null,"maxInstanceRequestConcurrency":80,"availableCpu":"1","vpcConnector":null,"vpcConnectorEgressSettings":null},"labels":{"deployment-tool":"cli-firebase","firebase-functions-hash":"b9ed78d63ff27c1f699d8766eb4cdd37baf3e634"}}
[debug] [2025-12-03T18:46:12.593Z] <<< [apiv2][status] PATCH https://cloudfunctions.googleapis.com/v2/projects/glucose-goose/locations/us-central1/functions/addTreatment 200
[debug] [2025-12-03T18:46:12.593Z] <<< [apiv2][body] PATCH https://cloudfunctions.googleapis.com/v2/projects/glucose-goose/locations/us-central1/functions/addTreatment {"name":"projects/glucose-goose/locations/us-central1/operations/operation-1764787571764-64510a051adf4-aceee3fc-009c1f64","metadata":{"@type":"type.googleapis.com/google.cloud.functions.v2.OperationMetadata","createTime":"2025-12-03T18:46:12.456967169Z","target":"projects/glucose-goose/locations/us-central1/functions/addTreatment","verb":"update","cancelRequested":false,"apiVersion":"v2"},"done":false}
[debug] [2025-12-03T18:46:12.594Z] Checked if tokens are valid: true, expires at: 1764789425255
[debug] [2025-12-03T18:46:12.594Z] Checked if tokens are valid: true, expires at: 1764789425255
[debug] [2025-12-03T18:46:12.594Z] >>> [apiv2][query] GET https://cloudfunctions.googleapis.com/v2/projects/glucose-goose/locations/us-central1/operations/operation-1764787571764-64510a051adf4-aceee3fc-009c1f64 [none]
[debug] [2025-12-03T18:46:13.374Z] <<< [apiv2][status] GET https://cloudfunctions.googleapis.com/v2/projects/glucose-goose/locations/us-central1/operations/operation-1764787571764-64510a051adf4-aceee3fc-009c1f64 200
[debug] [2025-12-03T18:46:13.374Z] <<< [apiv2][body] GET https://cloudfunctions.googleapis.com/v2/projects/glucose-goose/locations/us-central1/operations/operation-1764787571764-64510a051adf4-aceee3fc-009c1f64 {"name":"projects/glucose-goose/locations/us-central1/operations/operation-1764787571764-64510a051adf4-aceee3fc-009c1f64","metadata":{"@type":"type.googleapis.com/google.cloud.functions.v2.OperationMetadata","createTime":"2025-12-03T18:46:12.456967169Z","target":"projects/glucose-goose/locations/us-central1/functions/addTreatment","verb":"update","cancelRequested":false,"apiVersion":"v2","requestResource":{"@type":"type.googleapis.com/google.cloud.functions.v2.Function","name":"projects/glucose-goose/locations/us-central1/functions/addTreatment","buildConfig":{"runtime":"nodejs24","entryPoint":"addTreatment","source":{"storageSource":{"bucket":"gcf-v2-sources-101841828420-us-central1","object":"addTreatment/function-source.zip","generation":"1764787572404313"}},"environmentVariables":{"GOOGLE_NODE_RUN_SCRIPTS":""},"dockerRepository":"projects/glucose-goose/locations/us-central1/repositories/gcf-artifacts","serviceAccount":"projects/glucose-goose/serviceAccounts/101841828420-compute@developer.gserviceaccount.com","automaticUpdatePolicy":{}},"serviceConfig":{"service":"projects/glucose-goose/locations/us-central1/services/addtreatment","timeoutSeconds":60,"environmentVariables":{"FIREBASE_CONFIG":"{\"projectId\":\"glucose-goose\",\"storageBucket\":\"glucose-goose.firebasestorage.app\"}","GCLOUD_PROJECT":"glucose-goose","EVENTARC_CLOUD_EVENT_SOURCE":"projects/glucose-goose/locations/us-central1/services/addTreatment","FUNCTION_TARGET":"addTreatment","LOG_EXECUTION_ID":"true","FUNCTION_SIGNATURE_TYPE":"http"},"ingressSettings":"ALLOW_ALL","uri":"https://addtreatment-ft7us77rra-uc.a.run.app","serviceAccountEmail":"101841828420-compute@developer.gserviceaccount.com","availableMemory":"256Mi","allTrafficOnLatestRevision":true,"revision":"addtreatment-00021-sul","maxInstanceRequestConcurrency":80,"availableCpu":"1"},"state":"ACTIVE","labels":{"deployment-tool":"cli-firebase","firebase-functions-hash":"b9ed78d63ff27c1f699d8766eb4cdd37baf3e634"},"environment":"GEN_2","url":"https://us-central1-glucose-goose.cloudfunctions.net/addTreatment","satisfiesPzi":true},"stages":[{"name":"BUILD","message":"Creating build","state":"IN_PROGRESS","resource":"projects/101841828420/locations/us-central1/builds/f1aa918e-89ee-42d9-8a1c-855e2973779a","resourceUri":"https://console.cloud.google.com/cloud-build/builds;region=us-central1/f1aa918e-89ee-42d9-8a1c-855e2973779a?project=101841828420"},{"name":"SERVICE","state":"NOT_STARTED"}],"operationType":"UPDATE_FUNCTION","buildName":"projects/101841828420/locations/us-central1/builds/f1aa918e-89ee-42d9-8a1c-855e2973779a"},"done":false}
[debug] [2025-12-03T18:46:13.876Z] [update-default-us-central1-addTreatment] Retrying task index 0
[debug] [2025-12-03T18:46:13.877Z] Checked if tokens are valid: true, expires at: 1764789425255
[debug] [2025-12-03T18:46:13.877Z] Checked if tokens are valid: true, expires at: 1764789425255
[debug] [2025-12-03T18:46:13.877Z] >>> [apiv2][query] GET https://cloudfunctions.googleapis.com/v2/projects/glucose-goose/locations/us-central1/operations/operation-1764787571764-64510a051adf4-aceee3fc-009c1f64 [none]
[debug] [2025-12-03T18:46:14.653Z] <<< [apiv2][status] GET https://cloudfunctions.googleapis.com/v2/projects/glucose-goose/locations/us-central1/operations/operation-1764787571764-64510a051adf4-aceee3fc-009c1f64 200
[debug] [2025-12-03T18:46:14.653Z] <<< [apiv2][body] GET https://cloudfunctions.googleapis.com/v2/projects/glucose-goose/locations/us-central1/operations/operation-1764787571764-64510a051adf4-aceee3fc-009c1f64 {"name":"projects/glucose-goose/locations/us-central1/operations/operation-1764787571764-64510a051adf4-aceee3fc-009c1f64","metadata":{"@type":"type.googleapis.com/google.cloud.functions.v2.OperationMetadata","createTime":"2025-12-03T18:46:12.456967169Z","target":"projects/glucose-goose/locations/us-central1/functions/addTreatment","verb":"update","cancelRequested":false,"apiVersion":"v2","requestResource":{"@type":"type.googleapis.com/google.cloud.functions.v2.Function","name":"projects/glucose-goose/locations/us-central1/functions/addTreatment","buildConfig":{"runtime":"nodejs24","entryPoint":"addTreatment","source":{"storageSource":{"bucket":"gcf-v2-sources-101841828420-us-central1","object":"addTreatment/function-source.zip","generation":"1764787572404313"}},"environmentVariables":{"GOOGLE_NODE_RUN_SCRIPTS":""},"dockerRepository":"projects/glucose-goose/locations/us-central1/repositories/gcf-artifacts","serviceAccount":"projects/glucose-goose/serviceAccounts/101841828420-compute@developer.gserviceaccount.com","automaticUpdatePolicy":{}},"serviceConfig":{"service":"projects/glucose-goose/locations/us-central1/services/addtreatment","timeoutSeconds":60,"environmentVariables":{"FIREBASE_CONFIG":"{\"projectId\":\"glucose-goose\",\"storageBucket\":\"glucose-goose.firebasestorage.app\"}","GCLOUD_PROJECT":"glucose-goose","EVENTARC_CLOUD_EVENT_SOURCE":"projects/glucose-goose/locations/us-central1/services/addTreatment","FUNCTION_TARGET":"addTreatment","LOG_EXECUTION_ID":"true","FUNCTION_SIGNATURE_TYPE":"http"},"ingressSettings":"ALLOW_ALL","uri":"https://addtreatment-ft7us77rra-uc.a.run.app","serviceAccountEmail":"101841828420-compute@developer.gserviceaccount.com","availableMemory":"256Mi","allTrafficOnLatestRevision":true,"revision":"addtreatment-00021-sul","maxInstanceRequestConcurrency":80,"availableCpu":"1"},"state":"ACTIVE","labels":{"deployment-tool":"cli-firebase","firebase-functions-hash":"b9ed78d63ff27c1f699d8766eb4cdd37baf3e634"},"environment":"GEN_2","url":"https://us-central1-glucose-goose.cloudfunctions.net/addTreatment","satisfiesPzi":true},"stages":[{"name":"BUILD","message":"Build in progress","state":"IN_PROGRESS","resource":"projects/101841828420/locations/us-central1/builds/f1aa918e-89ee-42d9-8a1c-855e2973779a","resourceUri":"https://console.cloud.google.com/cloud-build/builds;region=us-central1/f1aa918e-89ee-42d9-8a1c-855e2973779a?project=101841828420"},{"name":"SERVICE","state":"NOT_STARTED"}],"operationType":"UPDATE_FUNCTION","buildName":"projects/101841828420/locations/us-central1/builds/f1aa918e-89ee-42d9-8a1c-855e2973779a"},"done":false}
[debug] [2025-12-03T18:46:15.654Z] [update-default-us-central1-addTreatment] Retrying task index 0
[debug] [2025-12-03T18:46:15.655Z] Checked if tokens are valid: true, expires at: 1764789425255
[debug] [2025-12-03T18:46:15.656Z] Checked if tokens are valid: true, expires at: 1764789425255
[debug] [2025-12-03T18:46:15.656Z] >>> [apiv2][query] GET https://cloudfunctions.googleapis.com/v2/projects/glucose-goose/locations/us-central1/operations/operation-1764787571764-64510a051adf4-aceee3fc-009c1f64 [none]
[debug] [2025-12-03T18:46:16.467Z] <<< [apiv2][status] GET https://cloudfunctions.googleapis.com/v2/projects/glucose-goose/locations/us-central1/operations/operation-1764787571764-64510a051adf4-aceee3fc-009c1f64 200
[debug] [2025-12-03T18:46:16.468Z] <<< [apiv2][body] GET https://cloudfunctions.googleapis.com/v2/projects/glucose-goose/locations/us-central1/operations/operation-1764787571764-64510a051adf4-aceee3fc-009c1f64 {"name":"projects/glucose-goose/locations/us-central1/operations/operation-1764787571764-64510a051adf4-aceee3fc-009c1f64","metadata":{"@type":"type.googleapis.com/google.cloud.functions.v2.OperationMetadata","createTime":"2025-12-03T18:46:12.456967169Z","target":"projects/glucose-goose/locations/us-central1/functions/addTreatment","verb":"update","cancelRequested":false,"apiVersion":"v2","requestResource":{"@type":"type.googleapis.com/google.cloud.functions.v2.Function","name":"projects/glucose-goose/locations/us-central1/functions/addTreatment","buildConfig":{"runtime":"nodejs24","entryPoint":"addTreatment","source":{"storageSource":{"bucket":"gcf-v2-sources-101841828420-us-central1","object":"addTreatment/function-source.zip","generation":"1764787572404313"}},"environmentVariables":{"GOOGLE_NODE_RUN_SCRIPTS":""},"dockerRepository":"projects/glucose-goose/locations/us-central1/repositories/gcf-artifacts","serviceAccount":"projects/glucose-goose/serviceAccounts/101841828420-compute@developer.gserviceaccount.com","automaticUpdatePolicy":{}},"serviceConfig":{"service":"projects/glucose-goose/locations/us-central1/services/addtreatment","timeoutSeconds":60,"environmentVariables":{"FIREBASE_CONFIG":"{\"projectId\":\"glucose-goose\",\"storageBucket\":\"glucose-goose.firebasestorage.app\"}","GCLOUD_PROJECT":"glucose-goose","EVENTARC_CLOUD_EVENT_SOURCE":"projects/glucose-goose/locations/us-central1/services/addTreatment","FUNCTION_TARGET":"addTreatment","LOG_EXECUTION_ID":"true","FUNCTION_SIGNATURE_TYPE":"http"},"ingressSettings":"ALLOW_ALL","uri":"https://addtreatment-ft7us77rra-uc.a.run.app","serviceAccountEmail":"101841828420-compute@developer.gserviceaccount.com","availableMemory":"256Mi","allTrafficOnLatestRevision":true,"revision":"addtreatment-00021-sul","maxInstanceRequestConcurrency":80,"availableCpu":"1"},"state":"ACTIVE","labels":{"deployment-tool":"cli-firebase","firebase-functions-hash":"b9ed78d63ff27c1f699d8766eb4cdd37baf3e634"},"environment":"GEN_2","url":"https://us-central1-glucose-goose.cloudfunctions.net/addTreatment","satisfiesPzi":true},"stages":[{"name":"BUILD","message":"Build in progress","state":"IN_PROGRESS","resource":"projects/101841828420/locations/us-central1/builds/f1aa918e-89ee-42d9-8a1c-855e2973779a","resourceUri":"https://console.cloud.google.com/cloud-build/builds;region=us-central1/f1aa918e-89ee-42d9-8a1c-855e2973779a?project=101841828420"},{"name":"SERVICE","state":"NOT_STARTED"}],"operationType":"UPDATE_FUNCTION","buildName":"projects/101841828420/locations/us-central1/builds/f1aa918e-89ee-42d9-8a1c-855e2973779a"},"done":false}
[debug] [2025-12-03T18:46:18.470Z] [update-default-us-central1-addTreatment] Retrying task index 0
[debug] [2025-12-03T18:46:18.472Z] Checked if tokens are valid: true, expires at: 1764789425255
[debug] [2025-12-03T18:46:18.472Z] Checked if tokens are valid: true, expires at: 1764789425255
[debug] [2025-12-03T18:46:18.473Z] >>> [apiv2][query] GET https://cloudfunctions.googleapis.com/v2/projects/glucose-goose/locations/us-central1/operations/operation-1764787571764-64510a051adf4-aceee3fc-009c1f64 [none]
[debug] [2025-12-03T18:46:19.253Z] <<< [apiv2][status] GET https://cloudfunctions.googleapis.com/v2/projects/glucose-goose/locations/us-central1/operations/operation-1764787571764-64510a051adf4-aceee3fc-009c1f64 200
[debug] [2025-12-03T18:46:19.254Z] <<< [apiv2][body] GET https://cloudfunctions.googleapis.com/v2/projects/glucose-goose/locations/us-central1/operations/operation-1764787571764-64510a051adf4-aceee3fc-009c1f64 {"name":"projects/glucose-goose/locations/us-central1/operations/operation-1764787571764-64510a051adf4-aceee3fc-009c1f64","metadata":{"@type":"type.googleapis.com/google.cloud.functions.v2.OperationMetadata","createTime":"2025-12-03T18:46:12.456967169Z","target":"projects/glucose-goose/locations/us-central1/functions/addTreatment","verb":"update","cancelRequested":false,"apiVersion":"v2","requestResource":{"@type":"type.googleapis.com/google.cloud.functions.v2.Function","name":"projects/glucose-goose/locations/us-central1/functions/addTreatment","buildConfig":{"runtime":"nodejs24","entryPoint":"addTreatment","source":{"storageSource":{"bucket":"gcf-v2-sources-101841828420-us-central1","object":"addTreatment/function-source.zip","generation":"1764787572404313"}},"environmentVariables":{"GOOGLE_NODE_RUN_SCRIPTS":""},"dockerRepository":"projects/glucose-goose/locations/us-central1/repositories/gcf-artifacts","serviceAccount":"projects/glucose-goose/serviceAccounts/101841828420-compute@developer.gserviceaccount.com","automaticUpdatePolicy":{}},"serviceConfig":{"service":"projects/glucose-goose/locations/us-central1/services/addtreatment","timeoutSeconds":60,"environmentVariables":{"FIREBASE_CONFIG":"{\"projectId\":\"glucose-goose\",\"storageBucket\":\"glucose-goose.firebasestorage.app\"}","GCLOUD_PROJECT":"glucose-goose","EVENTARC_CLOUD_EVENT_SOURCE":"projects/glucose-goose/locations/us-central1/services/addTreatment","FUNCTION_TARGET":"addTreatment","LOG_EXECUTION_ID":"true","FUNCTION_SIGNATURE_TYPE":"http"},"ingressSettings":"ALLOW_ALL","uri":"https://addtreatment-ft7us77rra-uc.a.run.app","serviceAccountEmail":"101841828420-compute@developer.gserviceaccount.com","availableMemory":"256Mi","allTrafficOnLatestRevision":true,"revision":"addtreatment-00021-sul","maxInstanceRequestConcurrency":80,"availableCpu":"1"},"state":"ACTIVE","labels":{"deployment-tool":"cli-firebase","firebase-functions-hash":"b9ed78d63ff27c1f699d8766eb4cdd37baf3e634"},"environment":"GEN_2","url":"https://us-central1-glucose-goose.cloudfunctions.net/addTreatment","satisfiesPzi":true},"stages":[{"name":"BUILD","message":"Build in progress","state":"IN_PROGRESS","resource":"projects/101841828420/locations/us-central1/builds/f1aa918e-89ee-42d9-8a1c-855e2973779a","resourceUri":"https://console.cloud.google.com/cloud-build/builds;region=us-central1/f1aa918e-89ee-42d9-8a1c-855e2973779a?project=101841828420"},{"name":"SERVICE","state":"NOT_STARTED"}],"operationType":"UPDATE_FUNCTION","buildName":"projects/101841828420/locations/us-central1/builds/f1aa918e-89ee-42d9-8a1c-855e2973779a"},"done":false}
[debug] [2025-12-03T18:46:23.257Z] [update-default-us-central1-addTreatment] Retrying task index 0
[debug] [2025-12-03T18:46:23.258Z] Checked if tokens are valid: true, expires at: 1764789425255
[debug] [2025-12-03T18:46:23.258Z] Checked if tokens are valid: true, expires at: 1764789425255
[debug] [2025-12-03T18:46:23.259Z] >>> [apiv2][query] GET https://cloudfunctions.googleapis.com/v2/projects/glucose-goose/locations/us-central1/operations/operation-1764787571764-64510a051adf4-aceee3fc-009c1f64 [none]
[debug] [2025-12-03T18:46:24.021Z] <<< [apiv2][status] GET https://cloudfunctions.googleapis.com/v2/projects/glucose-goose/locations/us-central1/operations/operation-1764787571764-64510a051adf4-aceee3fc-009c1f64 200
[debug] [2025-12-03T18:46:24.022Z] <<< [apiv2][body] GET https://cloudfunctions.googleapis.com/v2/projects/glucose-goose/locations/us-central1/operations/operation-1764787571764-64510a051adf4-aceee3fc-009c1f64 {"name":"projects/glucose-goose/locations/us-central1/operations/operation-1764787571764-64510a051adf4-aceee3fc-009c1f64","metadata":{"@type":"type.googleapis.com/google.cloud.functions.v2.OperationMetadata","createTime":"2025-12-03T18:46:12.456967169Z","target":"projects/glucose-goose/locations/us-central1/functions/addTreatment","verb":"update","cancelRequested":false,"apiVersion":"v2","requestResource":{"@type":"type.googleapis.com/google.cloud.functions.v2.Function","name":"projects/glucose-goose/locations/us-central1/functions/addTreatment","buildConfig":{"runtime":"nodejs24","entryPoint":"addTreatment","source":{"storageSource":{"bucket":"gcf-v2-sources-101841828420-us-central1","object":"addTreatment/function-source.zip","generation":"1764787572404313"}},"environmentVariables":{"GOOGLE_NODE_RUN_SCRIPTS":""},"dockerRepository":"projects/glucose-goose/locations/us-central1/repositories/gcf-artifacts","serviceAccount":"projects/glucose-goose/serviceAccounts/101841828420-compute@developer.gserviceaccount.com","automaticUpdatePolicy":{}},"serviceConfig":{"service":"projects/glucose-goose/locations/us-central1/services/addtreatment","timeoutSeconds":60,"environmentVariables":{"FIREBASE_CONFIG":"{\"projectId\":\"glucose-goose\",\"storageBucket\":\"glucose-goose.firebasestorage.app\"}","GCLOUD_PROJECT":"glucose-goose","EVENTARC_CLOUD_EVENT_SOURCE":"projects/glucose-goose/locations/us-central1/services/addTreatment","FUNCTION_TARGET":"addTreatment","LOG_EXECUTION_ID":"true","FUNCTION_SIGNATURE_TYPE":"http"},"ingressSettings":"ALLOW_ALL","uri":"https://addtreatment-ft7us77rra-uc.a.run.app","serviceAccountEmail":"101841828420-compute@developer.gserviceaccount.com","availableMemory":"256Mi","allTrafficOnLatestRevision":true,"revision":"addtreatment-00021-sul","maxInstanceRequestConcurrency":80,"availableCpu":"1"},"state":"ACTIVE","labels":{"deployment-tool":"cli-firebase","firebase-functions-hash":"b9ed78d63ff27c1f699d8766eb4cdd37baf3e634"},"environment":"GEN_2","url":"https://us-central1-glucose-goose.cloudfunctions.net/addTreatment","satisfiesPzi":true},"stages":[{"name":"BUILD","message":"Build in progress","state":"IN_PROGRESS","resource":"projects/101841828420/locations/us-central1/builds/f1aa918e-89ee-42d9-8a1c-855e2973779a","resourceUri":"https://console.cloud.google.com/cloud-build/builds;region=us-central1/f1aa918e-89ee-42d9-8a1c-855e2973779a?project=101841828420"},{"name":"SERVICE","state":"NOT_STARTED"}],"operationType":"UPDATE_FUNCTION","buildName":"projects/101841828420/locations/us-central1/builds/f1aa918e-89ee-42d9-8a1c-855e2973779a"},"done":false}
[debug] [2025-12-03T18:46:32.025Z] [update-default-us-central1-addTreatment] Retrying task index 0
[debug] [2025-12-03T18:46:32.026Z] Checked if tokens are valid: true, expires at: 1764789425255
[debug] [2025-12-03T18:46:32.026Z] Checked if tokens are valid: true, expires at: 1764789425255
[debug] [2025-12-03T18:46:32.027Z] >>> [apiv2][query] GET https://cloudfunctions.googleapis.com/v2/projects/glucose-goose/locations/us-central1/operations/operation-1764787571764-64510a051adf4-aceee3fc-009c1f64 [none]
[debug] [2025-12-03T18:46:32.914Z] <<< [apiv2][status] GET https://cloudfunctions.googleapis.com/v2/projects/glucose-goose/locations/us-central1/operations/operation-1764787571764-64510a051adf4-aceee3fc-009c1f64 200
[debug] [2025-12-03T18:46:32.914Z] <<< [apiv2][body] GET https://cloudfunctions.googleapis.com/v2/projects/glucose-goose/locations/us-central1/operations/operation-1764787571764-64510a051adf4-aceee3fc-009c1f64 {"name":"projects/glucose-goose/locations/us-central1/operations/operation-1764787571764-64510a051adf4-aceee3fc-009c1f64","metadata":{"@type":"type.googleapis.com/google.cloud.functions.v2.OperationMetadata","createTime":"2025-12-03T18:46:12.456967169Z","target":"projects/glucose-goose/locations/us-central1/functions/addTreatment","verb":"update","cancelRequested":false,"apiVersion":"v2","requestResource":{"@type":"type.googleapis.com/google.cloud.functions.v2.Function","name":"projects/glucose-goose/locations/us-central1/functions/addTreatment","buildConfig":{"runtime":"nodejs24","entryPoint":"addTreatment","source":{"storageSource":{"bucket":"gcf-v2-sources-101841828420-us-central1","object":"addTreatment/function-source.zip","generation":"1764787572404313"}},"environmentVariables":{"GOOGLE_NODE_RUN_SCRIPTS":""},"dockerRepository":"projects/glucose-goose/locations/us-central1/repositories/gcf-artifacts","serviceAccount":"projects/glucose-goose/serviceAccounts/101841828420-compute@developer.gserviceaccount.com","automaticUpdatePolicy":{}},"serviceConfig":{"service":"projects/glucose-goose/locations/us-central1/services/addtreatment","timeoutSeconds":60,"environmentVariables":{"FIREBASE_CONFIG":"{\"projectId\":\"glucose-goose\",\"storageBucket\":\"glucose-goose.firebasestorage.app\"}","GCLOUD_PROJECT":"glucose-goose","EVENTARC_CLOUD_EVENT_SOURCE":"projects/glucose-goose/locations/us-central1/services/addTreatment","FUNCTION_TARGET":"addTreatment","LOG_EXECUTION_ID":"true","FUNCTION_SIGNATURE_TYPE":"http"},"ingressSettings":"ALLOW_ALL","uri":"https://addtreatment-ft7us77rra-uc.a.run.app","serviceAccountEmail":"101841828420-compute@developer.gserviceaccount.com","availableMemory":"256Mi","allTrafficOnLatestRevision":true,"revision":"addtreatment-00021-sul","maxInstanceRequestConcurrency":80,"availableCpu":"1"},"state":"ACTIVE","labels":{"deployment-tool":"cli-firebase","firebase-functions-hash":"b9ed78d63ff27c1f699d8766eb4cdd37baf3e634"},"environment":"GEN_2","url":"https://us-central1-glucose-goose.cloudfunctions.net/addTreatment","satisfiesPzi":true},"stages":[{"name":"BUILD","message":"Build in progress","state":"IN_PROGRESS","resource":"projects/101841828420/locations/us-central1/builds/f1aa918e-89ee-42d9-8a1c-855e2973779a","resourceUri":"https://console.cloud.google.com/cloud-build/builds;region=us-central1/f1aa918e-89ee-42d9-8a1c-855e2973779a?project=101841828420"},{"name":"SERVICE","state":"NOT_STARTED"}],"operationType":"UPDATE_FUNCTION","buildName":"projects/101841828420/locations/us-central1/builds/f1aa918e-89ee-42d9-8a1c-855e2973779a"},"done":false}
[debug] [2025-12-03T18:46:42.919Z] [update-default-us-central1-addTreatment] Retrying task index 0
[debug] [2025-12-03T18:46:42.920Z] Checked if tokens are valid: true, expires at: 1764789425255
[debug] [2025-12-03T18:46:42.920Z] Checked if tokens are valid: true, expires at: 1764789425255
[debug] [2025-12-03T18:46:42.921Z] >>> [apiv2][query] GET https://cloudfunctions.googleapis.com/v2/projects/glucose-goose/locations/us-central1/operations/operation-1764787571764-64510a051adf4-aceee3fc-009c1f64 [none]
[debug] [2025-12-03T18:46:43.843Z] <<< [apiv2][status] GET https://cloudfunctions.googleapis.com/v2/projects/glucose-goose/locations/us-central1/operations/operation-1764787571764-64510a051adf4-aceee3fc-009c1f64 200
[debug] [2025-12-03T18:46:43.844Z] <<< [apiv2][body] GET https://cloudfunctions.googleapis.com/v2/projects/glucose-goose/locations/us-central1/operations/operation-1764787571764-64510a051adf4-aceee3fc-009c1f64 {"name":"projects/glucose-goose/locations/us-central1/operations/operation-1764787571764-64510a051adf4-aceee3fc-009c1f64","metadata":{"@type":"type.googleapis.com/google.cloud.functions.v2.OperationMetadata","createTime":"2025-12-03T18:46:12.456967169Z","target":"projects/glucose-goose/locations/us-central1/functions/addTreatment","verb":"update","cancelRequested":false,"apiVersion":"v2","requestResource":{"@type":"type.googleapis.com/google.cloud.functions.v2.Function","name":"projects/glucose-goose/locations/us-central1/functions/addTreatment","buildConfig":{"runtime":"nodejs24","entryPoint":"addTreatment","source":{"storageSource":{"bucket":"gcf-v2-sources-101841828420-us-central1","object":"addTreatment/function-source.zip","generation":"1764787572404313"}},"environmentVariables":{"GOOGLE_NODE_RUN_SCRIPTS":""},"dockerRepository":"projects/glucose-goose/locations/us-central1/repositories/gcf-artifacts","serviceAccount":"projects/glucose-goose/serviceAccounts/101841828420-compute@developer.gserviceaccount.com","automaticUpdatePolicy":{}},"serviceConfig":{"service":"projects/glucose-goose/locations/us-central1/services/addtreatment","timeoutSeconds":60,"environmentVariables":{"FIREBASE_CONFIG":"{\"projectId\":\"glucose-goose\",\"storageBucket\":\"glucose-goose.firebasestorage.app\"}","GCLOUD_PROJECT":"glucose-goose","EVENTARC_CLOUD_EVENT_SOURCE":"projects/glucose-goose/locations/us-central1/services/addTreatment","FUNCTION_TARGET":"addTreatment","LOG_EXECUTION_ID":"true","FUNCTION_SIGNATURE_TYPE":"http"},"ingressSettings":"ALLOW_ALL","uri":"https://addtreatment-ft7us77rra-uc.a.run.app","serviceAccountEmail":"101841828420-compute@developer.gserviceaccount.com","availableMemory":"256Mi","allTrafficOnLatestRevision":true,"revision":"addtreatment-00021-sul","maxInstanceRequestConcurrency":80,"availableCpu":"1"},"state":"ACTIVE","labels":{"deployment-tool":"cli-firebase","firebase-functions-hash":"b9ed78d63ff27c1f699d8766eb4cdd37baf3e634"},"environment":"GEN_2","url":"https://us-central1-glucose-goose.cloudfunctions.net/addTreatment","satisfiesPzi":true},"stages":[{"name":"BUILD","message":"Build in progress","state":"IN_PROGRESS","resource":"projects/101841828420/locations/us-central1/builds/f1aa918e-89ee-42d9-8a1c-855e2973779a","resourceUri":"https://console.cloud.google.com/cloud-build/builds;region=us-central1/f1aa918e-89ee-42d9-8a1c-855e2973779a?project=101841828420"},{"name":"SERVICE","state":"NOT_STARTED"}],"operationType":"UPDATE_FUNCTION","buildName":"projects/101841828420/locations/us-central1/builds/f1aa918e-89ee-42d9-8a1c-855e2973779a"},"done":false}
[debug] [2025-12-03T18:46:53.849Z] [update-default-us-central1-addTreatment] Retrying task index 0
[debug] [2025-12-03T18:46:53.850Z] Checked if tokens are valid: true, expires at: 1764789425255
[debug] [2025-12-03T18:46:53.850Z] Checked if tokens are valid: true, expires at: 1764789425255
[debug] [2025-12-03T18:46:53.850Z] >>> [apiv2][query] GET https://cloudfunctions.googleapis.com/v2/projects/glucose-goose/locations/us-central1/operations/operation-1764787571764-64510a051adf4-aceee3fc-009c1f64 [none]
[debug] [2025-12-03T18:46:54.826Z] <<< [apiv2][status] GET https://cloudfunctions.googleapis.com/v2/projects/glucose-goose/locations/us-central1/operations/operation-1764787571764-64510a051adf4-aceee3fc-009c1f64 200
[debug] [2025-12-03T18:46:54.827Z] <<< [apiv2][body] GET https://cloudfunctions.googleapis.com/v2/projects/glucose-goose/locations/us-central1/operations/operation-1764787571764-64510a051adf4-aceee3fc-009c1f64 {"name":"projects/glucose-goose/locations/us-central1/operations/operation-1764787571764-64510a051adf4-aceee3fc-009c1f64","metadata":{"@type":"type.googleapis.com/google.cloud.functions.v2.OperationMetadata","createTime":"2025-12-03T18:46:12.456967169Z","target":"projects/glucose-goose/locations/us-central1/functions/addTreatment","verb":"update","cancelRequested":false,"apiVersion":"v2","requestResource":{"@type":"type.googleapis.com/google.cloud.functions.v2.Function","name":"projects/glucose-goose/locations/us-central1/functions/addTreatment","buildConfig":{"runtime":"nodejs24","entryPoint":"addTreatment","source":{"storageSource":{"bucket":"gcf-v2-sources-101841828420-us-central1","object":"addTreatment/function-source.zip","generation":"1764787572404313"}},"environmentVariables":{"GOOGLE_NODE_RUN_SCRIPTS":""},"dockerRepository":"projects/glucose-goose/locations/us-central1/repositories/gcf-artifacts","serviceAccount":"projects/glucose-goose/serviceAccounts/101841828420-compute@developer.gserviceaccount.com","automaticUpdatePolicy":{}},"serviceConfig":{"service":"projects/glucose-goose/locations/us-central1/services/addtreatment","timeoutSeconds":60,"environmentVariables":{"FIREBASE_CONFIG":"{\"projectId\":\"glucose-goose\",\"storageBucket\":\"glucose-goose.firebasestorage.app\"}","GCLOUD_PROJECT":"glucose-goose","EVENTARC_CLOUD_EVENT_SOURCE":"projects/glucose-goose/locations/us-central1/services/addTreatment","FUNCTION_TARGET":"addTreatment","LOG_EXECUTION_ID":"true","FUNCTION_SIGNATURE_TYPE":"http"},"ingressSettings":"ALLOW_ALL","uri":"https://addtreatment-ft7us77rra-uc.a.run.app","serviceAccountEmail":"101841828420-compute@developer.gserviceaccount.com","availableMemory":"256Mi","allTrafficOnLatestRevision":true,"revision":"addtreatment-00021-sul","maxInstanceRequestConcurrency":80,"availableCpu":"1"},"state":"ACTIVE","labels":{"deployment-tool":"cli-firebase","firebase-functions-hash":"b9ed78d63ff27c1f699d8766eb4cdd37baf3e634"},"environment":"GEN_2","url":"https://us-central1-glucose-goose.cloudfunctions.net/addTreatment","satisfiesPzi":true},"stages":[{"name":"BUILD","message":"Build in progress","state":"IN_PROGRESS","resource":"projects/101841828420/locations/us-central1/builds/f1aa918e-89ee-42d9-8a1c-855e2973779a","resourceUri":"https://console.cloud.google.com/cloud-build/builds;region=us-central1/f1aa918e-89ee-42d9-8a1c-855e2973779a?project=101841828420"},{"name":"SERVICE","state":"NOT_STARTED"}],"operationType":"UPDATE_FUNCTION","buildName":"projects/101841828420/locations/us-central1/builds/f1aa918e-89ee-42d9-8a1c-855e2973779a"},"done":false}
[debug] [2025-12-03T18:47:04.832Z] [update-default-us-central1-addTreatment] Retrying task index 0
[debug] [2025-12-03T18:47:04.833Z] Checked if tokens are valid: true, expires at: 1764789425255
[debug] [2025-12-03T18:47:04.833Z] Checked if tokens are valid: true, expires at: 1764789425255
[debug] [2025-12-03T18:47:04.834Z] >>> [apiv2][query] GET https://cloudfunctions.googleapis.com/v2/projects/glucose-goose/locations/us-central1/operations/operation-1764787571764-64510a051adf4-aceee3fc-009c1f64 [none]
[debug] [2025-12-03T18:47:05.769Z] <<< [apiv2][status] GET https://cloudfunctions.googleapis.com/v2/projects/glucose-goose/locations/us-central1/operations/operation-1764787571764-64510a051adf4-aceee3fc-009c1f64 200
[debug] [2025-12-03T18:47:05.770Z] <<< [apiv2][body] GET https://cloudfunctions.googleapis.com/v2/projects/glucose-goose/locations/us-central1/operations/operation-1764787571764-64510a051adf4-aceee3fc-009c1f64 {"name":"projects/glucose-goose/locations/us-central1/operations/operation-1764787571764-64510a051adf4-aceee3fc-009c1f64","metadata":{"@type":"type.googleapis.com/google.cloud.functions.v2.OperationMetadata","createTime":"2025-12-03T18:46:12.456967169Z","target":"projects/glucose-goose/locations/us-central1/functions/addTreatment","verb":"update","cancelRequested":false,"apiVersion":"v2","requestResource":{"@type":"type.googleapis.com/google.cloud.functions.v2.Function","name":"projects/glucose-goose/locations/us-central1/functions/addTreatment","buildConfig":{"runtime":"nodejs24","entryPoint":"addTreatment","source":{"storageSource":{"bucket":"gcf-v2-sources-101841828420-us-central1","object":"addTreatment/function-source.zip","generation":"1764787572404313"}},"environmentVariables":{"GOOGLE_NODE_RUN_SCRIPTS":""},"dockerRepository":"projects/glucose-goose/locations/us-central1/repositories/gcf-artifacts","serviceAccount":"projects/glucose-goose/serviceAccounts/101841828420-compute@developer.gserviceaccount.com","automaticUpdatePolicy":{}},"serviceConfig":{"service":"projects/glucose-goose/locations/us-central1/services/addtreatment","timeoutSeconds":60,"environmentVariables":{"FIREBASE_CONFIG":"{\"projectId\":\"glucose-goose\",\"storageBucket\":\"glucose-goose.firebasestorage.app\"}","GCLOUD_PROJECT":"glucose-goose","EVENTARC_CLOUD_EVENT_SOURCE":"projects/glucose-goose/locations/us-central1/services/addTreatment","FUNCTION_TARGET":"addTreatment","LOG_EXECUTION_ID":"true","FUNCTION_SIGNATURE_TYPE":"http"},"ingressSettings":"ALLOW_ALL","uri":"https://addtreatment-ft7us77rra-uc.a.run.app","serviceAccountEmail":"101841828420-compute@developer.gserviceaccount.com","availableMemory":"256Mi","allTrafficOnLatestRevision":true,"revision":"addtreatment-00021-sul","maxInstanceRequestConcurrency":80,"availableCpu":"1"},"state":"ACTIVE","labels":{"deployment-tool":"cli-firebase","firebase-functions-hash":"b9ed78d63ff27c1f699d8766eb4cdd37baf3e634"},"environment":"GEN_2","url":"https://us-central1-glucose-goose.cloudfunctions.net/addTreatment","satisfiesPzi":true},"stages":[{"name":"BUILD","message":"Build finished","state":"COMPLETE","resource":"projects/101841828420/locations/us-central1/builds/f1aa918e-89ee-42d9-8a1c-855e2973779a","resourceUri":"https://console.cloud.google.com/cloud-build/builds;region=us-central1/f1aa918e-89ee-42d9-8a1c-855e2973779a?project=101841828420"},{"name":"SERVICE","message":"Updating Cloud Run service","state":"IN_PROGRESS","resource":"projects/glucose-goose/locations/us-central1/services/addtreatment","resourceUri":"https://console.cloud.google.com/run/detail/us-central1/addtreatment?project=glucose-goose","stateMessages":[{"severity":"INFO","type":"CloudRunServiceNewRevisionTrafficInfo","message":"A new revision will be deployed serving with 100% traffic."}]}],"sourceToken":"Cldwcm9qZWN0cy8xMDE4NDE4Mjg0MjAvbG9jYXRpb25zL3VzLWNlbnRyYWwxL2J1aWxkcy9mMWFhOTE4ZS04OWVlLTQyZDktOGExYy04NTVlMjk3Mzc3OWESbHVzLWNlbnRyYWwxLWRvY2tlci5wa2cuZGV2L2dsdWNvc2UtZ29vc2UvZ2NmLWFydGlmYWN0cy9nbHVjb3NlLS1nb29zZV9fdXMtLWNlbnRyYWwxX19hZGRfdHJlYXRtZW50OnZlcnNpb25fMRjE9Pux+wIiQ3Byb2plY3RzL2dsdWNvc2UtZ29vc2UvbG9jYXRpb25zL3VzLWNlbnRyYWwxL2Z1bmN0aW9ucy9hZGRUcmVhdG1lbnQqCwigi8LJBhDAmo4pMghub2RlanMyNDp2CiNnY3IuaW8vZ2FlLXJ1bnRpbWVzL25vZGVqczI0OnN0YWJsZRJPdXMtY2VudHJhbDEtZG9ja2VyLnBrZy5kZXYvc2VydmVybGVzcy1ydW50aW1lcy9nb29nbGUtMjQtZnVsbC9ydW50aW1lcy9ub2RlanMyNEAB","operationType":"UPDATE_FUNCTION","buildName":"projects/101841828420/locations/us-central1/builds/f1aa918e-89ee-42d9-8a1c-855e2973779a"},"done":false}
[debug] [2025-12-03T18:47:05.770Z] Got source token Cldwcm9qZWN0cy8xMDE4NDE4Mjg0MjAvbG9jYXRpb25zL3VzLWNlbnRyYWwxL2J1aWxkcy9mMWFhOTE4ZS04OWVlLTQyZDktOGExYy04NTVlMjk3Mzc3OWESbHVzLWNlbnRyYWwxLWRvY2tlci5wa2cuZGV2L2dsdWNvc2UtZ29vc2UvZ2NmLWFydGlmYWN0cy9nbHVjb3NlLS1nb29zZV9fdXMtLWNlbnRyYWwxX19hZGRfdHJlYXRtZW50OnZlcnNpb25fMRjE9Pux+wIiQ3Byb2plY3RzL2dsdWNvc2UtZ29vc2UvbG9jYXRpb25zL3VzLWNlbnRyYWwxL2Z1bmN0aW9ucy9hZGRUcmVhdG1lbnQqCwigi8LJBhDAmo4pMghub2RlanMyNDp2CiNnY3IuaW8vZ2FlLXJ1bnRpbWVzL25vZGVqczI0OnN0YWJsZRJPdXMtY2VudHJhbDEtZG9ja2VyLnBrZy5kZXYvc2VydmVybGVzcy1ydW50aW1lcy9nb29nbGUtMjQtZnVsbC9ydW50aW1lcy9ub2RlanMyNEAB for region us-central1
[debug] [2025-12-03T18:47:05.772Z] Checked if tokens are valid: true, expires at: 1764789425255
[debug] [2025-12-03T18:47:05.772Z] Checked if tokens are valid: true, expires at: 1764789425255
[debug] [2025-12-03T18:47:05.773Z] Checked if tokens are valid: true, expires at: 1764789425255
[debug] [2025-12-03T18:47:05.773Z] Checked if tokens are valid: true, expires at: 1764789425255
[debug] [2025-12-03T18:47:05.774Z] Checked if tokens are valid: true, expires at: 1764789425255
[debug] [2025-12-03T18:47:05.774Z] Checked if tokens are valid: true, expires at: 1764789425255
[debug] [2025-12-03T18:47:05.774Z] Checked if tokens are valid: true, expires at: 1764789425255
[debug] [2025-12-03T18:47:05.775Z] Checked if tokens are valid: true, expires at: 1764789425255
[debug] [2025-12-03T18:47:05.775Z] Checked if tokens are valid: true, expires at: 1764789425255
[debug] [2025-12-03T18:47:05.775Z] Checked if tokens are valid: true, expires at: 1764789425255
[debug] [2025-12-03T18:47:05.777Z] >>> [apiv2][query] PATCH https://cloudfunctions.googleapis.com/v2/projects/glucose-goose/locations/us-central1/functions/analyzeMeal updateMask=name%2CbuildConfig.runtime%2CbuildConfig.entryPoint%2CbuildConfig.source.storageSource.bucket%2CbuildConfig.source.storageSource.object%2CbuildConfig.environmentVariables%2CbuildConfig.sourceToken%2CserviceConfig.environmentVariables%2CserviceConfig.secretEnvironmentVariables%2CserviceConfig.ingressSettings%2CserviceConfig.timeoutSeconds%2CserviceConfig.serviceAccountEmail%2CserviceConfig.availableMemory%2CserviceConfig.minInstanceCount%2CserviceConfig.maxInstanceCount%2CserviceConfig.maxInstanceRequestConcurrency%2CserviceConfig.availableCpu%2CserviceConfig.vpcConnector%2CserviceConfig.vpcConnectorEgressSettings%2Clabels
[debug] [2025-12-03T18:47:05.777Z] >>> [apiv2][body] PATCH https://cloudfunctions.googleapis.com/v2/projects/glucose-goose/locations/us-central1/functions/analyzeMeal {"name":"projects/glucose-goose/locations/us-central1/functions/analyzeMeal","buildConfig":{"runtime":"nodejs24","entryPoint":"analyzeMeal","source":{"storageSource":{"bucket":"gcf-v2-uploads-101841828420.us-central1.cloudfunctions.appspot.com","object":"f58c662a-bc12-46c7-954e-84efa2918c4e.zip"}},"environmentVariables":{"GOOGLE_NODE_RUN_SCRIPTS":""},"sourceToken":"Cldwcm9qZWN0cy8xMDE4NDE4Mjg0MjAvbG9jYXRpb25zL3VzLWNlbnRyYWwxL2J1aWxkcy9mMWFhOTE4ZS04OWVlLTQyZDktOGExYy04NTVlMjk3Mzc3OWESbHVzLWNlbnRyYWwxLWRvY2tlci5wa2cuZGV2L2dsdWNvc2UtZ29vc2UvZ2NmLWFydGlmYWN0cy9nbHVjb3NlLS1nb29zZV9fdXMtLWNlbnRyYWwxX19hZGRfdHJlYXRtZW50OnZlcnNpb25fMRjE9Pux+wIiQ3Byb2plY3RzL2dsdWNvc2UtZ29vc2UvbG9jYXRpb25zL3VzLWNlbnRyYWwxL2Z1bmN0aW9ucy9hZGRUcmVhdG1lbnQqCwigi8LJBhDAmo4pMghub2RlanMyNDp2CiNnY3IuaW8vZ2FlLXJ1bnRpbWVzL25vZGVqczI0OnN0YWJsZRJPdXMtY2VudHJhbDEtZG9ja2VyLnBrZy5kZXYvc2VydmVybGVzcy1ydW50aW1lcy9nb29nbGUtMjQtZnVsbC9ydW50aW1lcy9ub2RlanMyNEAB"},"serviceConfig":{"environmentVariables":{"FIREBASE_CONFIG":"{\"projectId\":\"glucose-goose\",\"storageBucket\":\"glucose-goose.firebasestorage.app\"}","GCLOUD_PROJECT":"glucose-goose","EVENTARC_CLOUD_EVENT_SOURCE":"projects/glucose-goose/locations/us-central1/services/analyzeMeal","FUNCTION_TARGET":"analyzeMeal","LOG_EXECUTION_ID":"true","FUNCTION_SIGNATURE_TYPE":"http"},"secretEnvironmentVariables":[{"key":"GEMINI_API_KEY","secret":"GEMINI_API_KEY","projectId":"glucose-goose","version":"1"}],"ingressSettings":null,"timeoutSeconds":null,"serviceAccountEmail":null,"availableMemory":"256Mi","minInstanceCount":null,"maxInstanceCount":null,"maxInstanceRequestConcurrency":80,"availableCpu":"1","vpcConnector":null,"vpcConnectorEgressSettings":null},"labels":{"deployment-tool":"cli-firebase","firebase-functions-hash":"c15115e71e5534c9e5b6eeb1088dc5df4258ce1d"}}
[debug] [2025-12-03T18:47:05.780Z] >>> [apiv2][query] PATCH https://cloudfunctions.googleapis.com/v2/projects/glucose-goose/locations/us-central1/functions/deleteTreatment updateMask=name%2CbuildConfig.runtime%2CbuildConfig.entryPoint%2CbuildConfig.source.storageSource.bucket%2CbuildConfig.source.storageSource.object%2CbuildConfig.environmentVariables%2CbuildConfig.sourceToken%2CserviceConfig.environmentVariables%2CserviceConfig.ingressSettings%2CserviceConfig.timeoutSeconds%2CserviceConfig.serviceAccountEmail%2CserviceConfig.availableMemory%2CserviceConfig.minInstanceCount%2CserviceConfig.maxInstanceCount%2CserviceConfig.maxInstanceRequestConcurrency%2CserviceConfig.availableCpu%2CserviceConfig.vpcConnector%2CserviceConfig.vpcConnectorEgressSettings%2Clabels
[debug] [2025-12-03T18:47:05.780Z] >>> [apiv2][body] PATCH https://cloudfunctions.googleapis.com/v2/projects/glucose-goose/locations/us-central1/functions/deleteTreatment {"name":"projects/glucose-goose/locations/us-central1/functions/deleteTreatment","buildConfig":{"runtime":"nodejs24","entryPoint":"deleteTreatment","source":{"storageSource":{"bucket":"gcf-v2-uploads-101841828420.us-central1.cloudfunctions.appspot.com","object":"f58c662a-bc12-46c7-954e-84efa2918c4e.zip"}},"environmentVariables":{"GOOGLE_NODE_RUN_SCRIPTS":""},"sourceToken":"Cldwcm9qZWN0cy8xMDE4NDE4Mjg0MjAvbG9jYXRpb25zL3VzLWNlbnRyYWwxL2J1aWxkcy9mMWFhOTE4ZS04OWVlLTQyZDktOGExYy04NTVlMjk3Mzc3OWESbHVzLWNlbnRyYWwxLWRvY2tlci5wa2cuZGV2L2dsdWNvc2UtZ29vc2UvZ2NmLWFydGlmYWN0cy9nbHVjb3NlLS1nb29zZV9fdXMtLWNlbnRyYWwxX19hZGRfdHJlYXRtZW50OnZlcnNpb25fMRjE9Pux+wIiQ3Byb2plY3RzL2dsdWNvc2UtZ29vc2UvbG9jYXRpb25zL3VzLWNlbnRyYWwxL2Z1bmN0aW9ucy9hZGRUcmVhdG1lbnQqCwigi8LJBhDAmo4pMghub2RlanMyNDp2CiNnY3IuaW8vZ2FlLXJ1bnRpbWVzL25vZGVqczI0OnN0YWJsZRJPdXMtY2VudHJhbDEtZG9ja2VyLnBrZy5kZXYvc2VydmVybGVzcy1ydW50aW1lcy9nb29nbGUtMjQtZnVsbC9ydW50aW1lcy9ub2RlanMyNEAB"},"serviceConfig":{"environmentVariables":{"FIREBASE_CONFIG":"{\"projectId\":\"glucose-goose\",\"storageBucket\":\"glucose-goose.firebasestorage.app\"}","GCLOUD_PROJECT":"glucose-goose","EVENTARC_CLOUD_EVENT_SOURCE":"projects/glucose-goose/locations/us-central1/services/deleteTreatment","FUNCTION_TARGET":"deleteTreatment","LOG_EXECUTION_ID":"true","FUNCTION_SIGNATURE_TYPE":"http"},"ingressSettings":null,"timeoutSeconds":null,"serviceAccountEmail":null,"availableMemory":"256Mi","minInstanceCount":null,"maxInstanceCount":null,"maxInstanceRequestConcurrency":80,"availableCpu":"1","vpcConnector":null,"vpcConnectorEgressSettings":null},"labels":{"deployment-tool":"cli-firebase","firebase-functions-hash":"b9ed78d63ff27c1f699d8766eb4cdd37baf3e634"}}
[debug] [2025-12-03T18:47:05.785Z] >>> [apiv2][query] PATCH https://cloudfunctions.googleapis.com/v2/projects/glucose-goose/locations/us-central1/functions/getNightscoutBundle updateMask=name%2CbuildConfig.runtime%2CbuildConfig.entryPoint%2CbuildConfig.source.storageSource.bucket%2CbuildConfig.source.storageSource.object%2CbuildConfig.environmentVariables%2CbuildConfig.sourceToken%2CserviceConfig.environmentVariables%2CserviceConfig.ingressSettings%2CserviceConfig.timeoutSeconds%2CserviceConfig.serviceAccountEmail%2CserviceConfig.availableMemory%2CserviceConfig.minInstanceCount%2CserviceConfig.maxInstanceCount%2CserviceConfig.maxInstanceRequestConcurrency%2CserviceConfig.availableCpu%2CserviceConfig.vpcConnector%2CserviceConfig.vpcConnectorEgressSettings%2Clabels
[debug] [2025-12-03T18:47:05.785Z] >>> [apiv2][body] PATCH https://cloudfunctions.googleapis.com/v2/projects/glucose-goose/locations/us-central1/functions/getNightscoutBundle {"name":"projects/glucose-goose/locations/us-central1/functions/getNightscoutBundle","buildConfig":{"runtime":"nodejs24","entryPoint":"getNightscoutBundle","source":{"storageSource":{"bucket":"gcf-v2-uploads-101841828420.us-central1.cloudfunctions.appspot.com","object":"f58c662a-bc12-46c7-954e-84efa2918c4e.zip"}},"environmentVariables":{"GOOGLE_NODE_RUN_SCRIPTS":""},"sourceToken":"Cldwcm9qZWN0cy8xMDE4NDE4Mjg0MjAvbG9jYXRpb25zL3VzLWNlbnRyYWwxL2J1aWxkcy9mMWFhOTE4ZS04OWVlLTQyZDktOGExYy04NTVlMjk3Mzc3OWESbHVzLWNlbnRyYWwxLWRvY2tlci5wa2cuZGV2L2dsdWNvc2UtZ29vc2UvZ2NmLWFydGlmYWN0cy9nbHVjb3NlLS1nb29zZV9fdXMtLWNlbnRyYWwxX19hZGRfdHJlYXRtZW50OnZlcnNpb25fMRjE9Pux+wIiQ3Byb2plY3RzL2dsdWNvc2UtZ29vc2UvbG9jYXRpb25zL3VzLWNlbnRyYWwxL2Z1bmN0aW9ucy9hZGRUcmVhdG1lbnQqCwigi8LJBhDAmo4pMghub2RlanMyNDp2CiNnY3IuaW8vZ2FlLXJ1bnRpbWVzL25vZGVqczI0OnN0YWJsZRJPdXMtY2VudHJhbDEtZG9ja2VyLnBrZy5kZXYvc2VydmVybGVzcy1ydW50aW1lcy9nb29nbGUtMjQtZnVsbC9ydW50aW1lcy9ub2RlanMyNEAB"},"serviceConfig":{"environmentVariables":{"FIREBASE_CONFIG":"{\"projectId\":\"glucose-goose\",\"storageBucket\":\"glucose-goose.firebasestorage.app\"}","GCLOUD_PROJECT":"glucose-goose","EVENTARC_CLOUD_EVENT_SOURCE":"projects/glucose-goose/locations/us-central1/services/getNightscoutBundle","FUNCTION_TARGET":"getNightscoutBundle","LOG_EXECUTION_ID":"true","FUNCTION_SIGNATURE_TYPE":"http"},"ingressSettings":null,"timeoutSeconds":null,"serviceAccountEmail":null,"availableMemory":"256Mi","minInstanceCount":null,"maxInstanceCount":null,"maxInstanceRequestConcurrency":80,"availableCpu":"1","vpcConnector":null,"vpcConnectorEgressSettings":null},"labels":{"deployment-tool":"cli-firebase","firebase-functions-hash":"b9ed78d63ff27c1f699d8766eb4cdd37baf3e634"}}
[debug] [2025-12-03T18:47:05.792Z] >>> [apiv2][query] PATCH https://cloudfunctions.googleapis.com/v2/projects/glucose-goose/locations/us-central1/functions/simulateGlucose updateMask=name%2CbuildConfig.runtime%2CbuildConfig.entryPoint%2CbuildConfig.source.storageSource.bucket%2CbuildConfig.source.storageSource.object%2CbuildConfig.environmentVariables%2CbuildConfig.sourceToken%2CserviceConfig.environmentVariables%2CserviceConfig.secretEnvironmentVariables%2CserviceConfig.ingressSettings%2CserviceConfig.timeoutSeconds%2CserviceConfig.serviceAccountEmail%2CserviceConfig.availableMemory%2CserviceConfig.minInstanceCount%2CserviceConfig.maxInstanceCount%2CserviceConfig.maxInstanceRequestConcurrency%2CserviceConfig.availableCpu%2CserviceConfig.vpcConnector%2CserviceConfig.vpcConnectorEgressSettings%2Clabels
[debug] [2025-12-03T18:47:05.793Z] >>> [apiv2][body] PATCH https://cloudfunctions.googleapis.com/v2/projects/glucose-goose/locations/us-central1/functions/simulateGlucose {"name":"projects/glucose-goose/locations/us-central1/functions/simulateGlucose","buildConfig":{"runtime":"nodejs24","entryPoint":"simulateGlucose","source":{"storageSource":{"bucket":"gcf-v2-uploads-101841828420.us-central1.cloudfunctions.appspot.com","object":"f58c662a-bc12-46c7-954e-84efa2918c4e.zip"}},"environmentVariables":{"GOOGLE_NODE_RUN_SCRIPTS":""},"sourceToken":"Cldwcm9qZWN0cy8xMDE4NDE4Mjg0MjAvbG9jYXRpb25zL3VzLWNlbnRyYWwxL2J1aWxkcy9mMWFhOTE4ZS04OWVlLTQyZDktOGExYy04NTVlMjk3Mzc3OWESbHVzLWNlbnRyYWwxLWRvY2tlci5wa2cuZGV2L2dsdWNvc2UtZ29vc2UvZ2NmLWFydGlmYWN0cy9nbHVjb3NlLS1nb29zZV9fdXMtLWNlbnRyYWwxX19hZGRfdHJlYXRtZW50OnZlcnNpb25fMRjE9Pux+wIiQ3Byb2plY3RzL2dsdWNvc2UtZ29vc2UvbG9jYXRpb25zL3VzLWNlbnRyYWwxL2Z1bmN0aW9ucy9hZGRUcmVhdG1lbnQqCwigi8LJBhDAmo4pMghub2RlanMyNDp2CiNnY3IuaW8vZ2FlLXJ1bnRpbWVzL25vZGVqczI0OnN0YWJsZRJPdXMtY2VudHJhbDEtZG9ja2VyLnBrZy5kZXYvc2VydmVybGVzcy1ydW50aW1lcy9nb29nbGUtMjQtZnVsbC9ydW50aW1lcy9ub2RlanMyNEAB"},"serviceConfig":{"environmentVariables":{"FIREBASE_CONFIG":"{\"projectId\":\"glucose-goose\",\"storageBucket\":\"glucose-goose.firebasestorage.app\"}","GCLOUD_PROJECT":"glucose-goose","EVENTARC_CLOUD_EVENT_SOURCE":"projects/glucose-goose/locations/us-central1/services/simulateGlucose","FUNCTION_TARGET":"simulateGlucose","LOG_EXECUTION_ID":"true","FUNCTION_SIGNATURE_TYPE":"http"},"secretEnvironmentVariables":[{"key":"NIGHTSCOUT_API_SECRET","secret":"NIGHTSCOUT_API_SECRET","projectId":"glucose-goose","version":"2"},{"key":"NIGHTSCOUT_URL","secret":"NIGHTSCOUT_URL","projectId":"glucose-goose","version":"1"}],"ingressSettings":null,"timeoutSeconds":null,"serviceAccountEmail":null,"availableMemory":"256Mi","minInstanceCount":null,"maxInstanceCount":null,"maxInstanceRequestConcurrency":80,"availableCpu":"1","vpcConnector":null,"vpcConnectorEgressSettings":null},"labels":{"deployment-tool":"cli-firebase","deployment-scheduled":"true","firebase-functions-hash":"80829ee739ca7d92abf09a6c1c126db9c13669c8"}}
[debug] [2025-12-03T18:47:05.796Z] >>> [apiv2][query] PATCH https://cloudfunctions.googleapis.com/v2/projects/glucose-goose/locations/us-central1/functions/updateTreatment updateMask=name%2CbuildConfig.runtime%2CbuildConfig.entryPoint%2CbuildConfig.source.storageSource.bucket%2CbuildConfig.source.storageSource.object%2CbuildConfig.environmentVariables%2CbuildConfig.sourceToken%2CserviceConfig.environmentVariables%2CserviceConfig.ingressSettings%2CserviceConfig.timeoutSeconds%2CserviceConfig.serviceAccountEmail%2CserviceConfig.availableMemory%2CserviceConfig.minInstanceCount%2CserviceConfig.maxInstanceCount%2CserviceConfig.maxInstanceRequestConcurrency%2CserviceConfig.availableCpu%2CserviceConfig.vpcConnector%2CserviceConfig.vpcConnectorEgressSettings%2Clabels
[debug] [2025-12-03T18:47:05.797Z] >>> [apiv2][body] PATCH https://cloudfunctions.googleapis.com/v2/projects/glucose-goose/locations/us-central1/functions/updateTreatment {"name":"projects/glucose-goose/locations/us-central1/functions/updateTreatment","buildConfig":{"runtime":"nodejs24","entryPoint":"updateTreatment","source":{"storageSource":{"bucket":"gcf-v2-uploads-101841828420.us-central1.cloudfunctions.appspot.com","object":"f58c662a-bc12-46c7-954e-84efa2918c4e.zip"}},"environmentVariables":{"GOOGLE_NODE_RUN_SCRIPTS":""},"sourceToken":"Cldwcm9qZWN0cy8xMDE4NDE4Mjg0MjAvbG9jYXRpb25zL3VzLWNlbnRyYWwxL2J1aWxkcy9mMWFhOTE4ZS04OWVlLTQyZDktOGExYy04NTVlMjk3Mzc3OWESbHVzLWNlbnRyYWwxLWRvY2tlci5wa2cuZGV2L2dsdWNvc2UtZ29vc2UvZ2NmLWFydGlmYWN0cy9nbHVjb3NlLS1nb29zZV9fdXMtLWNlbnRyYWwxX19hZGRfdHJlYXRtZW50OnZlcnNpb25fMRjE9Pux+wIiQ3Byb2plY3RzL2dsdWNvc2UtZ29vc2UvbG9jYXRpb25zL3VzLWNlbnRyYWwxL2Z1bmN0aW9ucy9hZGRUcmVhdG1lbnQqCwigi8LJBhDAmo4pMghub2RlanMyNDp2CiNnY3IuaW8vZ2FlLXJ1bnRpbWVzL25vZGVqczI0OnN0YWJsZRJPdXMtY2VudHJhbDEtZG9ja2VyLnBrZy5kZXYvc2VydmVybGVzcy1ydW50aW1lcy9nb29nbGUtMjQtZnVsbC9ydW50aW1lcy9ub2RlanMyNEAB"},"serviceConfig":{"environmentVariables":{"FIREBASE_CONFIG":"{\"projectId\":\"glucose-goose\",\"storageBucket\":\"glucose-goose.firebasestorage.app\"}","GCLOUD_PROJECT":"glucose-goose","EVENTARC_CLOUD_EVENT_SOURCE":"projects/glucose-goose/locations/us-central1/services/updateTreatment","FUNCTION_TARGET":"updateTreatment","LOG_EXECUTION_ID":"true","FUNCTION_SIGNATURE_TYPE":"http"},"ingressSettings":null,"timeoutSeconds":null,"serviceAccountEmail":null,"availableMemory":"256Mi","minInstanceCount":null,"maxInstanceCount":null,"maxInstanceRequestConcurrency":80,"availableCpu":"1","vpcConnector":null,"vpcConnectorEgressSettings":null},"labels":{"deployment-tool":"cli-firebase","firebase-functions-hash":"b9ed78d63ff27c1f699d8766eb4cdd37baf3e634"}}
[debug] [2025-12-03T18:47:07.195Z] <<< [apiv2][status] PATCH https://cloudfunctions.googleapis.com/v2/projects/glucose-goose/locations/us-central1/functions/deleteTreatment 200
[debug] [2025-12-03T18:47:07.196Z] <<< [apiv2][body] PATCH https://cloudfunctions.googleapis.com/v2/projects/glucose-goose/locations/us-central1/functions/deleteTreatment {"name":"projects/glucose-goose/locations/us-central1/operations/operation-1764787626545-64510a39590af-5147cd36-7f1650b4","metadata":{"@type":"type.googleapis.com/google.cloud.functions.v2.OperationMetadata","createTime":"2025-12-03T18:47:07.087945307Z","target":"projects/glucose-goose/locations/us-central1/functions/deleteTreatment","verb":"update","cancelRequested":false,"apiVersion":"v2"},"done":false}
[debug] [2025-12-03T18:47:07.197Z] Checked if tokens are valid: true, expires at: 1764789425255
[debug] [2025-12-03T18:47:07.198Z] Checked if tokens are valid: true, expires at: 1764789425255
[debug] [2025-12-03T18:47:07.198Z] >>> [apiv2][query] GET https://cloudfunctions.googleapis.com/v2/projects/glucose-goose/locations/us-central1/operations/operation-1764787626545-64510a39590af-5147cd36-7f1650b4 [none]
[debug] [2025-12-03T18:47:07.257Z] <<< [apiv2][status] PATCH https://cloudfunctions.googleapis.com/v2/projects/glucose-goose/locations/us-central1/functions/updateTreatment 200
[debug] [2025-12-03T18:47:07.257Z] <<< [apiv2][body] PATCH https://cloudfunctions.googleapis.com/v2/projects/glucose-goose/locations/us-central1/functions/updateTreatment {"name":"projects/glucose-goose/locations/us-central1/operations/operation-1764787626553-64510a395b028-8fe04005-b71e765a","metadata":{"@type":"type.googleapis.com/google.cloud.functions.v2.OperationMetadata","createTime":"2025-12-03T18:47:07.105743487Z","target":"projects/glucose-goose/locations/us-central1/functions/updateTreatment","verb":"update","cancelRequested":false,"apiVersion":"v2"},"done":false}
[debug] [2025-12-03T18:47:07.257Z] Checked if tokens are valid: true, expires at: 1764789425255
[debug] [2025-12-03T18:47:07.257Z] Checked if tokens are valid: true, expires at: 1764789425255
[debug] [2025-12-03T18:47:07.258Z] >>> [apiv2][query] GET https://cloudfunctions.googleapis.com/v2/projects/glucose-goose/locations/us-central1/operations/operation-1764787626553-64510a395b028-8fe04005-b71e765a [none]
[debug] [2025-12-03T18:47:07.259Z] <<< [apiv2][status] PATCH https://cloudfunctions.googleapis.com/v2/projects/glucose-goose/locations/us-central1/functions/getNightscoutBundle 200
[debug] [2025-12-03T18:47:07.260Z] <<< [apiv2][body] PATCH https://cloudfunctions.googleapis.com/v2/projects/glucose-goose/locations/us-central1/functions/getNightscoutBundle {"name":"projects/glucose-goose/locations/us-central1/operations/operation-1764787626535-64510a3956a4c-bf5c0037-59809898","metadata":{"@type":"type.googleapis.com/google.cloud.functions.v2.OperationMetadata","createTime":"2025-12-03T18:47:07.109236309Z","target":"projects/glucose-goose/locations/us-central1/functions/getNightscoutBundle","verb":"update","cancelRequested":false,"apiVersion":"v2"},"done":false}
[debug] [2025-12-03T18:47:07.260Z] Checked if tokens are valid: true, expires at: 1764789425255
[debug] [2025-12-03T18:47:07.260Z] Checked if tokens are valid: true, expires at: 1764789425255
[debug] [2025-12-03T18:47:07.260Z] >>> [apiv2][query] GET https://cloudfunctions.googleapis.com/v2/projects/glucose-goose/locations/us-central1/operations/operation-1764787626535-64510a3956a4c-bf5c0037-59809898 [none]
[debug] [2025-12-03T18:47:07.261Z] <<< [apiv2][status] PATCH https://cloudfunctions.googleapis.com/v2/projects/glucose-goose/locations/us-central1/functions/analyzeMeal 200
[debug] [2025-12-03T18:47:07.261Z] <<< [apiv2][body] PATCH https://cloudfunctions.googleapis.com/v2/projects/glucose-goose/locations/us-central1/functions/analyzeMeal {"name":"projects/glucose-goose/locations/us-central1/operations/operation-1764787626455-64510a394337f-3cd3c88c-3f356745","metadata":{"@type":"type.googleapis.com/google.cloud.functions.v2.OperationMetadata","createTime":"2025-12-03T18:47:07.025525530Z","target":"projects/glucose-goose/locations/us-central1/functions/analyzeMeal","verb":"update","cancelRequested":false,"apiVersion":"v2"},"done":false}
[debug] [2025-12-03T18:47:07.262Z] Checked if tokens are valid: true, expires at: 1764789425255
[debug] [2025-12-03T18:47:07.262Z] Checked if tokens are valid: true, expires at: 1764789425255
[debug] [2025-12-03T18:47:07.262Z] >>> [apiv2][query] GET https://cloudfunctions.googleapis.com/v2/projects/glucose-goose/locations/us-central1/operations/operation-1764787626455-64510a394337f-3cd3c88c-3f356745 [none]
[debug] [2025-12-03T18:47:07.264Z] <<< [apiv2][status] PATCH https://cloudfunctions.googleapis.com/v2/projects/glucose-goose/locations/us-central1/functions/simulateGlucose 200
[debug] [2025-12-03T18:47:07.264Z] <<< [apiv2][body] PATCH https://cloudfunctions.googleapis.com/v2/projects/glucose-goose/locations/us-central1/functions/simulateGlucose {"name":"projects/glucose-goose/locations/us-central1/operations/operation-1764787626551-64510a395a778-666df24a-ecece3f3","metadata":{"@type":"type.googleapis.com/google.cloud.functions.v2.OperationMetadata","createTime":"2025-12-03T18:47:07.102893800Z","target":"projects/glucose-goose/locations/us-central1/functions/simulateGlucose","verb":"update","cancelRequested":false,"apiVersion":"v2"},"done":false}
[debug] [2025-12-03T18:47:07.264Z] Checked if tokens are valid: true, expires at: 1764789425255
[debug] [2025-12-03T18:47:07.264Z] Checked if tokens are valid: true, expires at: 1764789425255
[debug] [2025-12-03T18:47:07.265Z] >>> [apiv2][query] GET https://cloudfunctions.googleapis.com/v2/projects/glucose-goose/locations/us-central1/operations/operation-1764787626551-64510a395a778-666df24a-ecece3f3 [none]
[debug] [2025-12-03T18:47:08.014Z] <<< [apiv2][status] GET https://cloudfunctions.googleapis.com/v2/projects/glucose-goose/locations/us-central1/operations/operation-1764787626455-64510a394337f-3cd3c88c-3f356745 200
[debug] [2025-12-03T18:47:08.015Z] <<< [apiv2][body] GET https://cloudfunctions.googleapis.com/v2/projects/glucose-goose/locations/us-central1/operations/operation-1764787626455-64510a394337f-3cd3c88c-3f356745 {"name":"projects/glucose-goose/locations/us-central1/operations/operation-1764787626455-64510a394337f-3cd3c88c-3f356745","metadata":{"@type":"type.googleapis.com/google.cloud.functions.v2.OperationMetadata","createTime":"2025-12-03T18:47:07.025525530Z","target":"projects/glucose-goose/locations/us-central1/functions/analyzeMeal","verb":"update","cancelRequested":false,"apiVersion":"v2","requestResource":{"@type":"type.googleapis.com/google.cloud.functions.v2.Function","name":"projects/glucose-goose/locations/us-central1/functions/analyzeMeal","buildConfig":{"runtime":"nodejs24","entryPoint":"analyzeMeal","source":{"storageSource":{"bucket":"gcf-v2-sources-101841828420-us-central1","object":"analyzeMeal/function-source.zip","generation":"1764787626980166"}},"environmentVariables":{"GOOGLE_NODE_RUN_SCRIPTS":""},"dockerRepository":"projects/glucose-goose/locations/us-central1/repositories/gcf-artifacts","sourceToken":"Cldwcm9qZWN0cy8xMDE4NDE4Mjg0MjAvbG9jYXRpb25zL3VzLWNlbnRyYWwxL2J1aWxkcy9mMWFhOTE4ZS04OWVlLTQyZDktOGExYy04NTVlMjk3Mzc3OWESbHVzLWNlbnRyYWwxLWRvY2tlci5wa2cuZGV2L2dsdWNvc2UtZ29vc2UvZ2NmLWFydGlmYWN0cy9nbHVjb3NlLS1nb29zZV9fdXMtLWNlbnRyYWwxX19hZGRfdHJlYXRtZW50OnZlcnNpb25fMRjE9Pux+wIiQ3Byb2plY3RzL2dsdWNvc2UtZ29vc2UvbG9jYXRpb25zL3VzLWNlbnRyYWwxL2Z1bmN0aW9ucy9hZGRUcmVhdG1lbnQqCwigi8LJBhDAmo4pMghub2RlanMyNDp2CiNnY3IuaW8vZ2FlLXJ1bnRpbWVzL25vZGVqczI0OnN0YWJsZRJPdXMtY2VudHJhbDEtZG9ja2VyLnBrZy5kZXYvc2VydmVybGVzcy1ydW50aW1lcy9nb29nbGUtMjQtZnVsbC9ydW50aW1lcy9ub2RlanMyNEAB","serviceAccount":"projects/glucose-goose/serviceAccounts/101841828420-compute@developer.gserviceaccount.com","automaticUpdatePolicy":{}},"serviceConfig":{"service":"projects/glucose-goose/locations/us-central1/services/analyzemeal","timeoutSeconds":60,"environmentVariables":{"FIREBASE_CONFIG":"{\"projectId\":\"glucose-goose\",\"storageBucket\":\"glucose-goose.firebasestorage.app\"}","GCLOUD_PROJECT":"glucose-goose","EVENTARC_CLOUD_EVENT_SOURCE":"projects/glucose-goose/locations/us-central1/services/analyzeMeal","FUNCTION_TARGET":"analyzeMeal","LOG_EXECUTION_ID":"true","FUNCTION_SIGNATURE_TYPE":"http"},"ingressSettings":"ALLOW_ALL","serviceAccountEmail":"101841828420-compute@developer.gserviceaccount.com","availableMemory":"256Mi","allTrafficOnLatestRevision":true,"secretEnvironmentVariables":[{"key":"GEMINI_API_KEY","projectId":"glucose-goose","secret":"GEMINI_API_KEY","version":"1"}],"revision":"analyzemeal-00002-ful","maxInstanceRequestConcurrency":80,"availableCpu":"1"},"state":"ACTIVE","labels":{"deployment-tool":"cloudfunctions","firebase-functions-hash":"c15115e71e5534c9e5b6eeb1088dc5df4258ce1d"},"environment":"GEN_2","url":"https://us-central1-glucose-goose.cloudfunctions.net/analyzeMeal","satisfiesPzi":true},"stages":[{"name":"BUILD","message":"Reusing build","state":"COMPLETE","resource":"projects/101841828420/locations/us-central1/builds/f1aa918e-89ee-42d9-8a1c-855e2973779a"},{"name":"SERVICE","message":"Updating Cloud Run service","state":"IN_PROGRESS","resource":"projects/glucose-goose/locations/us-central1/services/analyzemeal","resourceUri":"https://console.cloud.google.com/run/detail/us-central1/analyzemeal?project=glucose-goose","stateMessages":[{"severity":"INFO","type":"CloudRunServiceNewRevisionTrafficInfo","message":"A new revision will be deployed serving with 100% traffic."}]}],"sourceToken":"Cldwcm9qZWN0cy8xMDE4NDE4Mjg0MjAvbG9jYXRpb25zL3VzLWNlbnRyYWwxL2J1aWxkcy9mMWFhOTE4ZS04OWVlLTQyZDktOGExYy04NTVlMjk3Mzc3OWESbHVzLWNlbnRyYWwxLWRvY2tlci5wa2cuZGV2L2dsdWNvc2UtZ29vc2UvZ2NmLWFydGlmYWN0cy9nbHVjb3NlLS1nb29zZV9fdXMtLWNlbnRyYWwxX19hZGRfdHJlYXRtZW50OnZlcnNpb25fMRjE9Pux+wIiQ3Byb2plY3RzL2dsdWNvc2UtZ29vc2UvbG9jYXRpb25zL3VzLWNlbnRyYWwxL2Z1bmN0aW9ucy9hZGRUcmVhdG1lbnQqCwigi8LJBhDAmo4pMghub2RlanMyNDp2CiNnY3IuaW8vZ2FlLXJ1bnRpbWVzL25vZGVqczI0OnN0YWJsZRJPdXMtY2VudHJhbDEtZG9ja2VyLnBrZy5kZXYvc2VydmVybGVzcy1ydW50aW1lcy9nb29nbGUtMjQtZnVsbC9ydW50aW1lcy9ub2RlanMyNEAB","operationType":"UPDATE_FUNCTION","buildName":"projects/101841828420/locations/us-central1/builds/f1aa918e-89ee-42d9-8a1c-855e2973779a"},"done":false}
[debug] [2025-12-03T18:47:08.015Z] Got source token Cldwcm9qZWN0cy8xMDE4NDE4Mjg0MjAvbG9jYXRpb25zL3VzLWNlbnRyYWwxL2J1aWxkcy9mMWFhOTE4ZS04OWVlLTQyZDktOGExYy04NTVlMjk3Mzc3OWESbHVzLWNlbnRyYWwxLWRvY2tlci5wa2cuZGV2L2dsdWNvc2UtZ29vc2UvZ2NmLWFydGlmYWN0cy9nbHVjb3NlLS1nb29zZV9fdXMtLWNlbnRyYWwxX19hZGRfdHJlYXRtZW50OnZlcnNpb25fMRjE9Pux+wIiQ3Byb2plY3RzL2dsdWNvc2UtZ29vc2UvbG9jYXRpb25zL3VzLWNlbnRyYWwxL2Z1bmN0aW9ucy9hZGRUcmVhdG1lbnQqCwigi8LJBhDAmo4pMghub2RlanMyNDp2CiNnY3IuaW8vZ2FlLXJ1bnRpbWVzL25vZGVqczI0OnN0YWJsZRJPdXMtY2VudHJhbDEtZG9ja2VyLnBrZy5kZXYvc2VydmVybGVzcy1ydW50aW1lcy9nb29nbGUtMjQtZnVsbC9ydW50aW1lcy9ub2RlanMyNEAB for region us-central1
[debug] [2025-12-03T18:47:08.017Z] <<< [apiv2][status] GET https://cloudfunctions.googleapis.com/v2/projects/glucose-goose/locations/us-central1/operations/operation-1764787626551-64510a395a778-666df24a-ecece3f3 200
[debug] [2025-12-03T18:47:08.018Z] <<< [apiv2][body] GET https://cloudfunctions.googleapis.com/v2/projects/glucose-goose/locations/us-central1/operations/operation-1764787626551-64510a395a778-666df24a-ecece3f3 {"name":"projects/glucose-goose/locations/us-central1/operations/operation-1764787626551-64510a395a778-666df24a-ecece3f3","metadata":{"@type":"type.googleapis.com/google.cloud.functions.v2.OperationMetadata","createTime":"2025-12-03T18:47:07.102893800Z","target":"projects/glucose-goose/locations/us-central1/functions/simulateGlucose","verb":"update","cancelRequested":false,"apiVersion":"v2","requestResource":{"@type":"type.googleapis.com/google.cloud.functions.v2.Function","name":"projects/glucose-goose/locations/us-central1/functions/simulateGlucose","buildConfig":{"runtime":"nodejs24","entryPoint":"simulateGlucose","source":{"storageSource":{"bucket":"gcf-v2-sources-101841828420-us-central1","object":"simulateGlucose/function-source.zip","generation":"1764787627057845"}},"environmentVariables":{"GOOGLE_NODE_RUN_SCRIPTS":""},"dockerRepository":"projects/glucose-goose/locations/us-central1/repositories/gcf-artifacts","sourceToken":"Cldwcm9qZWN0cy8xMDE4NDE4Mjg0MjAvbG9jYXRpb25zL3VzLWNlbnRyYWwxL2J1aWxkcy9mMWFhOTE4ZS04OWVlLTQyZDktOGExYy04NTVlMjk3Mzc3OWESbHVzLWNlbnRyYWwxLWRvY2tlci5wa2cuZGV2L2dsdWNvc2UtZ29vc2UvZ2NmLWFydGlmYWN0cy9nbHVjb3NlLS1nb29zZV9fdXMtLWNlbnRyYWwxX19hZGRfdHJlYXRtZW50OnZlcnNpb25fMRjE9Pux+wIiQ3Byb2plY3RzL2dsdWNvc2UtZ29vc2UvbG9jYXRpb25zL3VzLWNlbnRyYWwxL2Z1bmN0aW9ucy9hZGRUcmVhdG1lbnQqCwigi8LJBhDAmo4pMghub2RlanMyNDp2CiNnY3IuaW8vZ2FlLXJ1bnRpbWVzL25vZGVqczI0OnN0YWJsZRJPdXMtY2VudHJhbDEtZG9ja2VyLnBrZy5kZXYvc2VydmVybGVzcy1ydW50aW1lcy9nb29nbGUtMjQtZnVsbC9ydW50aW1lcy9ub2RlanMyNEAB","serviceAccount":"projects/glucose-goose/serviceAccounts/101841828420-compute@developer.gserviceaccount.com","automaticUpdatePolicy":{}},"serviceConfig":{"service":"projects/glucose-goose/locations/us-central1/services/simulateglucose","timeoutSeconds":60,"environmentVariables":{"FIREBASE_CONFIG":"{\"projectId\":\"glucose-goose\",\"storageBucket\":\"glucose-goose.firebasestorage.app\"}","GCLOUD_PROJECT":"glucose-goose","EVENTARC_CLOUD_EVENT_SOURCE":"projects/glucose-goose/locations/us-central1/services/simulateGlucose","FUNCTION_TARGET":"simulateGlucose","LOG_EXECUTION_ID":"true","FUNCTION_SIGNATURE_TYPE":"http"},"ingressSettings":"ALLOW_ALL","uri":"https://simulateglucose-ft7us77rra-uc.a.run.app","serviceAccountEmail":"101841828420-compute@developer.gserviceaccount.com","availableMemory":"256Mi","allTrafficOnLatestRevision":true,"secretEnvironmentVariables":[{"key":"NIGHTSCOUT_API_SECRET","projectId":"glucose-goose","secret":"NIGHTSCOUT_API_SECRET","version":"2"},{"key":"NIGHTSCOUT_URL","projectId":"glucose-goose","secret":"NIGHTSCOUT_URL","version":"1"}],"revision":"simulateglucose-00003-des","maxInstanceRequestConcurrency":80,"availableCpu":"1"},"state":"ACTIVE","labels":{"deployment-tool":"cli-firebase","deployment-scheduled":"true","firebase-functions-hash":"80829ee739ca7d92abf09a6c1c126db9c13669c8"},"environment":"GEN_2","url":"https://us-central1-glucose-goose.cloudfunctions.net/simulateGlucose","satisfiesPzi":true},"stages":[{"name":"BUILD","message":"Reusing build","state":"COMPLETE","resource":"projects/101841828420/locations/us-central1/builds/f1aa918e-89ee-42d9-8a1c-855e2973779a"},{"name":"SERVICE","message":"Updating Cloud Run service","state":"IN_PROGRESS","resource":"projects/glucose-goose/locations/us-central1/services/simulateglucose","resourceUri":"https://console.cloud.google.com/run/detail/us-central1/simulateglucose?project=glucose-goose","stateMessages":[{"severity":"INFO","type":"CloudRunServiceNewRevisionTrafficInfo","message":"A new revision will be deployed serving with 100% traffic."}]}],"sourceToken":"Cldwcm9qZWN0cy8xMDE4NDE4Mjg0MjAvbG9jYXRpb25zL3VzLWNlbnRyYWwxL2J1aWxkcy9mMWFhOTE4ZS04OWVlLTQyZDktOGExYy04NTVlMjk3Mzc3OWESbHVzLWNlbnRyYWwxLWRvY2tlci5wa2cuZGV2L2dsdWNvc2UtZ29vc2UvZ2NmLWFydGlmYWN0cy9nbHVjb3NlLS1nb29zZV9fdXMtLWNlbnRyYWwxX19hZGRfdHJlYXRtZW50OnZlcnNpb25fMRjE9Pux+wIiQ3Byb2plY3RzL2dsdWNvc2UtZ29vc2UvbG9jYXRpb25zL3VzLWNlbnRyYWwxL2Z1bmN0aW9ucy9hZGRUcmVhdG1lbnQqCwigi8LJBhDAmo4pMghub2RlanMyNDp2CiNnY3IuaW8vZ2FlLXJ1bnRpbWVzL25vZGVqczI0OnN0YWJsZRJPdXMtY2VudHJhbDEtZG9ja2VyLnBrZy5kZXYvc2VydmVybGVzcy1ydW50aW1lcy9nb29nbGUtMjQtZnVsbC9ydW50aW1lcy9ub2RlanMyNEAB","operationType":"UPDATE_FUNCTION","buildName":"projects/101841828420/locations/us-central1/builds/f1aa918e-89ee-42d9-8a1c-855e2973779a"},"done":false}
[debug] [2025-12-03T18:47:08.018Z] Got source token Cldwcm9qZWN0cy8xMDE4NDE4Mjg0MjAvbG9jYXRpb25zL3VzLWNlbnRyYWwxL2J1aWxkcy9mMWFhOTE4ZS04OWVlLTQyZDktOGExYy04NTVlMjk3Mzc3OWESbHVzLWNlbnRyYWwxLWRvY2tlci5wa2cuZGV2L2dsdWNvc2UtZ29vc2UvZ2NmLWFydGlmYWN0cy9nbHVjb3NlLS1nb29zZV9fdXMtLWNlbnRyYWwxX19hZGRfdHJlYXRtZW50OnZlcnNpb25fMRjE9Pux+wIiQ3Byb2plY3RzL2dsdWNvc2UtZ29vc2UvbG9jYXRpb25zL3VzLWNlbnRyYWwxL2Z1bmN0aW9ucy9hZGRUcmVhdG1lbnQqCwigi8LJBhDAmo4pMghub2RlanMyNDp2CiNnY3IuaW8vZ2FlLXJ1bnRpbWVzL25vZGVqczI0OnN0YWJsZRJPdXMtY2VudHJhbDEtZG9ja2VyLnBrZy5kZXYvc2VydmVybGVzcy1ydW50aW1lcy9nb29nbGUtMjQtZnVsbC9ydW50aW1lcy9ub2RlanMyNEAB for region us-central1
[debug] [2025-12-03T18:47:08.020Z] <<< [apiv2][status] GET https://cloudfunctions.googleapis.com/v2/projects/glucose-goose/locations/us-central1/operations/operation-1764787626545-64510a39590af-5147cd36-7f1650b4 200
[debug] [2025-12-03T18:47:08.020Z] <<< [apiv2][body] GET https://cloudfunctions.googleapis.com/v2/projects/glucose-goose/locations/us-central1/operations/operation-1764787626545-64510a39590af-5147cd36-7f1650b4 {"name":"projects/glucose-goose/locations/us-central1/operations/operation-1764787626545-64510a39590af-5147cd36-7f1650b4","metadata":{"@type":"type.googleapis.com/google.cloud.functions.v2.OperationMetadata","createTime":"2025-12-03T18:47:07.087945307Z","target":"projects/glucose-goose/locations/us-central1/functions/deleteTreatment","verb":"update","cancelRequested":false,"apiVersion":"v2","requestResource":{"@type":"type.googleapis.com/google.cloud.functions.v2.Function","name":"projects/glucose-goose/locations/us-central1/functions/deleteTreatment","buildConfig":{"runtime":"nodejs24","entryPoint":"deleteTreatment","source":{"storageSource":{"bucket":"gcf-v2-sources-101841828420-us-central1","object":"deleteTreatment/function-source.zip","generation":"1764787627038037"}},"environmentVariables":{"GOOGLE_NODE_RUN_SCRIPTS":""},"dockerRepository":"projects/glucose-goose/locations/us-central1/repositories/gcf-artifacts","sourceToken":"Cldwcm9qZWN0cy8xMDE4NDE4Mjg0MjAvbG9jYXRpb25zL3VzLWNlbnRyYWwxL2J1aWxkcy9mMWFhOTE4ZS04OWVlLTQyZDktOGExYy04NTVlMjk3Mzc3OWESbHVzLWNlbnRyYWwxLWRvY2tlci5wa2cuZGV2L2dsdWNvc2UtZ29vc2UvZ2NmLWFydGlmYWN0cy9nbHVjb3NlLS1nb29zZV9fdXMtLWNlbnRyYWwxX19hZGRfdHJlYXRtZW50OnZlcnNpb25fMRjE9Pux+wIiQ3Byb2plY3RzL2dsdWNvc2UtZ29vc2UvbG9jYXRpb25zL3VzLWNlbnRyYWwxL2Z1bmN0aW9ucy9hZGRUcmVhdG1lbnQqCwigi8LJBhDAmo4pMghub2RlanMyNDp2CiNnY3IuaW8vZ2FlLXJ1bnRpbWVzL25vZGVqczI0OnN0YWJsZRJPdXMtY2VudHJhbDEtZG9ja2VyLnBrZy5kZXYvc2VydmVybGVzcy1ydW50aW1lcy9nb29nbGUtMjQtZnVsbC9ydW50aW1lcy9ub2RlanMyNEAB","serviceAccount":"projects/glucose-goose/serviceAccounts/101841828420-compute@developer.gserviceaccount.com","automaticUpdatePolicy":{}},"serviceConfig":{"service":"projects/glucose-goose/locations/us-central1/services/deletetreatment","timeoutSeconds":60,"environmentVariables":{"FIREBASE_CONFIG":"{\"projectId\":\"glucose-goose\",\"storageBucket\":\"glucose-goose.firebasestorage.app\"}","GCLOUD_PROJECT":"glucose-goose","EVENTARC_CLOUD_EVENT_SOURCE":"projects/glucose-goose/locations/us-central1/services/deleteTreatment","FUNCTION_TARGET":"deleteTreatment","LOG_EXECUTION_ID":"true","FUNCTION_SIGNATURE_TYPE":"http"},"ingressSettings":"ALLOW_ALL","uri":"https://deletetreatment-ft7us77rra-uc.a.run.app","serviceAccountEmail":"101841828420-compute@developer.gserviceaccount.com","availableMemory":"256Mi","allTrafficOnLatestRevision":true,"revision":"deletetreatment-00008-cen","maxInstanceRequestConcurrency":80,"availableCpu":"1"},"state":"ACTIVE","labels":{"deployment-tool":"cli-firebase","firebase-functions-hash":"b9ed78d63ff27c1f699d8766eb4cdd37baf3e634"},"environment":"GEN_2","url":"https://us-central1-glucose-goose.cloudfunctions.net/deleteTreatment","satisfiesPzi":true},"stages":[{"name":"BUILD","message":"Reusing build","state":"COMPLETE","resource":"projects/101841828420/locations/us-central1/builds/f1aa918e-89ee-42d9-8a1c-855e2973779a"},{"name":"SERVICE","message":"Updating Cloud Run service","state":"IN_PROGRESS","resource":"projects/glucose-goose/locations/us-central1/services/deletetreatment","resourceUri":"https://console.cloud.google.com/run/detail/us-central1/deletetreatment?project=glucose-goose","stateMessages":[{"severity":"INFO","type":"CloudRunServiceNewRevisionTrafficInfo","message":"A new revision will be deployed serving with 100% traffic."}]}],"sourceToken":"Cldwcm9qZWN0cy8xMDE4NDE4Mjg0MjAvbG9jYXRpb25zL3VzLWNlbnRyYWwxL2J1aWxkcy9mMWFhOTE4ZS04OWVlLTQyZDktOGExYy04NTVlMjk3Mzc3OWESbHVzLWNlbnRyYWwxLWRvY2tlci5wa2cuZGV2L2dsdWNvc2UtZ29vc2UvZ2NmLWFydGlmYWN0cy9nbHVjb3NlLS1nb29zZV9fdXMtLWNlbnRyYWwxX19hZGRfdHJlYXRtZW50OnZlcnNpb25fMRjE9Pux+wIiQ3Byb2plY3RzL2dsdWNvc2UtZ29vc2UvbG9jYXRpb25zL3VzLWNlbnRyYWwxL2Z1bmN0aW9ucy9hZGRUcmVhdG1lbnQqCwigi8LJBhDAmo4pMghub2RlanMyNDp2CiNnY3IuaW8vZ2FlLXJ1bnRpbWVzL25vZGVqczI0OnN0YWJsZRJPdXMtY2VudHJhbDEtZG9ja2VyLnBrZy5kZXYvc2VydmVybGVzcy1ydW50aW1lcy9nb29nbGUtMjQtZnVsbC9ydW50aW1lcy9ub2RlanMyNEAB","operationType":"UPDATE_FUNCTION","buildName":"projects/101841828420/locations/us-central1/builds/f1aa918e-89ee-42d9-8a1c-855e2973779a"},"done":false}
[debug] [2025-12-03T18:47:08.020Z] Got source token Cldwcm9qZWN0cy8xMDE4NDE4Mjg0MjAvbG9jYXRpb25zL3VzLWNlbnRyYWwxL2J1aWxkcy9mMWFhOTE4ZS04OWVlLTQyZDktOGExYy04NTVlMjk3Mzc3OWESbHVzLWNlbnRyYWwxLWRvY2tlci5wa2cuZGV2L2dsdWNvc2UtZ29vc2UvZ2NmLWFydGlmYWN0cy9nbHVjb3NlLS1nb29zZV9fdXMtLWNlbnRyYWwxX19hZGRfdHJlYXRtZW50OnZlcnNpb25fMRjE9Pux+wIiQ3Byb2plY3RzL2dsdWNvc2UtZ29vc2UvbG9jYXRpb25zL3VzLWNlbnRyYWwxL2Z1bmN0aW9ucy9hZGRUcmVhdG1lbnQqCwigi8LJBhDAmo4pMghub2RlanMyNDp2CiNnY3IuaW8vZ2FlLXJ1bnRpbWVzL25vZGVqczI0OnN0YWJsZRJPdXMtY2VudHJhbDEtZG9ja2VyLnBrZy5kZXYvc2VydmVybGVzcy1ydW50aW1lcy9nb29nbGUtMjQtZnVsbC9ydW50aW1lcy9ub2RlanMyNEAB for region us-central1
[debug] [2025-12-03T18:47:08.033Z] <<< [apiv2][status] GET https://cloudfunctions.googleapis.com/v2/projects/glucose-goose/locations/us-central1/operations/operation-1764787626553-64510a395b028-8fe04005-b71e765a 200
[debug] [2025-12-03T18:47:08.033Z] <<< [apiv2][body] GET https://cloudfunctions.googleapis.com/v2/projects/glucose-goose/locations/us-central1/operations/operation-1764787626553-64510a395b028-8fe04005-b71e765a {"name":"projects/glucose-goose/locations/us-central1/operations/operation-1764787626553-64510a395b028-8fe04005-b71e765a","metadata":{"@type":"type.googleapis.com/google.cloud.functions.v2.OperationMetadata","createTime":"2025-12-03T18:47:07.105743487Z","target":"projects/glucose-goose/locations/us-central1/functions/updateTreatment","verb":"update","cancelRequested":false,"apiVersion":"v2","requestResource":{"@type":"type.googleapis.com/google.cloud.functions.v2.Function","name":"projects/glucose-goose/locations/us-central1/functions/updateTreatment","buildConfig":{"runtime":"nodejs24","entryPoint":"updateTreatment","source":{"storageSource":{"bucket":"gcf-v2-sources-101841828420-us-central1","object":"updateTreatment/function-source.zip","generation":"1764787627057576"}},"environmentVariables":{"GOOGLE_NODE_RUN_SCRIPTS":""},"dockerRepository":"projects/glucose-goose/locations/us-central1/repositories/gcf-artifacts","sourceToken":"Cldwcm9qZWN0cy8xMDE4NDE4Mjg0MjAvbG9jYXRpb25zL3VzLWNlbnRyYWwxL2J1aWxkcy9mMWFhOTE4ZS04OWVlLTQyZDktOGExYy04NTVlMjk3Mzc3OWESbHVzLWNlbnRyYWwxLWRvY2tlci5wa2cuZGV2L2dsdWNvc2UtZ29vc2UvZ2NmLWFydGlmYWN0cy9nbHVjb3NlLS1nb29zZV9fdXMtLWNlbnRyYWwxX19hZGRfdHJlYXRtZW50OnZlcnNpb25fMRjE9Pux+wIiQ3Byb2plY3RzL2dsdWNvc2UtZ29vc2UvbG9jYXRpb25zL3VzLWNlbnRyYWwxL2Z1bmN0aW9ucy9hZGRUcmVhdG1lbnQqCwigi8LJBhDAmo4pMghub2RlanMyNDp2CiNnY3IuaW8vZ2FlLXJ1bnRpbWVzL25vZGVqczI0OnN0YWJsZRJPdXMtY2VudHJhbDEtZG9ja2VyLnBrZy5kZXYvc2VydmVybGVzcy1ydW50aW1lcy9nb29nbGUtMjQtZnVsbC9ydW50aW1lcy9ub2RlanMyNEAB","serviceAccount":"projects/glucose-goose/serviceAccounts/101841828420-compute@developer.gserviceaccount.com","automaticUpdatePolicy":{}},"serviceConfig":{"service":"projects/glucose-goose/locations/us-central1/services/updatetreatment","timeoutSeconds":60,"environmentVariables":{"FIREBASE_CONFIG":"{\"projectId\":\"glucose-goose\",\"storageBucket\":\"glucose-goose.firebasestorage.app\"}","GCLOUD_PROJECT":"glucose-goose","EVENTARC_CLOUD_EVENT_SOURCE":"projects/glucose-goose/locations/us-central1/services/updateTreatment","FUNCTION_TARGET":"updateTreatment","LOG_EXECUTION_ID":"true","FUNCTION_SIGNATURE_TYPE":"http"},"ingressSettings":"ALLOW_ALL","uri":"https://updatetreatment-ft7us77rra-uc.a.run.app","serviceAccountEmail":"101841828420-compute@developer.gserviceaccount.com","availableMemory":"256Mi","allTrafficOnLatestRevision":true,"revision":"updatetreatment-00014-kow","maxInstanceRequestConcurrency":80,"availableCpu":"1"},"state":"ACTIVE","labels":{"deployment-tool":"cli-firebase","firebase-functions-hash":"b9ed78d63ff27c1f699d8766eb4cdd37baf3e634"},"environment":"GEN_2","url":"https://us-central1-glucose-goose.cloudfunctions.net/updateTreatment","satisfiesPzi":true},"stages":[{"name":"BUILD","message":"Reusing build","state":"COMPLETE","resource":"projects/101841828420/locations/us-central1/builds/f1aa918e-89ee-42d9-8a1c-855e2973779a"},{"name":"SERVICE","message":"Updating Cloud Run service","state":"IN_PROGRESS","resource":"projects/glucose-goose/locations/us-central1/services/updatetreatment","resourceUri":"https://console.cloud.google.com/run/detail/us-central1/updatetreatment?project=glucose-goose","stateMessages":[{"severity":"INFO","type":"CloudRunServiceNewRevisionTrafficInfo","message":"A new revision will be deployed serving with 100% traffic."}]}],"sourceToken":"Cldwcm9qZWN0cy8xMDE4NDE4Mjg0MjAvbG9jYXRpb25zL3VzLWNlbnRyYWwxL2J1aWxkcy9mMWFhOTE4ZS04OWVlLTQyZDktOGExYy04NTVlMjk3Mzc3OWESbHVzLWNlbnRyYWwxLWRvY2tlci5wa2cuZGV2L2dsdWNvc2UtZ29vc2UvZ2NmLWFydGlmYWN0cy9nbHVjb3NlLS1nb29zZV9fdXMtLWNlbnRyYWwxX19hZGRfdHJlYXRtZW50OnZlcnNpb25fMRjE9Pux+wIiQ3Byb2plY3RzL2dsdWNvc2UtZ29vc2UvbG9jYXRpb25zL3VzLWNlbnRyYWwxL2Z1bmN0aW9ucy9hZGRUcmVhdG1lbnQqCwigi8LJBhDAmo4pMghub2RlanMyNDp2CiNnY3IuaW8vZ2FlLXJ1bnRpbWVzL25vZGVqczI0OnN0YWJsZRJPdXMtY2VudHJhbDEtZG9ja2VyLnBrZy5kZXYvc2VydmVybGVzcy1ydW50aW1lcy9nb29nbGUtMjQtZnVsbC9ydW50aW1lcy9ub2RlanMyNEAB","operationType":"UPDATE_FUNCTION","buildName":"projects/101841828420/locations/us-central1/builds/f1aa918e-89ee-42d9-8a1c-855e2973779a"},"done":false}
[debug] [2025-12-03T18:47:08.033Z] Got source token Cldwcm9qZWN0cy8xMDE4NDE4Mjg0MjAvbG9jYXRpb25zL3VzLWNlbnRyYWwxL2J1aWxkcy9mMWFhOTE4ZS04OWVlLTQyZDktOGExYy04NTVlMjk3Mzc3OWESbHVzLWNlbnRyYWwxLWRvY2tlci5wa2cuZGV2L2dsdWNvc2UtZ29vc2UvZ2NmLWFydGlmYWN0cy9nbHVjb3NlLS1nb29zZV9fdXMtLWNlbnRyYWwxX19hZGRfdHJlYXRtZW50OnZlcnNpb25fMRjE9Pux+wIiQ3Byb2plY3RzL2dsdWNvc2UtZ29vc2UvbG9jYXRpb25zL3VzLWNlbnRyYWwxL2Z1bmN0aW9ucy9hZGRUcmVhdG1lbnQqCwigi8LJBhDAmo4pMghub2RlanMyNDp2CiNnY3IuaW8vZ2FlLXJ1bnRpbWVzL25vZGVqczI0OnN0YWJsZRJPdXMtY2VudHJhbDEtZG9ja2VyLnBrZy5kZXYvc2VydmVybGVzcy1ydW50aW1lcy9nb29nbGUtMjQtZnVsbC9ydW50aW1lcy9ub2RlanMyNEAB for region us-central1
[debug] [2025-12-03T18:47:08.049Z] <<< [apiv2][status] GET https://cloudfunctions.googleapis.com/v2/projects/glucose-goose/locations/us-central1/operations/operation-1764787626535-64510a3956a4c-bf5c0037-59809898 200
[debug] [2025-12-03T18:47:08.049Z] <<< [apiv2][body] GET https://cloudfunctions.googleapis.com/v2/projects/glucose-goose/locations/us-central1/operations/operation-1764787626535-64510a3956a4c-bf5c0037-59809898 {"name":"projects/glucose-goose/locations/us-central1/operations/operation-1764787626535-64510a3956a4c-bf5c0037-59809898","metadata":{"@type":"type.googleapis.com/google.cloud.functions.v2.OperationMetadata","createTime":"2025-12-03T18:47:07.109236309Z","target":"projects/glucose-goose/locations/us-central1/functions/getNightscoutBundle","verb":"update","cancelRequested":false,"apiVersion":"v2","requestResource":{"@type":"type.googleapis.com/google.cloud.functions.v2.Function","name":"projects/glucose-goose/locations/us-central1/functions/getNightscoutBundle","buildConfig":{"runtime":"nodejs24","entryPoint":"getNightscoutBundle","source":{"storageSource":{"bucket":"gcf-v2-sources-101841828420-us-central1","object":"getNightscoutBundle/function-source.zip","generation":"1764787627063613"}},"environmentVariables":{"GOOGLE_NODE_RUN_SCRIPTS":""},"dockerRepository":"projects/glucose-goose/locations/us-central1/repositories/gcf-artifacts","sourceToken":"Cldwcm9qZWN0cy8xMDE4NDE4Mjg0MjAvbG9jYXRpb25zL3VzLWNlbnRyYWwxL2J1aWxkcy9mMWFhOTE4ZS04OWVlLTQyZDktOGExYy04NTVlMjk3Mzc3OWESbHVzLWNlbnRyYWwxLWRvY2tlci5wa2cuZGV2L2dsdWNvc2UtZ29vc2UvZ2NmLWFydGlmYWN0cy9nbHVjb3NlLS1nb29zZV9fdXMtLWNlbnRyYWwxX19hZGRfdHJlYXRtZW50OnZlcnNpb25fMRjE9Pux+wIiQ3Byb2plY3RzL2dsdWNvc2UtZ29vc2UvbG9jYXRpb25zL3VzLWNlbnRyYWwxL2Z1bmN0aW9ucy9hZGRUcmVhdG1lbnQqCwigi8LJBhDAmo4pMghub2RlanMyNDp2CiNnY3IuaW8vZ2FlLXJ1bnRpbWVzL25vZGVqczI0OnN0YWJsZRJPdXMtY2VudHJhbDEtZG9ja2VyLnBrZy5kZXYvc2VydmVybGVzcy1ydW50aW1lcy9nb29nbGUtMjQtZnVsbC9ydW50aW1lcy9ub2RlanMyNEAB","serviceAccount":"projects/glucose-goose/serviceAccounts/101841828420-compute@developer.gserviceaccount.com","automaticUpdatePolicy":{}},"serviceConfig":{"service":"projects/glucose-goose/locations/us-central1/services/getnightscoutbundle","timeoutSeconds":60,"environmentVariables":{"FIREBASE_CONFIG":"{\"projectId\":\"glucose-goose\",\"storageBucket\":\"glucose-goose.firebasestorage.app\"}","GCLOUD_PROJECT":"glucose-goose","EVENTARC_CLOUD_EVENT_SOURCE":"projects/glucose-goose/locations/us-central1/services/getNightscoutBundle","FUNCTION_TARGET":"getNightscoutBundle","LOG_EXECUTION_ID":"true","FUNCTION_SIGNATURE_TYPE":"http"},"ingressSettings":"ALLOW_ALL","uri":"https://getnightscoutbundle-ft7us77rra-uc.a.run.app","serviceAccountEmail":"101841828420-compute@developer.gserviceaccount.com","availableMemory":"256Mi","allTrafficOnLatestRevision":true,"revision":"getnightscoutbundle-00023-cuy","maxInstanceRequestConcurrency":80,"availableCpu":"1"},"state":"ACTIVE","labels":{"deployment-tool":"cli-firebase","firebase-functions-hash":"b9ed78d63ff27c1f699d8766eb4cdd37baf3e634"},"environment":"GEN_2","url":"https://us-central1-glucose-goose.cloudfunctions.net/getNightscoutBundle","satisfiesPzi":true},"stages":[{"name":"BUILD","message":"Reusing build","state":"COMPLETE","resource":"projects/101841828420/locations/us-central1/builds/f1aa918e-89ee-42d9-8a1c-855e2973779a"},{"name":"SERVICE","message":"Updating Cloud Run service","state":"IN_PROGRESS","resource":"projects/glucose-goose/locations/us-central1/services/getnightscoutbundle","resourceUri":"https://console.cloud.google.com/run/detail/us-central1/getnightscoutbundle?project=glucose-goose","stateMessages":[{"severity":"INFO","type":"CloudRunServiceNewRevisionTrafficInfo","message":"A new revision will be deployed serving with 100% traffic."}]}],"sourceToken":"Cldwcm9qZWN0cy8xMDE4NDE4Mjg0MjAvbG9jYXRpb25zL3VzLWNlbnRyYWwxL2J1aWxkcy9mMWFhOTE4ZS04OWVlLTQyZDktOGExYy04NTVlMjk3Mzc3OWESbHVzLWNlbnRyYWwxLWRvY2tlci5wa2cuZGV2L2dsdWNvc2UtZ29vc2UvZ2NmLWFydGlmYWN0cy9nbHVjb3NlLS1nb29zZV9fdXMtLWNlbnRyYWwxX19hZGRfdHJlYXRtZW50OnZlcnNpb25fMRjE9Pux+wIiQ3Byb2plY3RzL2dsdWNvc2UtZ29vc2UvbG9jYXRpb25zL3VzLWNlbnRyYWwxL2Z1bmN0aW9ucy9hZGRUcmVhdG1lbnQqCwigi8LJBhDAmo4pMghub2RlanMyNDp2CiNnY3IuaW8vZ2FlLXJ1bnRpbWVzL25vZGVqczI0OnN0YWJsZRJPdXMtY2VudHJhbDEtZG9ja2VyLnBrZy5kZXYvc2VydmVybGVzcy1ydW50aW1lcy9nb29nbGUtMjQtZnVsbC9ydW50aW1lcy9ub2RlanMyNEAB","operationType":"UPDATE_FUNCTION","buildName":"projects/101841828420/locations/us-central1/builds/f1aa918e-89ee-42d9-8a1c-855e2973779a"},"done":false}
[debug] [2025-12-03T18:47:08.050Z] Got source token Cldwcm9qZWN0cy8xMDE4NDE4Mjg0MjAvbG9jYXRpb25zL3VzLWNlbnRyYWwxL2J1aWxkcy9mMWFhOTE4ZS04OWVlLTQyZDktOGExYy04NTVlMjk3Mzc3OWESbHVzLWNlbnRyYWwxLWRvY2tlci5wa2cuZGV2L2dsdWNvc2UtZ29vc2UvZ2NmLWFydGlmYWN0cy9nbHVjb3NlLS1nb29zZV9fdXMtLWNlbnRyYWwxX19hZGRfdHJlYXRtZW50OnZlcnNpb25fMRjE9Pux+wIiQ3Byb2plY3RzL2dsdWNvc2UtZ29vc2UvbG9jYXRpb25zL3VzLWNlbnRyYWwxL2Z1bmN0aW9ucy9hZGRUcmVhdG1lbnQqCwigi8LJBhDAmo4pMghub2RlanMyNDp2CiNnY3IuaW8vZ2FlLXJ1bnRpbWVzL25vZGVqczI0OnN0YWJsZRJPdXMtY2VudHJhbDEtZG9ja2VyLnBrZy5kZXYvc2VydmVybGVzcy1ydW50aW1lcy9nb29nbGUtMjQtZnVsbC9ydW50aW1lcy9ub2RlanMyNEAB for region us-central1
[debug] [2025-12-03T18:47:08.516Z] [update-default-us-central1-analyzeMeal] Retrying task index 0
[debug] [2025-12-03T18:47:08.516Z] Checked if tokens are valid: true, expires at: 1764789425255
[debug] [2025-12-03T18:47:08.517Z] Checked if tokens are valid: true, expires at: 1764789425255
[debug] [2025-12-03T18:47:08.517Z] >>> [apiv2][query] GET https://cloudfunctions.googleapis.com/v2/projects/glucose-goose/locations/us-central1/operations/operation-1764787626455-64510a394337f-3cd3c88c-3f356745 [none]
[debug] [2025-12-03T18:47:08.518Z] [update-default-us-central1-simulateGlucose] Retrying task index 0
[debug] [2025-12-03T18:47:08.519Z] Checked if tokens are valid: true, expires at: 1764789425255
[debug] [2025-12-03T18:47:08.519Z] Checked if tokens are valid: true, expires at: 1764789425255
[debug] [2025-12-03T18:47:08.519Z] >>> [apiv2][query] GET https://cloudfunctions.googleapis.com/v2/projects/glucose-goose/locations/us-central1/operations/operation-1764787626551-64510a395a778-666df24a-ecece3f3 [none]
[debug] [2025-12-03T18:47:08.522Z] [update-default-us-central1-deleteTreatment] Retrying task index 0
[debug] [2025-12-03T18:47:08.523Z] Checked if tokens are valid: true, expires at: 1764789425255
[debug] [2025-12-03T18:47:08.523Z] Checked if tokens are valid: true, expires at: 1764789425255
[debug] [2025-12-03T18:47:08.524Z] >>> [apiv2][query] GET https://cloudfunctions.googleapis.com/v2/projects/glucose-goose/locations/us-central1/operations/operation-1764787626545-64510a39590af-5147cd36-7f1650b4 [none]
[debug] [2025-12-03T18:47:08.534Z] [update-default-us-central1-updateTreatment] Retrying task index 0
[debug] [2025-12-03T18:47:08.534Z] Checked if tokens are valid: true, expires at: 1764789425255
[debug] [2025-12-03T18:47:08.534Z] Checked if tokens are valid: true, expires at: 1764789425255
[debug] [2025-12-03T18:47:08.535Z] >>> [apiv2][query] GET https://cloudfunctions.googleapis.com/v2/projects/glucose-goose/locations/us-central1/operations/operation-1764787626553-64510a395b028-8fe04005-b71e765a [none]
[debug] [2025-12-03T18:47:08.550Z] [update-default-us-central1-getNightscoutBundle] Retrying task index 0
[debug] [2025-12-03T18:47:08.551Z] Checked if tokens are valid: true, expires at: 1764789425255
[debug] [2025-12-03T18:47:08.551Z] Checked if tokens are valid: true, expires at: 1764789425255
[debug] [2025-12-03T18:47:08.551Z] >>> [apiv2][query] GET https://cloudfunctions.googleapis.com/v2/projects/glucose-goose/locations/us-central1/operations/operation-1764787626535-64510a3956a4c-bf5c0037-59809898 [none]
[debug] [2025-12-03T18:47:09.252Z] <<< [apiv2][status] GET https://cloudfunctions.googleapis.com/v2/projects/glucose-goose/locations/us-central1/operations/operation-1764787626455-64510a394337f-3cd3c88c-3f356745 200
[debug] [2025-12-03T18:47:09.252Z] <<< [apiv2][body] GET https://cloudfunctions.googleapis.com/v2/projects/glucose-goose/locations/us-central1/operations/operation-1764787626455-64510a394337f-3cd3c88c-3f356745 {"name":"projects/glucose-goose/locations/us-central1/operations/operation-1764787626455-64510a394337f-3cd3c88c-3f356745","metadata":{"@type":"type.googleapis.com/google.cloud.functions.v2.OperationMetadata","createTime":"2025-12-03T18:47:07.025525530Z","target":"projects/glucose-goose/locations/us-central1/functions/analyzeMeal","verb":"update","cancelRequested":false,"apiVersion":"v2","requestResource":{"@type":"type.googleapis.com/google.cloud.functions.v2.Function","name":"projects/glucose-goose/locations/us-central1/functions/analyzeMeal","buildConfig":{"runtime":"nodejs24","entryPoint":"analyzeMeal","source":{"storageSource":{"bucket":"gcf-v2-sources-101841828420-us-central1","object":"analyzeMeal/function-source.zip","generation":"1764787626980166"}},"environmentVariables":{"GOOGLE_NODE_RUN_SCRIPTS":""},"dockerRepository":"projects/glucose-goose/locations/us-central1/repositories/gcf-artifacts","sourceToken":"Cldwcm9qZWN0cy8xMDE4NDE4Mjg0MjAvbG9jYXRpb25zL3VzLWNlbnRyYWwxL2J1aWxkcy9mMWFhOTE4ZS04OWVlLTQyZDktOGExYy04NTVlMjk3Mzc3OWESbHVzLWNlbnRyYWwxLWRvY2tlci5wa2cuZGV2L2dsdWNvc2UtZ29vc2UvZ2NmLWFydGlmYWN0cy9nbHVjb3NlLS1nb29zZV9fdXMtLWNlbnRyYWwxX19hZGRfdHJlYXRtZW50OnZlcnNpb25fMRjE9Pux+wIiQ3Byb2plY3RzL2dsdWNvc2UtZ29vc2UvbG9jYXRpb25zL3VzLWNlbnRyYWwxL2Z1bmN0aW9ucy9hZGRUcmVhdG1lbnQqCwigi8LJBhDAmo4pMghub2RlanMyNDp2CiNnY3IuaW8vZ2FlLXJ1bnRpbWVzL25vZGVqczI0OnN0YWJsZRJPdXMtY2VudHJhbDEtZG9ja2VyLnBrZy5kZXYvc2VydmVybGVzcy1ydW50aW1lcy9nb29nbGUtMjQtZnVsbC9ydW50aW1lcy9ub2RlanMyNEAB","serviceAccount":"projects/glucose-goose/serviceAccounts/101841828420-compute@developer.gserviceaccount.com","automaticUpdatePolicy":{}},"serviceConfig":{"service":"projects/glucose-goose/locations/us-central1/services/analyzemeal","timeoutSeconds":60,"environmentVariables":{"FIREBASE_CONFIG":"{\"projectId\":\"glucose-goose\",\"storageBucket\":\"glucose-goose.firebasestorage.app\"}","GCLOUD_PROJECT":"glucose-goose","EVENTARC_CLOUD_EVENT_SOURCE":"projects/glucose-goose/locations/us-central1/services/analyzeMeal","FUNCTION_TARGET":"analyzeMeal","LOG_EXECUTION_ID":"true","FUNCTION_SIGNATURE_TYPE":"http"},"ingressSettings":"ALLOW_ALL","serviceAccountEmail":"101841828420-compute@developer.gserviceaccount.com","availableMemory":"256Mi","allTrafficOnLatestRevision":true,"secretEnvironmentVariables":[{"key":"GEMINI_API_KEY","projectId":"glucose-goose","secret":"GEMINI_API_KEY","version":"1"}],"revision":"analyzemeal-00002-ful","maxInstanceRequestConcurrency":80,"availableCpu":"1"},"state":"ACTIVE","labels":{"deployment-tool":"cloudfunctions","firebase-functions-hash":"c15115e71e5534c9e5b6eeb1088dc5df4258ce1d"},"environment":"GEN_2","url":"https://us-central1-glucose-goose.cloudfunctions.net/analyzeMeal","satisfiesPzi":true},"stages":[{"name":"BUILD","message":"Reusing build","state":"COMPLETE","resource":"projects/101841828420/locations/us-central1/builds/f1aa918e-89ee-42d9-8a1c-855e2973779a"},{"name":"SERVICE","message":"Updating Cloud Run service","state":"IN_PROGRESS","resource":"projects/glucose-goose/locations/us-central1/services/analyzemeal","resourceUri":"https://console.cloud.google.com/run/detail/us-central1/analyzemeal?project=glucose-goose","stateMessages":[{"severity":"INFO","type":"CloudRunServiceNewRevisionTrafficInfo","message":"A new revision will be deployed serving with 100% traffic."}]}],"sourceToken":"Cldwcm9qZWN0cy8xMDE4NDE4Mjg0MjAvbG9jYXRpb25zL3VzLWNlbnRyYWwxL2J1aWxkcy9mMWFhOTE4ZS04OWVlLTQyZDktOGExYy04NTVlMjk3Mzc3OWESbHVzLWNlbnRyYWwxLWRvY2tlci5wa2cuZGV2L2dsdWNvc2UtZ29vc2UvZ2NmLWFydGlmYWN0cy9nbHVjb3NlLS1nb29zZV9fdXMtLWNlbnRyYWwxX19hZGRfdHJlYXRtZW50OnZlcnNpb25fMRjE9Pux+wIiQ3Byb2plY3RzL2dsdWNvc2UtZ29vc2UvbG9jYXRpb25zL3VzLWNlbnRyYWwxL2Z1bmN0aW9ucy9hZGRUcmVhdG1lbnQqCwigi8LJBhDAmo4pMghub2RlanMyNDp2CiNnY3IuaW8vZ2FlLXJ1bnRpbWVzL25vZGVqczI0OnN0YWJsZRJPdXMtY2VudHJhbDEtZG9ja2VyLnBrZy5kZXYvc2VydmVybGVzcy1ydW50aW1lcy9nb29nbGUtMjQtZnVsbC9ydW50aW1lcy9ub2RlanMyNEAB","operationType":"UPDATE_FUNCTION","buildName":"projects/101841828420/locations/us-central1/builds/f1aa918e-89ee-42d9-8a1c-855e2973779a"},"done":false}
[debug] [2025-12-03T18:47:09.252Z] Got source token Cldwcm9qZWN0cy8xMDE4NDE4Mjg0MjAvbG9jYXRpb25zL3VzLWNlbnRyYWwxL2J1aWxkcy9mMWFhOTE4ZS04OWVlLTQyZDktOGExYy04NTVlMjk3Mzc3OWESbHVzLWNlbnRyYWwxLWRvY2tlci5wa2cuZGV2L2dsdWNvc2UtZ29vc2UvZ2NmLWFydGlmYWN0cy9nbHVjb3NlLS1nb29zZV9fdXMtLWNlbnRyYWwxX19hZGRfdHJlYXRtZW50OnZlcnNpb25fMRjE9Pux+wIiQ3Byb2plY3RzL2dsdWNvc2UtZ29vc2UvbG9jYXRpb25zL3VzLWNlbnRyYWwxL2Z1bmN0aW9ucy9hZGRUcmVhdG1lbnQqCwigi8LJBhDAmo4pMghub2RlanMyNDp2CiNnY3IuaW8vZ2FlLXJ1bnRpbWVzL25vZGVqczI0OnN0YWJsZRJPdXMtY2VudHJhbDEtZG9ja2VyLnBrZy5kZXYvc2VydmVybGVzcy1ydW50aW1lcy9nb29nbGUtMjQtZnVsbC9ydW50aW1lcy9ub2RlanMyNEAB for region us-central1
[debug] [2025-12-03T18:47:09.256Z] <<< [apiv2][status] GET https://cloudfunctions.googleapis.com/v2/projects/glucose-goose/locations/us-central1/operations/operation-1764787626551-64510a395a778-666df24a-ecece3f3 200
[debug] [2025-12-03T18:47:09.256Z] <<< [apiv2][body] GET https://cloudfunctions.googleapis.com/v2/projects/glucose-goose/locations/us-central1/operations/operation-1764787626551-64510a395a778-666df24a-ecece3f3 {"name":"projects/glucose-goose/locations/us-central1/operations/operation-1764787626551-64510a395a778-666df24a-ecece3f3","metadata":{"@type":"type.googleapis.com/google.cloud.functions.v2.OperationMetadata","createTime":"2025-12-03T18:47:07.102893800Z","target":"projects/glucose-goose/locations/us-central1/functions/simulateGlucose","verb":"update","cancelRequested":false,"apiVersion":"v2","requestResource":{"@type":"type.googleapis.com/google.cloud.functions.v2.Function","name":"projects/glucose-goose/locations/us-central1/functions/simulateGlucose","buildConfig":{"runtime":"nodejs24","entryPoint":"simulateGlucose","source":{"storageSource":{"bucket":"gcf-v2-sources-101841828420-us-central1","object":"simulateGlucose/function-source.zip","generation":"1764787627057845"}},"environmentVariables":{"GOOGLE_NODE_RUN_SCRIPTS":""},"dockerRepository":"projects/glucose-goose/locations/us-central1/repositories/gcf-artifacts","sourceToken":"Cldwcm9qZWN0cy8xMDE4NDE4Mjg0MjAvbG9jYXRpb25zL3VzLWNlbnRyYWwxL2J1aWxkcy9mMWFhOTE4ZS04OWVlLTQyZDktOGExYy04NTVlMjk3Mzc3OWESbHVzLWNlbnRyYWwxLWRvY2tlci5wa2cuZGV2L2dsdWNvc2UtZ29vc2UvZ2NmLWFydGlmYWN0cy9nbHVjb3NlLS1nb29zZV9fdXMtLWNlbnRyYWwxX19hZGRfdHJlYXRtZW50OnZlcnNpb25fMRjE9Pux+wIiQ3Byb2plY3RzL2dsdWNvc2UtZ29vc2UvbG9jYXRpb25zL3VzLWNlbnRyYWwxL2Z1bmN0aW9ucy9hZGRUcmVhdG1lbnQqCwigi8LJBhDAmo4pMghub2RlanMyNDp2CiNnY3IuaW8vZ2FlLXJ1bnRpbWVzL25vZGVqczI0OnN0YWJsZRJPdXMtY2VudHJhbDEtZG9ja2VyLnBrZy5kZXYvc2VydmVybGVzcy1ydW50aW1lcy9nb29nbGUtMjQtZnVsbC9ydW50aW1lcy9ub2RlanMyNEAB","serviceAccount":"projects/glucose-goose/serviceAccounts/101841828420-compute@developer.gserviceaccount.com","automaticUpdatePolicy":{}},"serviceConfig":{"service":"projects/glucose-goose/locations/us-central1/services/simulateglucose","timeoutSeconds":60,"environmentVariables":{"FIREBASE_CONFIG":"{\"projectId\":\"glucose-goose\",\"storageBucket\":\"glucose-goose.firebasestorage.app\"}","GCLOUD_PROJECT":"glucose-goose","EVENTARC_CLOUD_EVENT_SOURCE":"projects/glucose-goose/locations/us-central1/services/simulateGlucose","FUNCTION_TARGET":"simulateGlucose","LOG_EXECUTION_ID":"true","FUNCTION_SIGNATURE_TYPE":"http"},"ingressSettings":"ALLOW_ALL","uri":"https://simulateglucose-ft7us77rra-uc.a.run.app","serviceAccountEmail":"101841828420-compute@developer.gserviceaccount.com","availableMemory":"256Mi","allTrafficOnLatestRevision":true,"secretEnvironmentVariables":[{"key":"NIGHTSCOUT_API_SECRET","projectId":"glucose-goose","secret":"NIGHTSCOUT_API_SECRET","version":"2"},{"key":"NIGHTSCOUT_URL","projectId":"glucose-goose","secret":"NIGHTSCOUT_URL","version":"1"}],"revision":"simulateglucose-00003-des","maxInstanceRequestConcurrency":80,"availableCpu":"1"},"state":"ACTIVE","labels":{"deployment-tool":"cli-firebase","deployment-scheduled":"true","firebase-functions-hash":"80829ee739ca7d92abf09a6c1c126db9c13669c8"},"environment":"GEN_2","url":"https://us-central1-glucose-goose.cloudfunctions.net/simulateGlucose","satisfiesPzi":true},"stages":[{"name":"BUILD","message":"Reusing build","state":"COMPLETE","resource":"projects/101841828420/locations/us-central1/builds/f1aa918e-89ee-42d9-8a1c-855e2973779a"},{"name":"SERVICE","message":"Updating Cloud Run service","state":"IN_PROGRESS","resource":"projects/glucose-goose/locations/us-central1/services/simulateglucose","resourceUri":"https://console.cloud.google.com/run/detail/us-central1/simulateglucose?project=glucose-goose","stateMessages":[{"severity":"INFO","type":"CloudRunServiceNewRevisionTrafficInfo","message":"A new revision will be deployed serving with 100% traffic."}]}],"sourceToken":"Cldwcm9qZWN0cy8xMDE4NDE4Mjg0MjAvbG9jYXRpb25zL3VzLWNlbnRyYWwxL2J1aWxkcy9mMWFhOTE4ZS04OWVlLTQyZDktOGExYy04NTVlMjk3Mzc3OWESbHVzLWNlbnRyYWwxLWRvY2tlci5wa2cuZGV2L2dsdWNvc2UtZ29vc2UvZ2NmLWFydGlmYWN0cy9nbHVjb3NlLS1nb29zZV9fdXMtLWNlbnRyYWwxX19hZGRfdHJlYXRtZW50OnZlcnNpb25fMRjE9Pux+wIiQ3Byb2plY3RzL2dsdWNvc2UtZ29vc2UvbG9jYXRpb25zL3VzLWNlbnRyYWwxL2Z1bmN0aW9ucy9hZGRUcmVhdG1lbnQqCwigi8LJBhDAmo4pMghub2RlanMyNDp2CiNnY3IuaW8vZ2FlLXJ1bnRpbWVzL25vZGVqczI0OnN0YWJsZRJPdXMtY2VudHJhbDEtZG9ja2VyLnBrZy5kZXYvc2VydmVybGVzcy1ydW50aW1lcy9nb29nbGUtMjQtZnVsbC9ydW50aW1lcy9ub2RlanMyNEAB","operationType":"UPDATE_FUNCTION","buildName":"projects/101841828420/locations/us-central1/builds/f1aa918e-89ee-42d9-8a1c-855e2973779a"},"done":false}
[debug] [2025-12-03T18:47:09.257Z] Got source token Cldwcm9qZWN0cy8xMDE4NDE4Mjg0MjAvbG9jYXRpb25zL3VzLWNlbnRyYWwxL2J1aWxkcy9mMWFhOTE4ZS04OWVlLTQyZDktOGExYy04NTVlMjk3Mzc3OWESbHVzLWNlbnRyYWwxLWRvY2tlci5wa2cuZGV2L2dsdWNvc2UtZ29vc2UvZ2NmLWFydGlmYWN0cy9nbHVjb3NlLS1nb29zZV9fdXMtLWNlbnRyYWwxX19hZGRfdHJlYXRtZW50OnZlcnNpb25fMRjE9Pux+wIiQ3Byb2plY3RzL2dsdWNvc2UtZ29vc2UvbG9jYXRpb25zL3VzLWNlbnRyYWwxL2Z1bmN0aW9ucy9hZGRUcmVhdG1lbnQqCwigi8LJBhDAmo4pMghub2RlanMyNDp2CiNnY3IuaW8vZ2FlLXJ1bnRpbWVzL25vZGVqczI0OnN0YWJsZRJPdXMtY2VudHJhbDEtZG9ja2VyLnBrZy5kZXYvc2VydmVybGVzcy1ydW50aW1lcy9nb29nbGUtMjQtZnVsbC9ydW50aW1lcy9ub2RlanMyNEAB for region us-central1
[debug] [2025-12-03T18:47:09.277Z] <<< [apiv2][status] GET https://cloudfunctions.googleapis.com/v2/projects/glucose-goose/locations/us-central1/operations/operation-1764787626545-64510a39590af-5147cd36-7f1650b4 200
[debug] [2025-12-03T18:47:09.278Z] <<< [apiv2][body] GET https://cloudfunctions.googleapis.com/v2/projects/glucose-goose/locations/us-central1/operations/operation-1764787626545-64510a39590af-5147cd36-7f1650b4 {"name":"projects/glucose-goose/locations/us-central1/operations/operation-1764787626545-64510a39590af-5147cd36-7f1650b4","metadata":{"@type":"type.googleapis.com/google.cloud.functions.v2.OperationMetadata","createTime":"2025-12-03T18:47:07.087945307Z","target":"projects/glucose-goose/locations/us-central1/functions/deleteTreatment","verb":"update","cancelRequested":false,"apiVersion":"v2","requestResource":{"@type":"type.googleapis.com/google.cloud.functions.v2.Function","name":"projects/glucose-goose/locations/us-central1/functions/deleteTreatment","buildConfig":{"runtime":"nodejs24","entryPoint":"deleteTreatment","source":{"storageSource":{"bucket":"gcf-v2-sources-101841828420-us-central1","object":"deleteTreatment/function-source.zip","generation":"1764787627038037"}},"environmentVariables":{"GOOGLE_NODE_RUN_SCRIPTS":""},"dockerRepository":"projects/glucose-goose/locations/us-central1/repositories/gcf-artifacts","sourceToken":"Cldwcm9qZWN0cy8xMDE4NDE4Mjg0MjAvbG9jYXRpb25zL3VzLWNlbnRyYWwxL2J1aWxkcy9mMWFhOTE4ZS04OWVlLTQyZDktOGExYy04NTVlMjk3Mzc3OWESbHVzLWNlbnRyYWwxLWRvY2tlci5wa2cuZGV2L2dsdWNvc2UtZ29vc2UvZ2NmLWFydGlmYWN0cy9nbHVjb3NlLS1nb29zZV9fdXMtLWNlbnRyYWwxX19hZGRfdHJlYXRtZW50OnZlcnNpb25fMRjE9Pux+wIiQ3Byb2plY3RzL2dsdWNvc2UtZ29vc2UvbG9jYXRpb25zL3VzLWNlbnRyYWwxL2Z1bmN0aW9ucy9hZGRUcmVhdG1lbnQqCwigi8LJBhDAmo4pMghub2RlanMyNDp2CiNnY3IuaW8vZ2FlLXJ1bnRpbWVzL25vZGVqczI0OnN0YWJsZRJPdXMtY2VudHJhbDEtZG9ja2VyLnBrZy5kZXYvc2VydmVybGVzcy1ydW50aW1lcy9nb29nbGUtMjQtZnVsbC9ydW50aW1lcy9ub2RlanMyNEAB","serviceAccount":"projects/glucose-goose/serviceAccounts/101841828420-compute@developer.gserviceaccount.com","automaticUpdatePolicy":{}},"serviceConfig":{"service":"projects/glucose-goose/locations/us-central1/services/deletetreatment","timeoutSeconds":60,"environmentVariables":{"FIREBASE_CONFIG":"{\"projectId\":\"glucose-goose\",\"storageBucket\":\"glucose-goose.firebasestorage.app\"}","GCLOUD_PROJECT":"glucose-goose","EVENTARC_CLOUD_EVENT_SOURCE":"projects/glucose-goose/locations/us-central1/services/deleteTreatment","FUNCTION_TARGET":"deleteTreatment","LOG_EXECUTION_ID":"true","FUNCTION_SIGNATURE_TYPE":"http"},"ingressSettings":"ALLOW_ALL","uri":"https://deletetreatment-ft7us77rra-uc.a.run.app","serviceAccountEmail":"101841828420-compute@developer.gserviceaccount.com","availableMemory":"256Mi","allTrafficOnLatestRevision":true,"revision":"deletetreatment-00008-cen","maxInstanceRequestConcurrency":80,"availableCpu":"1"},"state":"ACTIVE","labels":{"deployment-tool":"cli-firebase","firebase-functions-hash":"b9ed78d63ff27c1f699d8766eb4cdd37baf3e634"},"environment":"GEN_2","url":"https://us-central1-glucose-goose.cloudfunctions.net/deleteTreatment","satisfiesPzi":true},"stages":[{"name":"BUILD","message":"Reusing build","state":"COMPLETE","resource":"projects/101841828420/locations/us-central1/builds/f1aa918e-89ee-42d9-8a1c-855e2973779a"},{"name":"SERVICE","message":"Updating Cloud Run service","state":"IN_PROGRESS","resource":"projects/glucose-goose/locations/us-central1/services/deletetreatment","resourceUri":"https://console.cloud.google.com/run/detail/us-central1/deletetreatment?project=glucose-goose","stateMessages":[{"severity":"INFO","type":"CloudRunServiceNewRevisionTrafficInfo","message":"A new revision will be deployed serving with 100% traffic."}]}],"sourceToken":"Cldwcm9qZWN0cy8xMDE4NDE4Mjg0MjAvbG9jYXRpb25zL3VzLWNlbnRyYWwxL2J1aWxkcy9mMWFhOTE4ZS04OWVlLTQyZDktOGExYy04NTVlMjk3Mzc3OWESbHVzLWNlbnRyYWwxLWRvY2tlci5wa2cuZGV2L2dsdWNvc2UtZ29vc2UvZ2NmLWFydGlmYWN0cy9nbHVjb3NlLS1nb29zZV9fdXMtLWNlbnRyYWwxX19hZGRfdHJlYXRtZW50OnZlcnNpb25fMRjE9Pux+wIiQ3Byb2plY3RzL2dsdWNvc2UtZ29vc2UvbG9jYXRpb25zL3VzLWNlbnRyYWwxL2Z1bmN0aW9ucy9hZGRUcmVhdG1lbnQqCwigi8LJBhDAmo4pMghub2RlanMyNDp2CiNnY3IuaW8vZ2FlLXJ1bnRpbWVzL25vZGVqczI0OnN0YWJsZRJPdXMtY2VudHJhbDEtZG9ja2VyLnBrZy5kZXYvc2VydmVybGVzcy1ydW50aW1lcy9nb29nbGUtMjQtZnVsbC9ydW50aW1lcy9ub2RlanMyNEAB","operationType":"UPDATE_FUNCTION","buildName":"projects/101841828420/locations/us-central1/builds/f1aa918e-89ee-42d9-8a1c-855e2973779a"},"done":false}
[debug] [2025-12-03T18:47:09.278Z] Got source token Cldwcm9qZWN0cy8xMDE4NDE4Mjg0MjAvbG9jYXRpb25zL3VzLWNlbnRyYWwxL2J1aWxkcy9mMWFhOTE4ZS04OWVlLTQyZDktOGExYy04NTVlMjk3Mzc3OWESbHVzLWNlbnRyYWwxLWRvY2tlci5wa2cuZGV2L2dsdWNvc2UtZ29vc2UvZ2NmLWFydGlmYWN0cy9nbHVjb3NlLS1nb29zZV9fdXMtLWNlbnRyYWwxX19hZGRfdHJlYXRtZW50OnZlcnNpb25fMRjE9Pux+wIiQ3Byb2plY3RzL2dsdWNvc2UtZ29vc2UvbG9jYXRpb25zL3VzLWNlbnRyYWwxL2Z1bmN0aW9ucy9hZGRUcmVhdG1lbnQqCwigi8LJBhDAmo4pMghub2RlanMyNDp2CiNnY3IuaW8vZ2FlLXJ1bnRpbWVzL25vZGVqczI0OnN0YWJsZRJPdXMtY2VudHJhbDEtZG9ja2VyLnBrZy5kZXYvc2VydmVybGVzcy1ydW50aW1lcy9nb29nbGUtMjQtZnVsbC9ydW50aW1lcy9ub2RlanMyNEAB for region us-central1
[debug] [2025-12-03T18:47:09.294Z] <<< [apiv2][status] GET https://cloudfunctions.googleapis.com/v2/projects/glucose-goose/locations/us-central1/operations/operation-1764787626553-64510a395b028-8fe04005-b71e765a 200
[debug] [2025-12-03T18:47:09.294Z] <<< [apiv2][body] GET https://cloudfunctions.googleapis.com/v2/projects/glucose-goose/locations/us-central1/operations/operation-1764787626553-64510a395b028-8fe04005-b71e765a {"name":"projects/glucose-goose/locations/us-central1/operations/operation-1764787626553-64510a395b028-8fe04005-b71e765a","metadata":{"@type":"type.googleapis.com/google.cloud.functions.v2.OperationMetadata","createTime":"2025-12-03T18:47:07.105743487Z","target":"projects/glucose-goose/locations/us-central1/functions/updateTreatment","verb":"update","cancelRequested":false,"apiVersion":"v2","requestResource":{"@type":"type.googleapis.com/google.cloud.functions.v2.Function","name":"projects/glucose-goose/locations/us-central1/functions/updateTreatment","buildConfig":{"runtime":"nodejs24","entryPoint":"updateTreatment","source":{"storageSource":{"bucket":"gcf-v2-sources-101841828420-us-central1","object":"updateTreatment/function-source.zip","generation":"1764787627057576"}},"environmentVariables":{"GOOGLE_NODE_RUN_SCRIPTS":""},"dockerRepository":"projects/glucose-goose/locations/us-central1/repositories/gcf-artifacts","sourceToken":"Cldwcm9qZWN0cy8xMDE4NDE4Mjg0MjAvbG9jYXRpb25zL3VzLWNlbnRyYWwxL2J1aWxkcy9mMWFhOTE4ZS04OWVlLTQyZDktOGExYy04NTVlMjk3Mzc3OWESbHVzLWNlbnRyYWwxLWRvY2tlci5wa2cuZGV2L2dsdWNvc2UtZ29vc2UvZ2NmLWFydGlmYWN0cy9nbHVjb3NlLS1nb29zZV9fdXMtLWNlbnRyYWwxX19hZGRfdHJlYXRtZW50OnZlcnNpb25fMRjE9Pux+wIiQ3Byb2plY3RzL2dsdWNvc2UtZ29vc2UvbG9jYXRpb25zL3VzLWNlbnRyYWwxL2Z1bmN0aW9ucy9hZGRUcmVhdG1lbnQqCwigi8LJBhDAmo4pMghub2RlanMyNDp2CiNnY3IuaW8vZ2FlLXJ1bnRpbWVzL25vZGVqczI0OnN0YWJsZRJPdXMtY2VudHJhbDEtZG9ja2VyLnBrZy5kZXYvc2VydmVybGVzcy1ydW50aW1lcy9nb29nbGUtMjQtZnVsbC9ydW50aW1lcy9ub2RlanMyNEAB","serviceAccount":"projects/glucose-goose/serviceAccounts/101841828420-compute@developer.gserviceaccount.com","automaticUpdatePolicy":{}},"serviceConfig":{"service":"projects/glucose-goose/locations/us-central1/services/updatetreatment","timeoutSeconds":60,"environmentVariables":{"FIREBASE_CONFIG":"{\"projectId\":\"glucose-goose\",\"storageBucket\":\"glucose-goose.firebasestorage.app\"}","GCLOUD_PROJECT":"glucose-goose","EVENTARC_CLOUD_EVENT_SOURCE":"projects/glucose-goose/locations/us-central1/services/updateTreatment","FUNCTION_TARGET":"updateTreatment","LOG_EXECUTION_ID":"true","FUNCTION_SIGNATURE_TYPE":"http"},"ingressSettings":"ALLOW_ALL","uri":"https://updatetreatment-ft7us77rra-uc.a.run.app","serviceAccountEmail":"101841828420-compute@developer.gserviceaccount.com","availableMemory":"256Mi","allTrafficOnLatestRevision":true,"revision":"updatetreatment-00014-kow","maxInstanceRequestConcurrency":80,"availableCpu":"1"},"state":"ACTIVE","labels":{"deployment-tool":"cli-firebase","firebase-functions-hash":"b9ed78d63ff27c1f699d8766eb4cdd37baf3e634"},"environment":"GEN_2","url":"https://us-central1-glucose-goose.cloudfunctions.net/updateTreatment","satisfiesPzi":true},"stages":[{"name":"BUILD","message":"Reusing build","state":"COMPLETE","resource":"projects/101841828420/locations/us-central1/builds/f1aa918e-89ee-42d9-8a1c-855e2973779a"},{"name":"SERVICE","message":"Updating Cloud Run service","state":"IN_PROGRESS","resource":"projects/glucose-goose/locations/us-central1/services/updatetreatment","resourceUri":"https://console.cloud.google.com/run/detail/us-central1/updatetreatment?project=glucose-goose","stateMessages":[{"severity":"INFO","type":"CloudRunServiceNewRevisionTrafficInfo","message":"A new revision will be deployed serving with 100% traffic."}]}],"sourceToken":"Cldwcm9qZWN0cy8xMDE4NDE4Mjg0MjAvbG9jYXRpb25zL3VzLWNlbnRyYWwxL2J1aWxkcy9mMWFhOTE4ZS04OWVlLTQyZDktOGExYy04NTVlMjk3Mzc3OWESbHVzLWNlbnRyYWwxLWRvY2tlci5wa2cuZGV2L2dsdWNvc2UtZ29vc2UvZ2NmLWFydGlmYWN0cy9nbHVjb3NlLS1nb29zZV9fdXMtLWNlbnRyYWwxX19hZGRfdHJlYXRtZW50OnZlcnNpb25fMRjE9Pux+wIiQ3Byb2plY3RzL2dsdWNvc2UtZ29vc2UvbG9jYXRpb25zL3VzLWNlbnRyYWwxL2Z1bmN0aW9ucy9hZGRUcmVhdG1lbnQqCwigi8LJBhDAmo4pMghub2RlanMyNDp2CiNnY3IuaW8vZ2FlLXJ1bnRpbWVzL25vZGVqczI0OnN0YWJsZRJPdXMtY2VudHJhbDEtZG9ja2VyLnBrZy5kZXYvc2VydmVybGVzcy1ydW50aW1lcy9nb29nbGUtMjQtZnVsbC9ydW50aW1lcy9ub2RlanMyNEAB","operationType":"UPDATE_FUNCTION","buildName":"projects/101841828420/locations/us-central1/builds/f1aa918e-89ee-42d9-8a1c-855e2973779a"},"done":false}
[debug] [2025-12-03T18:47:09.294Z] Got source token Cldwcm9qZWN0cy8xMDE4NDE4Mjg0MjAvbG9jYXRpb25zL3VzLWNlbnRyYWwxL2J1aWxkcy9mMWFhOTE4ZS04OWVlLTQyZDktOGExYy04NTVlMjk3Mzc3OWESbHVzLWNlbnRyYWwxLWRvY2tlci5wa2cuZGV2L2dsdWNvc2UtZ29vc2UvZ2NmLWFydGlmYWN0cy9nbHVjb3NlLS1nb29zZV9fdXMtLWNlbnRyYWwxX19hZGRfdHJlYXRtZW50OnZlcnNpb25fMRjE9Pux+wIiQ3Byb2plY3RzL2dsdWNvc2UtZ29vc2UvbG9jYXRpb25zL3VzLWNlbnRyYWwxL2Z1bmN0aW9ucy9hZGRUcmVhdG1lbnQqCwigi8LJBhDAmo4pMghub2RlanMyNDp2CiNnY3IuaW8vZ2FlLXJ1bnRpbWVzL25vZGVqczI0OnN0YWJsZRJPdXMtY2VudHJhbDEtZG9ja2VyLnBrZy5kZXYvc2VydmVybGVzcy1ydW50aW1lcy9nb29nbGUtMjQtZnVsbC9ydW50aW1lcy9ub2RlanMyNEAB for region us-central1
[debug] [2025-12-03T18:47:09.331Z] <<< [apiv2][status] GET https://cloudfunctions.googleapis.com/v2/projects/glucose-goose/locations/us-central1/operations/operation-1764787626535-64510a3956a4c-bf5c0037-59809898 200
[debug] [2025-12-03T18:47:09.332Z] <<< [apiv2][body] GET https://cloudfunctions.googleapis.com/v2/projects/glucose-goose/locations/us-central1/operations/operation-1764787626535-64510a3956a4c-bf5c0037-59809898 {"name":"projects/glucose-goose/locations/us-central1/operations/operation-1764787626535-64510a3956a4c-bf5c0037-59809898","metadata":{"@type":"type.googleapis.com/google.cloud.functions.v2.OperationMetadata","createTime":"2025-12-03T18:47:07.109236309Z","target":"projects/glucose-goose/locations/us-central1/functions/getNightscoutBundle","verb":"update","cancelRequested":false,"apiVersion":"v2","requestResource":{"@type":"type.googleapis.com/google.cloud.functions.v2.Function","name":"projects/glucose-goose/locations/us-central1/functions/getNightscoutBundle","buildConfig":{"runtime":"nodejs24","entryPoint":"getNightscoutBundle","source":{"storageSource":{"bucket":"gcf-v2-sources-101841828420-us-central1","object":"getNightscoutBundle/function-source.zip","generation":"1764787627063613"}},"environmentVariables":{"GOOGLE_NODE_RUN_SCRIPTS":""},"dockerRepository":"projects/glucose-goose/locations/us-central1/repositories/gcf-artifacts","sourceToken":"Cldwcm9qZWN0cy8xMDE4NDE4Mjg0MjAvbG9jYXRpb25zL3VzLWNlbnRyYWwxL2J1aWxkcy9mMWFhOTE4ZS04OWVlLTQyZDktOGExYy04NTVlMjk3Mzc3OWESbHVzLWNlbnRyYWwxLWRvY2tlci5wa2cuZGV2L2dsdWNvc2UtZ29vc2UvZ2NmLWFydGlmYWN0cy9nbHVjb3NlLS1nb29zZV9fdXMtLWNlbnRyYWwxX19hZGRfdHJlYXRtZW50OnZlcnNpb25fMRjE9Pux+wIiQ3Byb2plY3RzL2dsdWNvc2UtZ29vc2UvbG9jYXRpb25zL3VzLWNlbnRyYWwxL2Z1bmN0aW9ucy9hZGRUcmVhdG1lbnQqCwigi8LJBhDAmo4pMghub2RlanMyNDp2CiNnY3IuaW8vZ2FlLXJ1bnRpbWVzL25vZGVqczI0OnN0YWJsZRJPdXMtY2VudHJhbDEtZG9ja2VyLnBrZy5kZXYvc2VydmVybGVzcy1ydW50aW1lcy9nb29nbGUtMjQtZnVsbC9ydW50aW1lcy9ub2RlanMyNEAB","serviceAccount":"projects/glucose-goose/serviceAccounts/101841828420-compute@developer.gserviceaccount.com","automaticUpdatePolicy":{}},"serviceConfig":{"service":"projects/glucose-goose/locations/us-central1/services/getnightscoutbundle","timeoutSeconds":60,"environmentVariables":{"FIREBASE_CONFIG":"{\"projectId\":\"glucose-goose\",\"storageBucket\":\"glucose-goose.firebasestorage.app\"}","GCLOUD_PROJECT":"glucose-goose","EVENTARC_CLOUD_EVENT_SOURCE":"projects/glucose-goose/locations/us-central1/services/getNightscoutBundle","FUNCTION_TARGET":"getNightscoutBundle","LOG_EXECUTION_ID":"true","FUNCTION_SIGNATURE_TYPE":"http"},"ingressSettings":"ALLOW_ALL","uri":"https://getnightscoutbundle-ft7us77rra-uc.a.run.app","serviceAccountEmail":"101841828420-compute@developer.gserviceaccount.com","availableMemory":"256Mi","allTrafficOnLatestRevision":true,"revision":"getnightscoutbundle-00023-cuy","maxInstanceRequestConcurrency":80,"availableCpu":"1"},"state":"ACTIVE","labels":{"deployment-tool":"cli-firebase","firebase-functions-hash":"b9ed78d63ff27c1f699d8766eb4cdd37baf3e634"},"environment":"GEN_2","url":"https://us-central1-glucose-goose.cloudfunctions.net/getNightscoutBundle","satisfiesPzi":true},"stages":[{"name":"BUILD","message":"Reusing build","state":"COMPLETE","resource":"projects/101841828420/locations/us-central1/builds/f1aa918e-89ee-42d9-8a1c-855e2973779a"},{"name":"SERVICE","message":"Updating Cloud Run service","state":"IN_PROGRESS","resource":"projects/glucose-goose/locations/us-central1/services/getnightscoutbundle","resourceUri":"https://console.cloud.google.com/run/detail/us-central1/getnightscoutbundle?project=glucose-goose","stateMessages":[{"severity":"INFO","type":"CloudRunServiceNewRevisionTrafficInfo","message":"A new revision will be deployed serving with 100% traffic."}]}],"sourceToken":"Cldwcm9qZWN0cy8xMDE4NDE4Mjg0MjAvbG9jYXRpb25zL3VzLWNlbnRyYWwxL2J1aWxkcy9mMWFhOTE4ZS04OWVlLTQyZDktOGExYy04NTVlMjk3Mzc3OWESbHVzLWNlbnRyYWwxLWRvY2tlci5wa2cuZGV2L2dsdWNvc2UtZ29vc2UvZ2NmLWFydGlmYWN0cy9nbHVjb3NlLS1nb29zZV9fdXMtLWNlbnRyYWwxX19hZGRfdHJlYXRtZW50OnZlcnNpb25fMRjE9Pux+wIiQ3Byb2plY3RzL2dsdWNvc2UtZ29vc2UvbG9jYXRpb25zL3VzLWNlbnRyYWwxL2Z1bmN0aW9ucy9hZGRUcmVhdG1lbnQqCwigi8LJBhDAmo4pMghub2RlanMyNDp2CiNnY3IuaW8vZ2FlLXJ1bnRpbWVzL25vZGVqczI0OnN0YWJsZRJPdXMtY2VudHJhbDEtZG9ja2VyLnBrZy5kZXYvc2VydmVybGVzcy1ydW50aW1lcy9nb29nbGUtMjQtZnVsbC9ydW50aW1lcy9ub2RlanMyNEAB","operationType":"UPDATE_FUNCTION","buildName":"projects/101841828420/locations/us-central1/builds/f1aa918e-89ee-42d9-8a1c-855e2973779a"},"done":false}
[debug] [2025-12-03T18:47:09.332Z] Got source token Cldwcm9qZWN0cy8xMDE4NDE4Mjg0MjAvbG9jYXRpb25zL3VzLWNlbnRyYWwxL2J1aWxkcy9mMWFhOTE4ZS04OWVlLTQyZDktOGExYy04NTVlMjk3Mzc3OWESbHVzLWNlbnRyYWwxLWRvY2tlci5wa2cuZGV2L2dsdWNvc2UtZ29vc2UvZ2NmLWFydGlmYWN0cy9nbHVjb3NlLS1nb29zZV9fdXMtLWNlbnRyYWwxX19hZGRfdHJlYXRtZW50OnZlcnNpb25fMRjE9Pux+wIiQ3Byb2plY3RzL2dsdWNvc2UtZ29vc2UvbG9jYXRpb25zL3VzLWNlbnRyYWwxL2Z1bmN0aW9ucy9hZGRUcmVhdG1lbnQqCwigi8LJBhDAmo4pMghub2RlanMyNDp2CiNnY3IuaW8vZ2FlLXJ1bnRpbWVzL25vZGVqczI0OnN0YWJsZRJPdXMtY2VudHJhbDEtZG9ja2VyLnBrZy5kZXYvc2VydmVybGVzcy1ydW50aW1lcy9nb29nbGUtMjQtZnVsbC9ydW50aW1lcy9ub2RlanMyNEAB for region us-central1
[debug] [2025-12-03T18:47:10.253Z] [update-default-us-central1-analyzeMeal] Retrying task index 0
[debug] [2025-12-03T18:47:10.253Z] Checked if tokens are valid: true, expires at: 1764789425255
[debug] [2025-12-03T18:47:10.254Z] Checked if tokens are valid: true, expires at: 1764789425255
[debug] [2025-12-03T18:47:10.254Z] >>> [apiv2][query] GET https://cloudfunctions.googleapis.com/v2/projects/glucose-goose/locations/us-central1/operations/operation-1764787626455-64510a394337f-3cd3c88c-3f356745 [none]
[debug] [2025-12-03T18:47:10.259Z] [update-default-us-central1-simulateGlucose] Retrying task index 0
[debug] [2025-12-03T18:47:10.260Z] Checked if tokens are valid: true, expires at: 1764789425255
[debug] [2025-12-03T18:47:10.260Z] Checked if tokens are valid: true, expires at: 1764789425255
[debug] [2025-12-03T18:47:10.261Z] >>> [apiv2][query] GET https://cloudfunctions.googleapis.com/v2/projects/glucose-goose/locations/us-central1/operations/operation-1764787626551-64510a395a778-666df24a-ecece3f3 [none]
[debug] [2025-12-03T18:47:10.278Z] [update-default-us-central1-deleteTreatment] Retrying task index 0
[debug] [2025-12-03T18:47:10.279Z] Checked if tokens are valid: true, expires at: 1764789425255
[debug] [2025-12-03T18:47:10.279Z] Checked if tokens are valid: true, expires at: 1764789425255
[debug] [2025-12-03T18:47:10.279Z] >>> [apiv2][query] GET https://cloudfunctions.googleapis.com/v2/projects/glucose-goose/locations/us-central1/operations/operation-1764787626545-64510a39590af-5147cd36-7f1650b4 [none]
[debug] [2025-12-03T18:47:10.295Z] [update-default-us-central1-updateTreatment] Retrying task index 0
[debug] [2025-12-03T18:47:10.295Z] Checked if tokens are valid: true, expires at: 1764789425255
[debug] [2025-12-03T18:47:10.295Z] Checked if tokens are valid: true, expires at: 1764789425255
[debug] [2025-12-03T18:47:10.296Z] >>> [apiv2][query] GET https://cloudfunctions.googleapis.com/v2/projects/glucose-goose/locations/us-central1/operations/operation-1764787626553-64510a395b028-8fe04005-b71e765a [none]
[debug] [2025-12-03T18:47:10.333Z] [update-default-us-central1-getNightscoutBundle] Retrying task index 0
[debug] [2025-12-03T18:47:10.333Z] Checked if tokens are valid: true, expires at: 1764789425255
[debug] [2025-12-03T18:47:10.334Z] Checked if tokens are valid: true, expires at: 1764789425255
[debug] [2025-12-03T18:47:10.334Z] >>> [apiv2][query] GET https://cloudfunctions.googleapis.com/v2/projects/glucose-goose/locations/us-central1/operations/operation-1764787626535-64510a3956a4c-bf5c0037-59809898 [none]
[debug] [2025-12-03T18:47:11.000Z] <<< [apiv2][status] GET https://cloudfunctions.googleapis.com/v2/projects/glucose-goose/locations/us-central1/operations/operation-1764787626553-64510a395b028-8fe04005-b71e765a 200
[debug] [2025-12-03T18:47:11.000Z] <<< [apiv2][body] GET https://cloudfunctions.googleapis.com/v2/projects/glucose-goose/locations/us-central1/operations/operation-1764787626553-64510a395b028-8fe04005-b71e765a {"name":"projects/glucose-goose/locations/us-central1/operations/operation-1764787626553-64510a395b028-8fe04005-b71e765a","metadata":{"@type":"type.googleapis.com/google.cloud.functions.v2.OperationMetadata","createTime":"2025-12-03T18:47:07.105743487Z","target":"projects/glucose-goose/locations/us-central1/functions/updateTreatment","verb":"update","cancelRequested":false,"apiVersion":"v2","requestResource":{"@type":"type.googleapis.com/google.cloud.functions.v2.Function","name":"projects/glucose-goose/locations/us-central1/functions/updateTreatment","buildConfig":{"runtime":"nodejs24","entryPoint":"updateTreatment","source":{"storageSource":{"bucket":"gcf-v2-sources-101841828420-us-central1","object":"updateTreatment/function-source.zip","generation":"1764787627057576"}},"environmentVariables":{"GOOGLE_NODE_RUN_SCRIPTS":""},"dockerRepository":"projects/glucose-goose/locations/us-central1/repositories/gcf-artifacts","sourceToken":"Cldwcm9qZWN0cy8xMDE4NDE4Mjg0MjAvbG9jYXRpb25zL3VzLWNlbnRyYWwxL2J1aWxkcy9mMWFhOTE4ZS04OWVlLTQyZDktOGExYy04NTVlMjk3Mzc3OWESbHVzLWNlbnRyYWwxLWRvY2tlci5wa2cuZGV2L2dsdWNvc2UtZ29vc2UvZ2NmLWFydGlmYWN0cy9nbHVjb3NlLS1nb29zZV9fdXMtLWNlbnRyYWwxX19hZGRfdHJlYXRtZW50OnZlcnNpb25fMRjE9Pux+wIiQ3Byb2plY3RzL2dsdWNvc2UtZ29vc2UvbG9jYXRpb25zL3VzLWNlbnRyYWwxL2Z1bmN0aW9ucy9hZGRUcmVhdG1lbnQqCwigi8LJBhDAmo4pMghub2RlanMyNDp2CiNnY3IuaW8vZ2FlLXJ1bnRpbWVzL25vZGVqczI0OnN0YWJsZRJPdXMtY2VudHJhbDEtZG9ja2VyLnBrZy5kZXYvc2VydmVybGVzcy1ydW50aW1lcy9nb29nbGUtMjQtZnVsbC9ydW50aW1lcy9ub2RlanMyNEAB","serviceAccount":"projects/glucose-goose/serviceAccounts/101841828420-compute@developer.gserviceaccount.com","automaticUpdatePolicy":{}},"serviceConfig":{"service":"projects/glucose-goose/locations/us-central1/services/updatetreatment","timeoutSeconds":60,"environmentVariables":{"FIREBASE_CONFIG":"{\"projectId\":\"glucose-goose\",\"storageBucket\":\"glucose-goose.firebasestorage.app\"}","GCLOUD_PROJECT":"glucose-goose","EVENTARC_CLOUD_EVENT_SOURCE":"projects/glucose-goose/locations/us-central1/services/updateTreatment","FUNCTION_TARGET":"updateTreatment","LOG_EXECUTION_ID":"true","FUNCTION_SIGNATURE_TYPE":"http"},"ingressSettings":"ALLOW_ALL","uri":"https://updatetreatment-ft7us77rra-uc.a.run.app","serviceAccountEmail":"101841828420-compute@developer.gserviceaccount.com","availableMemory":"256Mi","allTrafficOnLatestRevision":true,"revision":"updatetreatment-00014-kow","maxInstanceRequestConcurrency":80,"availableCpu":"1"},"state":"ACTIVE","labels":{"deployment-tool":"cli-firebase","firebase-functions-hash":"b9ed78d63ff27c1f699d8766eb4cdd37baf3e634"},"environment":"GEN_2","url":"https://us-central1-glucose-goose.cloudfunctions.net/updateTreatment","satisfiesPzi":true},"stages":[{"name":"BUILD","message":"Reusing build","state":"COMPLETE","resource":"projects/101841828420/locations/us-central1/builds/f1aa918e-89ee-42d9-8a1c-855e2973779a"},{"name":"SERVICE","message":"Updating Cloud Run service","state":"IN_PROGRESS","resource":"projects/glucose-goose/locations/us-central1/services/updatetreatment","resourceUri":"https://console.cloud.google.com/run/detail/us-central1/updatetreatment?project=glucose-goose","stateMessages":[{"severity":"INFO","type":"CloudRunServiceNewRevisionTrafficInfo","message":"A new revision will be deployed serving with 100% traffic."}]}],"sourceToken":"Cldwcm9qZWN0cy8xMDE4NDE4Mjg0MjAvbG9jYXRpb25zL3VzLWNlbnRyYWwxL2J1aWxkcy9mMWFhOTE4ZS04OWVlLTQyZDktOGExYy04NTVlMjk3Mzc3OWESbHVzLWNlbnRyYWwxLWRvY2tlci5wa2cuZGV2L2dsdWNvc2UtZ29vc2UvZ2NmLWFydGlmYWN0cy9nbHVjb3NlLS1nb29zZV9fdXMtLWNlbnRyYWwxX19hZGRfdHJlYXRtZW50OnZlcnNpb25fMRjE9Pux+wIiQ3Byb2plY3RzL2dsdWNvc2UtZ29vc2UvbG9jYXRpb25zL3VzLWNlbnRyYWwxL2Z1bmN0aW9ucy9hZGRUcmVhdG1lbnQqCwigi8LJBhDAmo4pMghub2RlanMyNDp2CiNnY3IuaW8vZ2FlLXJ1bnRpbWVzL25vZGVqczI0OnN0YWJsZRJPdXMtY2VudHJhbDEtZG9ja2VyLnBrZy5kZXYvc2VydmVybGVzcy1ydW50aW1lcy9nb29nbGUtMjQtZnVsbC9ydW50aW1lcy9ub2RlanMyNEAB","operationType":"UPDATE_FUNCTION","buildName":"projects/101841828420/locations/us-central1/builds/f1aa918e-89ee-42d9-8a1c-855e2973779a"},"done":false}
[debug] [2025-12-03T18:47:11.001Z] Got source token Cldwcm9qZWN0cy8xMDE4NDE4Mjg0MjAvbG9jYXRpb25zL3VzLWNlbnRyYWwxL2J1aWxkcy9mMWFhOTE4ZS04OWVlLTQyZDktOGExYy04NTVlMjk3Mzc3OWESbHVzLWNlbnRyYWwxLWRvY2tlci5wa2cuZGV2L2dsdWNvc2UtZ29vc2UvZ2NmLWFydGlmYWN0cy9nbHVjb3NlLS1nb29zZV9fdXMtLWNlbnRyYWwxX19hZGRfdHJlYXRtZW50OnZlcnNpb25fMRjE9Pux+wIiQ3Byb2plY3RzL2dsdWNvc2UtZ29vc2UvbG9jYXRpb25zL3VzLWNlbnRyYWwxL2Z1bmN0aW9ucy9hZGRUcmVhdG1lbnQqCwigi8LJBhDAmo4pMghub2RlanMyNDp2CiNnY3IuaW8vZ2FlLXJ1bnRpbWVzL25vZGVqczI0OnN0YWJsZRJPdXMtY2VudHJhbDEtZG9ja2VyLnBrZy5kZXYvc2VydmVybGVzcy1ydW50aW1lcy9nb29nbGUtMjQtZnVsbC9ydW50aW1lcy9ub2RlanMyNEAB for region us-central1
[debug] [2025-12-03T18:47:11.037Z] <<< [apiv2][status] GET https://cloudfunctions.googleapis.com/v2/projects/glucose-goose/locations/us-central1/operations/operation-1764787626551-64510a395a778-666df24a-ecece3f3 200
[debug] [2025-12-03T18:47:11.038Z] <<< [apiv2][body] GET https://cloudfunctions.googleapis.com/v2/projects/glucose-goose/locations/us-central1/operations/operation-1764787626551-64510a395a778-666df24a-ecece3f3 {"name":"projects/glucose-goose/locations/us-central1/operations/operation-1764787626551-64510a395a778-666df24a-ecece3f3","metadata":{"@type":"type.googleapis.com/google.cloud.functions.v2.OperationMetadata","createTime":"2025-12-03T18:47:07.102893800Z","target":"projects/glucose-goose/locations/us-central1/functions/simulateGlucose","verb":"update","cancelRequested":false,"apiVersion":"v2","requestResource":{"@type":"type.googleapis.com/google.cloud.functions.v2.Function","name":"projects/glucose-goose/locations/us-central1/functions/simulateGlucose","buildConfig":{"runtime":"nodejs24","entryPoint":"simulateGlucose","source":{"storageSource":{"bucket":"gcf-v2-sources-101841828420-us-central1","object":"simulateGlucose/function-source.zip","generation":"1764787627057845"}},"environmentVariables":{"GOOGLE_NODE_RUN_SCRIPTS":""},"dockerRepository":"projects/glucose-goose/locations/us-central1/repositories/gcf-artifacts","sourceToken":"Cldwcm9qZWN0cy8xMDE4NDE4Mjg0MjAvbG9jYXRpb25zL3VzLWNlbnRyYWwxL2J1aWxkcy9mMWFhOTE4ZS04OWVlLTQyZDktOGExYy04NTVlMjk3Mzc3OWESbHVzLWNlbnRyYWwxLWRvY2tlci5wa2cuZGV2L2dsdWNvc2UtZ29vc2UvZ2NmLWFydGlmYWN0cy9nbHVjb3NlLS1nb29zZV9fdXMtLWNlbnRyYWwxX19hZGRfdHJlYXRtZW50OnZlcnNpb25fMRjE9Pux+wIiQ3Byb2plY3RzL2dsdWNvc2UtZ29vc2UvbG9jYXRpb25zL3VzLWNlbnRyYWwxL2Z1bmN0aW9ucy9hZGRUcmVhdG1lbnQqCwigi8LJBhDAmo4pMghub2RlanMyNDp2CiNnY3IuaW8vZ2FlLXJ1bnRpbWVzL25vZGVqczI0OnN0YWJsZRJPdXMtY2VudHJhbDEtZG9ja2VyLnBrZy5kZXYvc2VydmVybGVzcy1ydW50aW1lcy9nb29nbGUtMjQtZnVsbC9ydW50aW1lcy9ub2RlanMyNEAB","serviceAccount":"projects/glucose-goose/serviceAccounts/101841828420-compute@developer.gserviceaccount.com","automaticUpdatePolicy":{}},"serviceConfig":{"service":"projects/glucose-goose/locations/us-central1/services/simulateglucose","timeoutSeconds":60,"environmentVariables":{"FIREBASE_CONFIG":"{\"projectId\":\"glucose-goose\",\"storageBucket\":\"glucose-goose.firebasestorage.app\"}","GCLOUD_PROJECT":"glucose-goose","EVENTARC_CLOUD_EVENT_SOURCE":"projects/glucose-goose/locations/us-central1/services/simulateGlucose","FUNCTION_TARGET":"simulateGlucose","LOG_EXECUTION_ID":"true","FUNCTION_SIGNATURE_TYPE":"http"},"ingressSettings":"ALLOW_ALL","uri":"https://simulateglucose-ft7us77rra-uc.a.run.app","serviceAccountEmail":"101841828420-compute@developer.gserviceaccount.com","availableMemory":"256Mi","allTrafficOnLatestRevision":true,"secretEnvironmentVariables":[{"key":"NIGHTSCOUT_API_SECRET","projectId":"glucose-goose","secret":"NIGHTSCOUT_API_SECRET","version":"2"},{"key":"NIGHTSCOUT_URL","projectId":"glucose-goose","secret":"NIGHTSCOUT_URL","version":"1"}],"revision":"simulateglucose-00003-des","maxInstanceRequestConcurrency":80,"availableCpu":"1"},"state":"ACTIVE","labels":{"deployment-tool":"cli-firebase","deployment-scheduled":"true","firebase-functions-hash":"80829ee739ca7d92abf09a6c1c126db9c13669c8"},"environment":"GEN_2","url":"https://us-central1-glucose-goose.cloudfunctions.net/simulateGlucose","satisfiesPzi":true},"stages":[{"name":"BUILD","message":"Reusing build","state":"COMPLETE","resource":"projects/101841828420/locations/us-central1/builds/f1aa918e-89ee-42d9-8a1c-855e2973779a"},{"name":"SERVICE","message":"Updating Cloud Run service","state":"IN_PROGRESS","resource":"projects/glucose-goose/locations/us-central1/services/simulateglucose","resourceUri":"https://console.cloud.google.com/run/detail/us-central1/simulateglucose?project=glucose-goose","stateMessages":[{"severity":"INFO","type":"CloudRunServiceNewRevisionTrafficInfo","message":"A new revision will be deployed serving with 100% traffic."}]}],"sourceToken":"Cldwcm9qZWN0cy8xMDE4NDE4Mjg0MjAvbG9jYXRpb25zL3VzLWNlbnRyYWwxL2J1aWxkcy9mMWFhOTE4ZS04OWVlLTQyZDktOGExYy04NTVlMjk3Mzc3OWESbHVzLWNlbnRyYWwxLWRvY2tlci5wa2cuZGV2L2dsdWNvc2UtZ29vc2UvZ2NmLWFydGlmYWN0cy9nbHVjb3NlLS1nb29zZV9fdXMtLWNlbnRyYWwxX19hZGRfdHJlYXRtZW50OnZlcnNpb25fMRjE9Pux+wIiQ3Byb2plY3RzL2dsdWNvc2UtZ29vc2UvbG9jYXRpb25zL3VzLWNlbnRyYWwxL2Z1bmN0aW9ucy9hZGRUcmVhdG1lbnQqCwigi8LJBhDAmo4pMghub2RlanMyNDp2CiNnY3IuaW8vZ2FlLXJ1bnRpbWVzL25vZGVqczI0OnN0YWJsZRJPdXMtY2VudHJhbDEtZG9ja2VyLnBrZy5kZXYvc2VydmVybGVzcy1ydW50aW1lcy9nb29nbGUtMjQtZnVsbC9ydW50aW1lcy9ub2RlanMyNEAB","operationType":"UPDATE_FUNCTION","buildName":"projects/101841828420/locations/us-central1/builds/f1aa918e-89ee-42d9-8a1c-855e2973779a"},"done":false}
[debug] [2025-12-03T18:47:11.039Z] Got source token Cldwcm9qZWN0cy8xMDE4NDE4Mjg0MjAvbG9jYXRpb25zL3VzLWNlbnRyYWwxL2J1aWxkcy9mMWFhOTE4ZS04OWVlLTQyZDktOGExYy04NTVlMjk3Mzc3OWESbHVzLWNlbnRyYWwxLWRvY2tlci5wa2cuZGV2L2dsdWNvc2UtZ29vc2UvZ2NmLWFydGlmYWN0cy9nbHVjb3NlLS1nb29zZV9fdXMtLWNlbnRyYWwxX19hZGRfdHJlYXRtZW50OnZlcnNpb25fMRjE9Pux+wIiQ3Byb2plY3RzL2dsdWNvc2UtZ29vc2UvbG9jYXRpb25zL3VzLWNlbnRyYWwxL2Z1bmN0aW9ucy9hZGRUcmVhdG1lbnQqCwigi8LJBhDAmo4pMghub2RlanMyNDp2CiNnY3IuaW8vZ2FlLXJ1bnRpbWVzL25vZGVqczI0OnN0YWJsZRJPdXMtY2VudHJhbDEtZG9ja2VyLnBrZy5kZXYvc2VydmVybGVzcy1ydW50aW1lcy9nb29nbGUtMjQtZnVsbC9ydW50aW1lcy9ub2RlanMyNEAB for region us-central1
[debug] [2025-12-03T18:47:11.040Z] <<< [apiv2][status] GET https://cloudfunctions.googleapis.com/v2/projects/glucose-goose/locations/us-central1/operations/operation-1764787626455-64510a394337f-3cd3c88c-3f356745 200
[debug] [2025-12-03T18:47:11.041Z] <<< [apiv2][body] GET https://cloudfunctions.googleapis.com/v2/projects/glucose-goose/locations/us-central1/operations/operation-1764787626455-64510a394337f-3cd3c88c-3f356745 {"name":"projects/glucose-goose/locations/us-central1/operations/operation-1764787626455-64510a394337f-3cd3c88c-3f356745","metadata":{"@type":"type.googleapis.com/google.cloud.functions.v2.OperationMetadata","createTime":"2025-12-03T18:47:07.025525530Z","target":"projects/glucose-goose/locations/us-central1/functions/analyzeMeal","verb":"update","cancelRequested":false,"apiVersion":"v2","requestResource":{"@type":"type.googleapis.com/google.cloud.functions.v2.Function","name":"projects/glucose-goose/locations/us-central1/functions/analyzeMeal","buildConfig":{"runtime":"nodejs24","entryPoint":"analyzeMeal","source":{"storageSource":{"bucket":"gcf-v2-sources-101841828420-us-central1","object":"analyzeMeal/function-source.zip","generation":"1764787626980166"}},"environmentVariables":{"GOOGLE_NODE_RUN_SCRIPTS":""},"dockerRepository":"projects/glucose-goose/locations/us-central1/repositories/gcf-artifacts","sourceToken":"Cldwcm9qZWN0cy8xMDE4NDE4Mjg0MjAvbG9jYXRpb25zL3VzLWNlbnRyYWwxL2J1aWxkcy9mMWFhOTE4ZS04OWVlLTQyZDktOGExYy04NTVlMjk3Mzc3OWESbHVzLWNlbnRyYWwxLWRvY2tlci5wa2cuZGV2L2dsdWNvc2UtZ29vc2UvZ2NmLWFydGlmYWN0cy9nbHVjb3NlLS1nb29zZV9fdXMtLWNlbnRyYWwxX19hZGRfdHJlYXRtZW50OnZlcnNpb25fMRjE9Pux+wIiQ3Byb2plY3RzL2dsdWNvc2UtZ29vc2UvbG9jYXRpb25zL3VzLWNlbnRyYWwxL2Z1bmN0aW9ucy9hZGRUcmVhdG1lbnQqCwigi8LJBhDAmo4pMghub2RlanMyNDp2CiNnY3IuaW8vZ2FlLXJ1bnRpbWVzL25vZGVqczI0OnN0YWJsZRJPdXMtY2VudHJhbDEtZG9ja2VyLnBrZy5kZXYvc2VydmVybGVzcy1ydW50aW1lcy9nb29nbGUtMjQtZnVsbC9ydW50aW1lcy9ub2RlanMyNEAB","serviceAccount":"projects/glucose-goose/serviceAccounts/101841828420-compute@developer.gserviceaccount.com","automaticUpdatePolicy":{}},"serviceConfig":{"service":"projects/glucose-goose/locations/us-central1/services/analyzemeal","timeoutSeconds":60,"environmentVariables":{"FIREBASE_CONFIG":"{\"projectId\":\"glucose-goose\",\"storageBucket\":\"glucose-goose.firebasestorage.app\"}","GCLOUD_PROJECT":"glucose-goose","EVENTARC_CLOUD_EVENT_SOURCE":"projects/glucose-goose/locations/us-central1/services/analyzeMeal","FUNCTION_TARGET":"analyzeMeal","LOG_EXECUTION_ID":"true","FUNCTION_SIGNATURE_TYPE":"http"},"ingressSettings":"ALLOW_ALL","serviceAccountEmail":"101841828420-compute@developer.gserviceaccount.com","availableMemory":"256Mi","allTrafficOnLatestRevision":true,"secretEnvironmentVariables":[{"key":"GEMINI_API_KEY","projectId":"glucose-goose","secret":"GEMINI_API_KEY","version":"1"}],"revision":"analyzemeal-00002-ful","maxInstanceRequestConcurrency":80,"availableCpu":"1"},"state":"ACTIVE","labels":{"deployment-tool":"cloudfunctions","firebase-functions-hash":"c15115e71e5534c9e5b6eeb1088dc5df4258ce1d"},"environment":"GEN_2","url":"https://us-central1-glucose-goose.cloudfunctions.net/analyzeMeal","satisfiesPzi":true},"stages":[{"name":"BUILD","message":"Reusing build","state":"COMPLETE","resource":"projects/101841828420/locations/us-central1/builds/f1aa918e-89ee-42d9-8a1c-855e2973779a"},{"name":"SERVICE","message":"Updating Cloud Run service","state":"IN_PROGRESS","resource":"projects/glucose-goose/locations/us-central1/services/analyzemeal","resourceUri":"https://console.cloud.google.com/run/detail/us-central1/analyzemeal?project=glucose-goose","stateMessages":[{"severity":"INFO","type":"CloudRunServiceNewRevisionTrafficInfo","message":"A new revision will be deployed serving with 100% traffic."}]}],"sourceToken":"Cldwcm9qZWN0cy8xMDE4NDE4Mjg0MjAvbG9jYXRpb25zL3VzLWNlbnRyYWwxL2J1aWxkcy9mMWFhOTE4ZS04OWVlLTQyZDktOGExYy04NTVlMjk3Mzc3OWESbHVzLWNlbnRyYWwxLWRvY2tlci5wa2cuZGV2L2dsdWNvc2UtZ29vc2UvZ2NmLWFydGlmYWN0cy9nbHVjb3NlLS1nb29zZV9fdXMtLWNlbnRyYWwxX19hZGRfdHJlYXRtZW50OnZlcnNpb25fMRjE9Pux+wIiQ3Byb2plY3RzL2dsdWNvc2UtZ29vc2UvbG9jYXRpb25zL3VzLWNlbnRyYWwxL2Z1bmN0aW9ucy9hZGRUcmVhdG1lbnQqCwigi8LJBhDAmo4pMghub2RlanMyNDp2CiNnY3IuaW8vZ2FlLXJ1bnRpbWVzL25vZGVqczI0OnN0YWJsZRJPdXMtY2VudHJhbDEtZG9ja2VyLnBrZy5kZXYvc2VydmVybGVzcy1ydW50aW1lcy9nb29nbGUtMjQtZnVsbC9ydW50aW1lcy9ub2RlanMyNEAB","operationType":"UPDATE_FUNCTION","buildName":"projects/101841828420/locations/us-central1/builds/f1aa918e-89ee-42d9-8a1c-855e2973779a"},"done":false}
[debug] [2025-12-03T18:47:11.042Z] Got source token Cldwcm9qZWN0cy8xMDE4NDE4Mjg0MjAvbG9jYXRpb25zL3VzLWNlbnRyYWwxL2J1aWxkcy9mMWFhOTE4ZS04OWVlLTQyZDktOGExYy04NTVlMjk3Mzc3OWESbHVzLWNlbnRyYWwxLWRvY2tlci5wa2cuZGV2L2dsdWNvc2UtZ29vc2UvZ2NmLWFydGlmYWN0cy9nbHVjb3NlLS1nb29zZV9fdXMtLWNlbnRyYWwxX19hZGRfdHJlYXRtZW50OnZlcnNpb25fMRjE9Pux+wIiQ3Byb2plY3RzL2dsdWNvc2UtZ29vc2UvbG9jYXRpb25zL3VzLWNlbnRyYWwxL2Z1bmN0aW9ucy9hZGRUcmVhdG1lbnQqCwigi8LJBhDAmo4pMghub2RlanMyNDp2CiNnY3IuaW8vZ2FlLXJ1bnRpbWVzL25vZGVqczI0OnN0YWJsZRJPdXMtY2VudHJhbDEtZG9ja2VyLnBrZy5kZXYvc2VydmVybGVzcy1ydW50aW1lcy9nb29nbGUtMjQtZnVsbC9ydW50aW1lcy9ub2RlanMyNEAB for region us-central1
[debug] [2025-12-03T18:47:11.059Z] <<< [apiv2][status] GET https://cloudfunctions.googleapis.com/v2/projects/glucose-goose/locations/us-central1/operations/operation-1764787626545-64510a39590af-5147cd36-7f1650b4 200
[debug] [2025-12-03T18:47:11.059Z] <<< [apiv2][body] GET https://cloudfunctions.googleapis.com/v2/projects/glucose-goose/locations/us-central1/operations/operation-1764787626545-64510a39590af-5147cd36-7f1650b4 {"name":"projects/glucose-goose/locations/us-central1/operations/operation-1764787626545-64510a39590af-5147cd36-7f1650b4","metadata":{"@type":"type.googleapis.com/google.cloud.functions.v2.OperationMetadata","createTime":"2025-12-03T18:47:07.087945307Z","target":"projects/glucose-goose/locations/us-central1/functions/deleteTreatment","verb":"update","cancelRequested":false,"apiVersion":"v2","requestResource":{"@type":"type.googleapis.com/google.cloud.functions.v2.Function","name":"projects/glucose-goose/locations/us-central1/functions/deleteTreatment","buildConfig":{"runtime":"nodejs24","entryPoint":"deleteTreatment","source":{"storageSource":{"bucket":"gcf-v2-sources-101841828420-us-central1","object":"deleteTreatment/function-source.zip","generation":"1764787627038037"}},"environmentVariables":{"GOOGLE_NODE_RUN_SCRIPTS":""},"dockerRepository":"projects/glucose-goose/locations/us-central1/repositories/gcf-artifacts","sourceToken":"Cldwcm9qZWN0cy8xMDE4NDE4Mjg0MjAvbG9jYXRpb25zL3VzLWNlbnRyYWwxL2J1aWxkcy9mMWFhOTE4ZS04OWVlLTQyZDktOGExYy04NTVlMjk3Mzc3OWESbHVzLWNlbnRyYWwxLWRvY2tlci5wa2cuZGV2L2dsdWNvc2UtZ29vc2UvZ2NmLWFydGlmYWN0cy9nbHVjb3NlLS1nb29zZV9fdXMtLWNlbnRyYWwxX19hZGRfdHJlYXRtZW50OnZlcnNpb25fMRjE9Pux+wIiQ3Byb2plY3RzL2dsdWNvc2UtZ29vc2UvbG9jYXRpb25zL3VzLWNlbnRyYWwxL2Z1bmN0aW9ucy9hZGRUcmVhdG1lbnQqCwigi8LJBhDAmo4pMghub2RlanMyNDp2CiNnY3IuaW8vZ2FlLXJ1bnRpbWVzL25vZGVqczI0OnN0YWJsZRJPdXMtY2VudHJhbDEtZG9ja2VyLnBrZy5kZXYvc2VydmVybGVzcy1ydW50aW1lcy9nb29nbGUtMjQtZnVsbC9ydW50aW1lcy9ub2RlanMyNEAB","serviceAccount":"projects/glucose-goose/serviceAccounts/101841828420-compute@developer.gserviceaccount.com","automaticUpdatePolicy":{}},"serviceConfig":{"service":"projects/glucose-goose/locations/us-central1/services/deletetreatment","timeoutSeconds":60,"environmentVariables":{"FIREBASE_CONFIG":"{\"projectId\":\"glucose-goose\",\"storageBucket\":\"glucose-goose.firebasestorage.app\"}","GCLOUD_PROJECT":"glucose-goose","EVENTARC_CLOUD_EVENT_SOURCE":"projects/glucose-goose/locations/us-central1/services/deleteTreatment","FUNCTION_TARGET":"deleteTreatment","LOG_EXECUTION_ID":"true","FUNCTION_SIGNATURE_TYPE":"http"},"ingressSettings":"ALLOW_ALL","uri":"https://deletetreatment-ft7us77rra-uc.a.run.app","serviceAccountEmail":"101841828420-compute@developer.gserviceaccount.com","availableMemory":"256Mi","allTrafficOnLatestRevision":true,"revision":"deletetreatment-00008-cen","maxInstanceRequestConcurrency":80,"availableCpu":"1"},"state":"ACTIVE","labels":{"deployment-tool":"cli-firebase","firebase-functions-hash":"b9ed78d63ff27c1f699d8766eb4cdd37baf3e634"},"environment":"GEN_2","url":"https://us-central1-glucose-goose.cloudfunctions.net/deleteTreatment","satisfiesPzi":true},"stages":[{"name":"BUILD","message":"Reusing build","state":"COMPLETE","resource":"projects/101841828420/locations/us-central1/builds/f1aa918e-89ee-42d9-8a1c-855e2973779a"},{"name":"SERVICE","message":"Updating Cloud Run service","state":"IN_PROGRESS","resource":"projects/glucose-goose/locations/us-central1/services/deletetreatment","resourceUri":"https://console.cloud.google.com/run/detail/us-central1/deletetreatment?project=glucose-goose","stateMessages":[{"severity":"INFO","type":"CloudRunServiceNewRevisionTrafficInfo","message":"A new revision will be deployed serving with 100% traffic."}]}],"sourceToken":"Cldwcm9qZWN0cy8xMDE4NDE4Mjg0MjAvbG9jYXRpb25zL3VzLWNlbnRyYWwxL2J1aWxkcy9mMWFhOTE4ZS04OWVlLTQyZDktOGExYy04NTVlMjk3Mzc3OWESbHVzLWNlbnRyYWwxLWRvY2tlci5wa2cuZGV2L2dsdWNvc2UtZ29vc2UvZ2NmLWFydGlmYWN0cy9nbHVjb3NlLS1nb29zZV9fdXMtLWNlbnRyYWwxX19hZGRfdHJlYXRtZW50OnZlcnNpb25fMRjE9Pux+wIiQ3Byb2plY3RzL2dsdWNvc2UtZ29vc2UvbG9jYXRpb25zL3VzLWNlbnRyYWwxL2Z1bmN0aW9ucy9hZGRUcmVhdG1lbnQqCwigi8LJBhDAmo4pMghub2RlanMyNDp2CiNnY3IuaW8vZ2FlLXJ1bnRpbWVzL25vZGVqczI0OnN0YWJsZRJPdXMtY2VudHJhbDEtZG9ja2VyLnBrZy5kZXYvc2VydmVybGVzcy1ydW50aW1lcy9nb29nbGUtMjQtZnVsbC9ydW50aW1lcy9ub2RlanMyNEAB","operationType":"UPDATE_FUNCTION","buildName":"projects/101841828420/locations/us-central1/builds/f1aa918e-89ee-42d9-8a1c-855e2973779a"},"done":false}
[debug] [2025-12-03T18:47:11.059Z] Got source token Cldwcm9qZWN0cy8xMDE4NDE4Mjg0MjAvbG9jYXRpb25zL3VzLWNlbnRyYWwxL2J1aWxkcy9mMWFhOTE4ZS04OWVlLTQyZDktOGExYy04NTVlMjk3Mzc3OWESbHVzLWNlbnRyYWwxLWRvY2tlci5wa2cuZGV2L2dsdWNvc2UtZ29vc2UvZ2NmLWFydGlmYWN0cy9nbHVjb3NlLS1nb29zZV9fdXMtLWNlbnRyYWwxX19hZGRfdHJlYXRtZW50OnZlcnNpb25fMRjE9Pux+wIiQ3Byb2plY3RzL2dsdWNvc2UtZ29vc2UvbG9jYXRpb25zL3VzLWNlbnRyYWwxL2Z1bmN0aW9ucy9hZGRUcmVhdG1lbnQqCwigi8LJBhDAmo4pMghub2RlanMyNDp2CiNnY3IuaW8vZ2FlLXJ1bnRpbWVzL25vZGVqczI0OnN0YWJsZRJPdXMtY2VudHJhbDEtZG9ja2VyLnBrZy5kZXYvc2VydmVybGVzcy1ydW50aW1lcy9nb29nbGUtMjQtZnVsbC9ydW50aW1lcy9ub2RlanMyNEAB for region us-central1
[debug] [2025-12-03T18:47:11.096Z] <<< [apiv2][status] GET https://cloudfunctions.googleapis.com/v2/projects/glucose-goose/locations/us-central1/operations/operation-1764787626535-64510a3956a4c-bf5c0037-59809898 200
[debug] [2025-12-03T18:47:11.096Z] <<< [apiv2][body] GET https://cloudfunctions.googleapis.com/v2/projects/glucose-goose/locations/us-central1/operations/operation-1764787626535-64510a3956a4c-bf5c0037-59809898 {"name":"projects/glucose-goose/locations/us-central1/operations/operation-1764787626535-64510a3956a4c-bf5c0037-59809898","metadata":{"@type":"type.googleapis.com/google.cloud.functions.v2.OperationMetadata","createTime":"2025-12-03T18:47:07.109236309Z","target":"projects/glucose-goose/locations/us-central1/functions/getNightscoutBundle","verb":"update","cancelRequested":false,"apiVersion":"v2","requestResource":{"@type":"type.googleapis.com/google.cloud.functions.v2.Function","name":"projects/glucose-goose/locations/us-central1/functions/getNightscoutBundle","buildConfig":{"runtime":"nodejs24","entryPoint":"getNightscoutBundle","source":{"storageSource":{"bucket":"gcf-v2-sources-101841828420-us-central1","object":"getNightscoutBundle/function-source.zip","generation":"1764787627063613"}},"environmentVariables":{"GOOGLE_NODE_RUN_SCRIPTS":""},"dockerRepository":"projects/glucose-goose/locations/us-central1/repositories/gcf-artifacts","sourceToken":"Cldwcm9qZWN0cy8xMDE4NDE4Mjg0MjAvbG9jYXRpb25zL3VzLWNlbnRyYWwxL2J1aWxkcy9mMWFhOTE4ZS04OWVlLTQyZDktOGExYy04NTVlMjk3Mzc3OWESbHVzLWNlbnRyYWwxLWRvY2tlci5wa2cuZGV2L2dsdWNvc2UtZ29vc2UvZ2NmLWFydGlmYWN0cy9nbHVjb3NlLS1nb29zZV9fdXMtLWNlbnRyYWwxX19hZGRfdHJlYXRtZW50OnZlcnNpb25fMRjE9Pux+wIiQ3Byb2plY3RzL2dsdWNvc2UtZ29vc2UvbG9jYXRpb25zL3VzLWNlbnRyYWwxL2Z1bmN0aW9ucy9hZGRUcmVhdG1lbnQqCwigi8LJBhDAmo4pMghub2RlanMyNDp2CiNnY3IuaW8vZ2FlLXJ1bnRpbWVzL25vZGVqczI0OnN0YWJsZRJPdXMtY2VudHJhbDEtZG9ja2VyLnBrZy5kZXYvc2VydmVybGVzcy1ydW50aW1lcy9nb29nbGUtMjQtZnVsbC9ydW50aW1lcy9ub2RlanMyNEAB","serviceAccount":"projects/glucose-goose/serviceAccounts/101841828420-compute@developer.gserviceaccount.com","automaticUpdatePolicy":{}},"serviceConfig":{"service":"projects/glucose-goose/locations/us-central1/services/getnightscoutbundle","timeoutSeconds":60,"environmentVariables":{"FIREBASE_CONFIG":"{\"projectId\":\"glucose-goose\",\"storageBucket\":\"glucose-goose.firebasestorage.app\"}","GCLOUD_PROJECT":"glucose-goose","EVENTARC_CLOUD_EVENT_SOURCE":"projects/glucose-goose/locations/us-central1/services/getNightscoutBundle","FUNCTION_TARGET":"getNightscoutBundle","LOG_EXECUTION_ID":"true","FUNCTION_SIGNATURE_TYPE":"http"},"ingressSettings":"ALLOW_ALL","uri":"https://getnightscoutbundle-ft7us77rra-uc.a.run.app","serviceAccountEmail":"101841828420-compute@developer.gserviceaccount.com","availableMemory":"256Mi","allTrafficOnLatestRevision":true,"revision":"getnightscoutbundle-00023-cuy","maxInstanceRequestConcurrency":80,"availableCpu":"1"},"state":"ACTIVE","labels":{"deployment-tool":"cli-firebase","firebase-functions-hash":"b9ed78d63ff27c1f699d8766eb4cdd37baf3e634"},"environment":"GEN_2","url":"https://us-central1-glucose-goose.cloudfunctions.net/getNightscoutBundle","satisfiesPzi":true},"stages":[{"name":"BUILD","message":"Reusing build","state":"COMPLETE","resource":"projects/101841828420/locations/us-central1/builds/f1aa918e-89ee-42d9-8a1c-855e2973779a"},{"name":"SERVICE","message":"Updating Cloud Run service","state":"IN_PROGRESS","resource":"projects/glucose-goose/locations/us-central1/services/getnightscoutbundle","resourceUri":"https://console.cloud.google.com/run/detail/us-central1/getnightscoutbundle?project=glucose-goose","stateMessages":[{"severity":"INFO","type":"CloudRunServiceNewRevisionTrafficInfo","message":"A new revision will be deployed serving with 100% traffic."}]}],"sourceToken":"Cldwcm9qZWN0cy8xMDE4NDE4Mjg0MjAvbG9jYXRpb25zL3VzLWNlbnRyYWwxL2J1aWxkcy9mMWFhOTE4ZS04OWVlLTQyZDktOGExYy04NTVlMjk3Mzc3OWESbHVzLWNlbnRyYWwxLWRvY2tlci5wa2cuZGV2L2dsdWNvc2UtZ29vc2UvZ2NmLWFydGlmYWN0cy9nbHVjb3NlLS1nb29zZV9fdXMtLWNlbnRyYWwxX19hZGRfdHJlYXRtZW50OnZlcnNpb25fMRjE9Pux+wIiQ3Byb2plY3RzL2dsdWNvc2UtZ29vc2UvbG9jYXRpb25zL3VzLWNlbnRyYWwxL2Z1bmN0aW9ucy9hZGRUcmVhdG1lbnQqCwigi8LJBhDAmo4pMghub2RlanMyNDp2CiNnY3IuaW8vZ2FlLXJ1bnRpbWVzL25vZGVqczI0OnN0YWJsZRJPdXMtY2VudHJhbDEtZG9ja2VyLnBrZy5kZXYvc2VydmVybGVzcy1ydW50aW1lcy9nb29nbGUtMjQtZnVsbC9ydW50aW1lcy9ub2RlanMyNEAB","operationType":"UPDATE_FUNCTION","buildName":"projects/101841828420/locations/us-central1/builds/f1aa918e-89ee-42d9-8a1c-855e2973779a"},"done":false}
[debug] [2025-12-03T18:47:11.097Z] Got source token Cldwcm9qZWN0cy8xMDE4NDE4Mjg0MjAvbG9jYXRpb25zL3VzLWNlbnRyYWwxL2J1aWxkcy9mMWFhOTE4ZS04OWVlLTQyZDktOGExYy04NTVlMjk3Mzc3OWESbHVzLWNlbnRyYWwxLWRvY2tlci5wa2cuZGV2L2dsdWNvc2UtZ29vc2UvZ2NmLWFydGlmYWN0cy9nbHVjb3NlLS1nb29zZV9fdXMtLWNlbnRyYWwxX19hZGRfdHJlYXRtZW50OnZlcnNpb25fMRjE9Pux+wIiQ3Byb2plY3RzL2dsdWNvc2UtZ29vc2UvbG9jYXRpb25zL3VzLWNlbnRyYWwxL2Z1bmN0aW9ucy9hZGRUcmVhdG1lbnQqCwigi8LJBhDAmo4pMghub2RlanMyNDp2CiNnY3IuaW8vZ2FlLXJ1bnRpbWVzL25vZGVqczI0OnN0YWJsZRJPdXMtY2VudHJhbDEtZG9ja2VyLnBrZy5kZXYvc2VydmVybGVzcy1ydW50aW1lcy9nb29nbGUtMjQtZnVsbC9ydW50aW1lcy9ub2RlanMyNEAB for region us-central1
[debug] [2025-12-03T18:47:13.001Z] [update-default-us-central1-updateTreatment] Retrying task index 0
[debug] [2025-12-03T18:47:13.002Z] Checked if tokens are valid: true, expires at: 1764789425255
[debug] [2025-12-03T18:47:13.002Z] Checked if tokens are valid: true, expires at: 1764789425255
[debug] [2025-12-03T18:47:13.002Z] >>> [apiv2][query] GET https://cloudfunctions.googleapis.com/v2/projects/glucose-goose/locations/us-central1/operations/operation-1764787626553-64510a395b028-8fe04005-b71e765a [none]
[debug] [2025-12-03T18:47:13.039Z] [update-default-us-central1-simulateGlucose] Retrying task index 0
[debug] [2025-12-03T18:47:13.040Z] Checked if tokens are valid: true, expires at: 1764789425255
[debug] [2025-12-03T18:47:13.041Z] Checked if tokens are valid: true, expires at: 1764789425255
[debug] [2025-12-03T18:47:13.042Z] >>> [apiv2][query] GET https://cloudfunctions.googleapis.com/v2/projects/glucose-goose/locations/us-central1/operations/operation-1764787626551-64510a395a778-666df24a-ecece3f3 [none]
[debug] [2025-12-03T18:47:13.044Z] [update-default-us-central1-analyzeMeal] Retrying task index 0
[debug] [2025-12-03T18:47:13.045Z] Checked if tokens are valid: true, expires at: 1764789425255
[debug] [2025-12-03T18:47:13.045Z] Checked if tokens are valid: true, expires at: 1764789425255
[debug] [2025-12-03T18:47:13.046Z] >>> [apiv2][query] GET https://cloudfunctions.googleapis.com/v2/projects/glucose-goose/locations/us-central1/operations/operation-1764787626455-64510a394337f-3cd3c88c-3f356745 [none]
[debug] [2025-12-03T18:47:13.061Z] [update-default-us-central1-deleteTreatment] Retrying task index 0
[debug] [2025-12-03T18:47:13.062Z] Checked if tokens are valid: true, expires at: 1764789425255
[debug] [2025-12-03T18:47:13.062Z] Checked if tokens are valid: true, expires at: 1764789425255
[debug] [2025-12-03T18:47:13.063Z] >>> [apiv2][query] GET https://cloudfunctions.googleapis.com/v2/projects/glucose-goose/locations/us-central1/operations/operation-1764787626545-64510a39590af-5147cd36-7f1650b4 [none]
[debug] [2025-12-03T18:47:13.098Z] [update-default-us-central1-getNightscoutBundle] Retrying task index 0
[debug] [2025-12-03T18:47:13.099Z] Checked if tokens are valid: true, expires at: 1764789425255
[debug] [2025-12-03T18:47:13.099Z] Checked if tokens are valid: true, expires at: 1764789425255
[debug] [2025-12-03T18:47:13.099Z] >>> [apiv2][query] GET https://cloudfunctions.googleapis.com/v2/projects/glucose-goose/locations/us-central1/operations/operation-1764787626535-64510a3956a4c-bf5c0037-59809898 [none]
[debug] [2025-12-03T18:47:13.347Z] <<< [apiv2][status] GET https://cloudfunctions.googleapis.com/v2/projects/glucose-goose/locations/us-central1/operations/operation-1764787626545-64510a39590af-5147cd36-7f1650b4 200
[debug] [2025-12-03T18:47:13.347Z] <<< [apiv2][body] GET https://cloudfunctions.googleapis.com/v2/projects/glucose-goose/locations/us-central1/operations/operation-1764787626545-64510a39590af-5147cd36-7f1650b4 {"name":"projects/glucose-goose/locations/us-central1/operations/operation-1764787626545-64510a39590af-5147cd36-7f1650b4","metadata":{"@type":"type.googleapis.com/google.cloud.functions.v2.OperationMetadata","createTime":"2025-12-03T18:47:07.087945307Z","endTime":"2025-12-03T18:47:13.031644178Z","target":"projects/glucose-goose/locations/us-central1/functions/deleteTreatment","verb":"update","cancelRequested":false,"apiVersion":"v2","requestResource":{"@type":"type.googleapis.com/google.cloud.functions.v2.Function","name":"projects/glucose-goose/locations/us-central1/functions/deleteTreatment","buildConfig":{"runtime":"nodejs24","entryPoint":"deleteTreatment","source":{"storageSource":{"bucket":"gcf-v2-sources-101841828420-us-central1","object":"deleteTreatment/function-source.zip","generation":"1764787627038037"}},"environmentVariables":{"GOOGLE_NODE_RUN_SCRIPTS":""},"dockerRepository":"projects/glucose-goose/locations/us-central1/repositories/gcf-artifacts","sourceToken":"Cldwcm9qZWN0cy8xMDE4NDE4Mjg0MjAvbG9jYXRpb25zL3VzLWNlbnRyYWwxL2J1aWxkcy9mMWFhOTE4ZS04OWVlLTQyZDktOGExYy04NTVlMjk3Mzc3OWESbHVzLWNlbnRyYWwxLWRvY2tlci5wa2cuZGV2L2dsdWNvc2UtZ29vc2UvZ2NmLWFydGlmYWN0cy9nbHVjb3NlLS1nb29zZV9fdXMtLWNlbnRyYWwxX19hZGRfdHJlYXRtZW50OnZlcnNpb25fMRjE9Pux+wIiQ3Byb2plY3RzL2dsdWNvc2UtZ29vc2UvbG9jYXRpb25zL3VzLWNlbnRyYWwxL2Z1bmN0aW9ucy9hZGRUcmVhdG1lbnQqCwigi8LJBhDAmo4pMghub2RlanMyNDp2CiNnY3IuaW8vZ2FlLXJ1bnRpbWVzL25vZGVqczI0OnN0YWJsZRJPdXMtY2VudHJhbDEtZG9ja2VyLnBrZy5kZXYvc2VydmVybGVzcy1ydW50aW1lcy9nb29nbGUtMjQtZnVsbC9ydW50aW1lcy9ub2RlanMyNEAB","serviceAccount":"projects/glucose-goose/serviceAccounts/101841828420-compute@developer.gserviceaccount.com","automaticUpdatePolicy":{}},"serviceConfig":{"service":"projects/glucose-goose/locations/us-central1/services/deletetreatment","timeoutSeconds":60,"environmentVariables":{"FIREBASE_CONFIG":"{\"projectId\":\"glucose-goose\",\"storageBucket\":\"glucose-goose.firebasestorage.app\"}","GCLOUD_PROJECT":"glucose-goose","EVENTARC_CLOUD_EVENT_SOURCE":"projects/glucose-goose/locations/us-central1/services/deleteTreatment","FUNCTION_TARGET":"deleteTreatment","LOG_EXECUTION_ID":"true","FUNCTION_SIGNATURE_TYPE":"http"},"ingressSettings":"ALLOW_ALL","uri":"https://deletetreatment-ft7us77rra-uc.a.run.app","serviceAccountEmail":"101841828420-compute@developer.gserviceaccount.com","availableMemory":"256Mi","allTrafficOnLatestRevision":true,"revision":"deletetreatment-00008-cen","maxInstanceRequestConcurrency":80,"availableCpu":"1"},"state":"ACTIVE","labels":{"deployment-tool":"cli-firebase","firebase-functions-hash":"b9ed78d63ff27c1f699d8766eb4cdd37baf3e634"},"environment":"GEN_2","url":"https://us-central1-glucose-goose.cloudfunctions.net/deleteTreatment","satisfiesPzi":true},"stages":[{"name":"SERVICE","state":"NOT_STARTED"}],"operationType":"UPDATE_FUNCTION"},"done":true,"error":{"code":3,"message":"Could not create or update Cloud Run service deletetreatment, Container Healthcheck failed. The user-provided container failed to start and listen on the port defined provided by the PORT=8080 environment variable within the allocated timeout. This can happen when the container port is misconfigured or if the timeout is too short. The health check timeout can be extended. Logs for this revision might contain more information.\n\nLogs URL: https://console.cloud.google.com/logs/viewer?project=glucose-goose&resource=cloud_run_revision/service_name/deletetreatment/revision_name/deletetreatment-00009-mek&advancedFilter=resource.type%3D%22cloud_run_revision%22%0Aresource.labels.service_name%3D%22deletetreatment%22%0Aresource.labels.revision_name%3D%22deletetreatment-00009-mek%22 \nFor more troubleshooting guidance, see https://cloud.google.com/run/docs/troubleshooting#container-failed-to-start"}}
[debug] [2025-12-03T18:47:13.348Z] Got source token undefined for region us-central1
[error] Could not create or update Cloud Run service deletetreatment, Container Healthcheck failed. The user-provided container failed to start and listen on the port defined provided by the PORT=8080 environment variable within the allocated timeout. This can happen when the container port is misconfigured or if the timeout is too short. The health check timeout can be extended. Logs for this revision might contain more information.

Logs URL: https://console.cloud.google.com/logs/viewer?project=glucose-goose&resource=cloud_run_revision/service_name/deletetreatment/revision_name/deletetreatment-00009-mek&advancedFilter=resource.type%3D%22cloud_run_revision%22%0Aresource.labels.service_name%3D%22deletetreatment%22%0Aresource.labels.revision_name%3D%22deletetreatment-00009-mek%22 
For more troubleshooting guidance, see https://cloud.google.com/run/docs/troubleshooting#container-failed-to-start
[debug] [2025-12-03T18:47:13.768Z] <<< [apiv2][status] GET https://cloudfunctions.googleapis.com/v2/projects/glucose-goose/locations/us-central1/operations/operation-1764787626553-64510a395b028-8fe04005-b71e765a 200
[debug] [2025-12-03T18:47:13.768Z] <<< [apiv2][body] GET https://cloudfunctions.googleapis.com/v2/projects/glucose-goose/locations/us-central1/operations/operation-1764787626553-64510a395b028-8fe04005-b71e765a {"name":"projects/glucose-goose/locations/us-central1/operations/operation-1764787626553-64510a395b028-8fe04005-b71e765a","metadata":{"@type":"type.googleapis.com/google.cloud.functions.v2.OperationMetadata","createTime":"2025-12-03T18:47:07.105743487Z","endTime":"2025-12-03T18:47:12.986054559Z","target":"projects/glucose-goose/locations/us-central1/functions/updateTreatment","verb":"update","cancelRequested":false,"apiVersion":"v2","requestResource":{"@type":"type.googleapis.com/google.cloud.functions.v2.Function","name":"projects/glucose-goose/locations/us-central1/functions/updateTreatment","buildConfig":{"runtime":"nodejs24","entryPoint":"updateTreatment","source":{"storageSource":{"bucket":"gcf-v2-sources-101841828420-us-central1","object":"updateTreatment/function-source.zip","generation":"1764787627057576"}},"environmentVariables":{"GOOGLE_NODE_RUN_SCRIPTS":""},"dockerRepository":"projects/glucose-goose/locations/us-central1/repositories/gcf-artifacts","sourceToken":"Cldwcm9qZWN0cy8xMDE4NDE4Mjg0MjAvbG9jYXRpb25zL3VzLWNlbnRyYWwxL2J1aWxkcy9mMWFhOTE4ZS04OWVlLTQyZDktOGExYy04NTVlMjk3Mzc3OWESbHVzLWNlbnRyYWwxLWRvY2tlci5wa2cuZGV2L2dsdWNvc2UtZ29vc2UvZ2NmLWFydGlmYWN0cy9nbHVjb3NlLS1nb29zZV9fdXMtLWNlbnRyYWwxX19hZGRfdHJlYXRtZW50OnZlcnNpb25fMRjE9Pux+wIiQ3Byb2plY3RzL2dsdWNvc2UtZ29vc2UvbG9jYXRpb25zL3VzLWNlbnRyYWwxL2Z1bmN0aW9ucy9hZGRUcmVhdG1lbnQqCwigi8LJBhDAmo4pMghub2RlanMyNDp2CiNnY3IuaW8vZ2FlLXJ1bnRpbWVzL25vZGVqczI0OnN0YWJsZRJPdXMtY2VudHJhbDEtZG9ja2VyLnBrZy5kZXYvc2VydmVybGVzcy1ydW50aW1lcy9nb29nbGUtMjQtZnVsbC9ydW50aW1lcy9ub2RlanMyNEAB","serviceAccount":"projects/glucose-goose/serviceAccounts/101841828420-compute@developer.gserviceaccount.com","automaticUpdatePolicy":{}},"serviceConfig":{"service":"projects/glucose-goose/locations/us-central1/services/updatetreatment","timeoutSeconds":60,"environmentVariables":{"FIREBASE_CONFIG":"{\"projectId\":\"glucose-goose\",\"storageBucket\":\"glucose-goose.firebasestorage.app\"}","GCLOUD_PROJECT":"glucose-goose","EVENTARC_CLOUD_EVENT_SOURCE":"projects/glucose-goose/locations/us-central1/services/updateTreatment","FUNCTION_TARGET":"updateTreatment","LOG_EXECUTION_ID":"true","FUNCTION_SIGNATURE_TYPE":"http"},"ingressSettings":"ALLOW_ALL","uri":"https://updatetreatment-ft7us77rra-uc.a.run.app","serviceAccountEmail":"101841828420-compute@developer.gserviceaccount.com","availableMemory":"256Mi","allTrafficOnLatestRevision":true,"revision":"updatetreatment-00014-kow","maxInstanceRequestConcurrency":80,"availableCpu":"1"},"state":"ACTIVE","labels":{"deployment-tool":"cli-firebase","firebase-functions-hash":"b9ed78d63ff27c1f699d8766eb4cdd37baf3e634"},"environment":"GEN_2","url":"https://us-central1-glucose-goose.cloudfunctions.net/updateTreatment","satisfiesPzi":true},"stages":[{"name":"SERVICE","state":"NOT_STARTED"}],"operationType":"UPDATE_FUNCTION"},"done":true,"error":{"code":3,"message":"Could not create or update Cloud Run service updatetreatment, Container Healthcheck failed. The user-provided container failed to start and listen on the port defined provided by the PORT=8080 environment variable within the allocated timeout. This can happen when the container port is misconfigured or if the timeout is too short. The health check timeout can be extended. Logs for this revision might contain more information.\n\nLogs URL: https://console.cloud.google.com/logs/viewer?project=glucose-goose&resource=cloud_run_revision/service_name/updatetreatment/revision_name/updatetreatment-00015-say&advancedFilter=resource.type%3D%22cloud_run_revision%22%0Aresource.labels.service_name%3D%22updatetreatment%22%0Aresource.labels.revision_name%3D%22updatetreatment-00015-say%22 \nFor more troubleshooting guidance, see https://cloud.google.com/run/docs/troubleshooting#container-failed-to-start"}}
[debug] [2025-12-03T18:47:13.769Z] Got source token undefined for region us-central1
[error] Could not create or update Cloud Run service updatetreatment, Container Healthcheck failed. The user-provided container failed to start and listen on the port defined provided by the PORT=8080 environment variable within the allocated timeout. This can happen when the container port is misconfigured or if the timeout is too short. The health check timeout can be extended. Logs for this revision might contain more information.

Logs URL: https://console.cloud.google.com/logs/viewer?project=glucose-goose&resource=cloud_run_revision/service_name/updatetreatment/revision_name/updatetreatment-00015-say&advancedFilter=resource.type%3D%22cloud_run_revision%22%0Aresource.labels.service_name%3D%22updatetreatment%22%0Aresource.labels.revision_name%3D%22updatetreatment-00015-say%22 
For more troubleshooting guidance, see https://cloud.google.com/run/docs/troubleshooting#container-failed-to-start
[debug] [2025-12-03T18:47:13.791Z] <<< [apiv2][status] GET https://cloudfunctions.googleapis.com/v2/projects/glucose-goose/locations/us-central1/operations/operation-1764787626455-64510a394337f-3cd3c88c-3f356745 200
[debug] [2025-12-03T18:47:13.791Z] <<< [apiv2][body] GET https://cloudfunctions.googleapis.com/v2/projects/glucose-goose/locations/us-central1/operations/operation-1764787626455-64510a394337f-3cd3c88c-3f356745 {"name":"projects/glucose-goose/locations/us-central1/operations/operation-1764787626455-64510a394337f-3cd3c88c-3f356745","metadata":{"@type":"type.googleapis.com/google.cloud.functions.v2.OperationMetadata","createTime":"2025-12-03T18:47:07.025525530Z","endTime":"2025-12-03T18:47:13.120543226Z","target":"projects/glucose-goose/locations/us-central1/functions/analyzeMeal","verb":"update","cancelRequested":false,"apiVersion":"v2","requestResource":{"@type":"type.googleapis.com/google.cloud.functions.v2.Function","name":"projects/glucose-goose/locations/us-central1/functions/analyzeMeal","buildConfig":{"runtime":"nodejs24","entryPoint":"analyzeMeal","source":{"storageSource":{"bucket":"gcf-v2-sources-101841828420-us-central1","object":"analyzeMeal/function-source.zip","generation":"1764787626980166"}},"environmentVariables":{"GOOGLE_NODE_RUN_SCRIPTS":""},"dockerRepository":"projects/glucose-goose/locations/us-central1/repositories/gcf-artifacts","sourceToken":"Cldwcm9qZWN0cy8xMDE4NDE4Mjg0MjAvbG9jYXRpb25zL3VzLWNlbnRyYWwxL2J1aWxkcy9mMWFhOTE4ZS04OWVlLTQyZDktOGExYy04NTVlMjk3Mzc3OWESbHVzLWNlbnRyYWwxLWRvY2tlci5wa2cuZGV2L2dsdWNvc2UtZ29vc2UvZ2NmLWFydGlmYWN0cy9nbHVjb3NlLS1nb29zZV9fdXMtLWNlbnRyYWwxX19hZGRfdHJlYXRtZW50OnZlcnNpb25fMRjE9Pux+wIiQ3Byb2plY3RzL2dsdWNvc2UtZ29vc2UvbG9jYXRpb25zL3VzLWNlbnRyYWwxL2Z1bmN0aW9ucy9hZGRUcmVhdG1lbnQqCwigi8LJBhDAmo4pMghub2RlanMyNDp2CiNnY3IuaW8vZ2FlLXJ1bnRpbWVzL25vZGVqczI0OnN0YWJsZRJPdXMtY2VudHJhbDEtZG9ja2VyLnBrZy5kZXYvc2VydmVybGVzcy1ydW50aW1lcy9nb29nbGUtMjQtZnVsbC9ydW50aW1lcy9ub2RlanMyNEAB","serviceAccount":"projects/glucose-goose/serviceAccounts/101841828420-compute@developer.gserviceaccount.com","automaticUpdatePolicy":{}},"serviceConfig":{"service":"projects/glucose-goose/locations/us-central1/services/analyzemeal","timeoutSeconds":60,"environmentVariables":{"FIREBASE_CONFIG":"{\"projectId\":\"glucose-goose\",\"storageBucket\":\"glucose-goose.firebasestorage.app\"}","GCLOUD_PROJECT":"glucose-goose","EVENTARC_CLOUD_EVENT_SOURCE":"projects/glucose-goose/locations/us-central1/services/analyzeMeal","FUNCTION_TARGET":"analyzeMeal","LOG_EXECUTION_ID":"true","FUNCTION_SIGNATURE_TYPE":"http"},"ingressSettings":"ALLOW_ALL","serviceAccountEmail":"101841828420-compute@developer.gserviceaccount.com","availableMemory":"256Mi","allTrafficOnLatestRevision":true,"secretEnvironmentVariables":[{"key":"GEMINI_API_KEY","projectId":"glucose-goose","secret":"GEMINI_API_KEY","version":"1"}],"revision":"analyzemeal-00002-ful","maxInstanceRequestConcurrency":80,"availableCpu":"1"},"state":"ACTIVE","labels":{"deployment-tool":"cloudfunctions","firebase-functions-hash":"c15115e71e5534c9e5b6eeb1088dc5df4258ce1d"},"environment":"GEN_2","url":"https://us-central1-glucose-goose.cloudfunctions.net/analyzeMeal","satisfiesPzi":true},"stages":[{"name":"SERVICE","state":"NOT_STARTED"}],"operationType":"UPDATE_FUNCTION"},"done":true,"error":{"code":3,"message":"Could not create or update Cloud Run service analyzemeal, Container Healthcheck failed. Revision 'analyzemeal-00003-bof' is not ready and cannot serve traffic. The user-provided container failed to start and listen on the port defined provided by the PORT=8080 environment variable within the allocated timeout. This can happen when the container port is misconfigured or if the timeout is too short. The health check timeout can be extended. Logs for this revision might contain more information.\n\nLogs URL: https://console.cloud.google.com/logs/viewer?project=glucose-goose&resource=cloud_run_revision/service_name/analyzemeal/revision_name/analyzemeal-00003-bof&advancedFilter=resource.type%3D%22cloud_run_revision%22%0Aresource.labels.service_name%3D%22analyzemeal%22%0Aresource.labels.revision_name%3D%22analyzemeal-00003-bof%22 \nFor more troubleshooting guidance, see https://cloud.google.com/run/docs/troubleshooting#container-failed-to-start"}}
[debug] [2025-12-03T18:47:13.792Z] Got source token undefined for region us-central1
[error] Could not create or update Cloud Run service analyzemeal, Container Healthcheck failed. Revision 'analyzemeal-00003-bof' is not ready and cannot serve traffic. The user-provided container failed to start and listen on the port defined provided by the PORT=8080 environment variable within the allocated timeout. This can happen when the container port is misconfigured or if the timeout is too short. The health check timeout can be extended. Logs for this revision might contain more information.

Logs URL: https://console.cloud.google.com/logs/viewer?project=glucose-goose&resource=cloud_run_revision/service_name/analyzemeal/revision_name/analyzemeal-00003-bof&advancedFilter=resource.type%3D%22cloud_run_revision%22%0Aresource.labels.service_name%3D%22analyzemeal%22%0Aresource.labels.revision_name%3D%22analyzemeal-00003-bof%22 
For more troubleshooting guidance, see https://cloud.google.com/run/docs/troubleshooting#container-failed-to-start
[debug] [2025-12-03T18:47:13.795Z] <<< [apiv2][status] GET https://cloudfunctions.googleapis.com/v2/projects/glucose-goose/locations/us-central1/operations/operation-1764787626551-64510a395a778-666df24a-ecece3f3 200
[debug] [2025-12-03T18:47:13.796Z] <<< [apiv2][body] GET https://cloudfunctions.googleapis.com/v2/projects/glucose-goose/locations/us-central1/operations/operation-1764787626551-64510a395a778-666df24a-ecece3f3 {"name":"projects/glucose-goose/locations/us-central1/operations/operation-1764787626551-64510a395a778-666df24a-ecece3f3","metadata":{"@type":"type.googleapis.com/google.cloud.functions.v2.OperationMetadata","createTime":"2025-12-03T18:47:07.102893800Z","endTime":"2025-12-03T18:47:13.190918365Z","target":"projects/glucose-goose/locations/us-central1/functions/simulateGlucose","verb":"update","cancelRequested":false,"apiVersion":"v2","requestResource":{"@type":"type.googleapis.com/google.cloud.functions.v2.Function","name":"projects/glucose-goose/locations/us-central1/functions/simulateGlucose","buildConfig":{"runtime":"nodejs24","entryPoint":"simulateGlucose","source":{"storageSource":{"bucket":"gcf-v2-sources-101841828420-us-central1","object":"simulateGlucose/function-source.zip","generation":"1764787627057845"}},"environmentVariables":{"GOOGLE_NODE_RUN_SCRIPTS":""},"dockerRepository":"projects/glucose-goose/locations/us-central1/repositories/gcf-artifacts","sourceToken":"Cldwcm9qZWN0cy8xMDE4NDE4Mjg0MjAvbG9jYXRpb25zL3VzLWNlbnRyYWwxL2J1aWxkcy9mMWFhOTE4ZS04OWVlLTQyZDktOGExYy04NTVlMjk3Mzc3OWESbHVzLWNlbnRyYWwxLWRvY2tlci5wa2cuZGV2L2dsdWNvc2UtZ29vc2UvZ2NmLWFydGlmYWN0cy9nbHVjb3NlLS1nb29zZV9fdXMtLWNlbnRyYWwxX19hZGRfdHJlYXRtZW50OnZlcnNpb25fMRjE9Pux+wIiQ3Byb2plY3RzL2dsdWNvc2UtZ29vc2UvbG9jYXRpb25zL3VzLWNlbnRyYWwxL2Z1bmN0aW9ucy9hZGRUcmVhdG1lbnQqCwigi8LJBhDAmo4pMghub2RlanMyNDp2CiNnY3IuaW8vZ2FlLXJ1bnRpbWVzL25vZGVqczI0OnN0YWJsZRJPdXMtY2VudHJhbDEtZG9ja2VyLnBrZy5kZXYvc2VydmVybGVzcy1ydW50aW1lcy9nb29nbGUtMjQtZnVsbC9ydW50aW1lcy9ub2RlanMyNEAB","serviceAccount":"projects/glucose-goose/serviceAccounts/101841828420-compute@developer.gserviceaccount.com","automaticUpdatePolicy":{}},"serviceConfig":{"service":"projects/glucose-goose/locations/us-central1/services/simulateglucose","timeoutSeconds":60,"environmentVariables":{"FIREBASE_CONFIG":"{\"projectId\":\"glucose-goose\",\"storageBucket\":\"glucose-goose.firebasestorage.app\"}","GCLOUD_PROJECT":"glucose-goose","EVENTARC_CLOUD_EVENT_SOURCE":"projects/glucose-goose/locations/us-central1/services/simulateGlucose","FUNCTION_TARGET":"simulateGlucose","LOG_EXECUTION_ID":"true","FUNCTION_SIGNATURE_TYPE":"http"},"ingressSettings":"ALLOW_ALL","uri":"https://simulateglucose-ft7us77rra-uc.a.run.app","serviceAccountEmail":"101841828420-compute@developer.gserviceaccount.com","availableMemory":"256Mi","allTrafficOnLatestRevision":true,"secretEnvironmentVariables":[{"key":"NIGHTSCOUT_API_SECRET","projectId":"glucose-goose","secret":"NIGHTSCOUT_API_SECRET","version":"2"},{"key":"NIGHTSCOUT_URL","projectId":"glucose-goose","secret":"NIGHTSCOUT_URL","version":"1"}],"revision":"simulateglucose-00003-des","maxInstanceRequestConcurrency":80,"availableCpu":"1"},"state":"ACTIVE","labels":{"deployment-tool":"cli-firebase","deployment-scheduled":"true","firebase-functions-hash":"80829ee739ca7d92abf09a6c1c126db9c13669c8"},"environment":"GEN_2","url":"https://us-central1-glucose-goose.cloudfunctions.net/simulateGlucose","satisfiesPzi":true},"stages":[{"name":"SERVICE","state":"NOT_STARTED"}],"operationType":"UPDATE_FUNCTION"},"done":true,"error":{"code":3,"message":"Could not create or update Cloud Run service simulateglucose, Container Healthcheck failed. The user-provided container failed to start and listen on the port defined provided by the PORT=8080 environment variable within the allocated timeout. This can happen when the container port is misconfigured or if the timeout is too short. The health check timeout can be extended. Logs for this revision might contain more information.\n\nLogs URL: https://console.cloud.google.com/logs/viewer?project=glucose-goose&resource=cloud_run_revision/service_name/simulateglucose/revision_name/simulateglucose-00004-poh&advancedFilter=resource.type%3D%22cloud_run_revision%22%0Aresource.labels.service_name%3D%22simulateglucose%22%0Aresource.labels.revision_name%3D%22simulateglucose-00004-poh%22 \nFor more troubleshooting guidance, see https://cloud.google.com/run/docs/troubleshooting#container-failed-to-start"}}
[debug] [2025-12-03T18:47:13.796Z] Got source token undefined for region us-central1
[error] Could not create or update Cloud Run service simulateglucose, Container Healthcheck failed. The user-provided container failed to start and listen on the port defined provided by the PORT=8080 environment variable within the allocated timeout. This can happen when the container port is misconfigured or if the timeout is too short. The health check timeout can be extended. Logs for this revision might contain more information.

Logs URL: https://console.cloud.google.com/logs/viewer?project=glucose-goose&resource=cloud_run_revision/service_name/simulateglucose/revision_name/simulateglucose-00004-poh&advancedFilter=resource.type%3D%22cloud_run_revision%22%0Aresource.labels.service_name%3D%22simulateglucose%22%0Aresource.labels.revision_name%3D%22simulateglucose-00004-poh%22 
For more troubleshooting guidance, see https://cloud.google.com/run/docs/troubleshooting#container-failed-to-start
[debug] [2025-12-03T18:47:13.827Z] <<< [apiv2][status] GET https://cloudfunctions.googleapis.com/v2/projects/glucose-goose/locations/us-central1/operations/operation-1764787626535-64510a3956a4c-bf5c0037-59809898 200
[debug] [2025-12-03T18:47:13.827Z] <<< [apiv2][body] GET https://cloudfunctions.googleapis.com/v2/projects/glucose-goose/locations/us-central1/operations/operation-1764787626535-64510a3956a4c-bf5c0037-59809898 {"name":"projects/glucose-goose/locations/us-central1/operations/operation-1764787626535-64510a3956a4c-bf5c0037-59809898","metadata":{"@type":"type.googleapis.com/google.cloud.functions.v2.OperationMetadata","createTime":"2025-12-03T18:47:07.109236309Z","endTime":"2025-12-03T18:47:12.832111744Z","target":"projects/glucose-goose/locations/us-central1/functions/getNightscoutBundle","verb":"update","cancelRequested":false,"apiVersion":"v2","requestResource":{"@type":"type.googleapis.com/google.cloud.functions.v2.Function","name":"projects/glucose-goose/locations/us-central1/functions/getNightscoutBundle","buildConfig":{"runtime":"nodejs24","entryPoint":"getNightscoutBundle","source":{"storageSource":{"bucket":"gcf-v2-sources-101841828420-us-central1","object":"getNightscoutBundle/function-source.zip","generation":"1764787627063613"}},"environmentVariables":{"GOOGLE_NODE_RUN_SCRIPTS":""},"dockerRepository":"projects/glucose-goose/locations/us-central1/repositories/gcf-artifacts","sourceToken":"Cldwcm9qZWN0cy8xMDE4NDE4Mjg0MjAvbG9jYXRpb25zL3VzLWNlbnRyYWwxL2J1aWxkcy9mMWFhOTE4ZS04OWVlLTQyZDktOGExYy04NTVlMjk3Mzc3OWESbHVzLWNlbnRyYWwxLWRvY2tlci5wa2cuZGV2L2dsdWNvc2UtZ29vc2UvZ2NmLWFydGlmYWN0cy9nbHVjb3NlLS1nb29zZV9fdXMtLWNlbnRyYWwxX19hZGRfdHJlYXRtZW50OnZlcnNpb25fMRjE9Pux+wIiQ3Byb2plY3RzL2dsdWNvc2UtZ29vc2UvbG9jYXRpb25zL3VzLWNlbnRyYWwxL2Z1bmN0aW9ucy9hZGRUcmVhdG1lbnQqCwigi8LJBhDAmo4pMghub2RlanMyNDp2CiNnY3IuaW8vZ2FlLXJ1bnRpbWVzL25vZGVqczI0OnN0YWJsZRJPdXMtY2VudHJhbDEtZG9ja2VyLnBrZy5kZXYvc2VydmVybGVzcy1ydW50aW1lcy9nb29nbGUtMjQtZnVsbC9ydW50aW1lcy9ub2RlanMyNEAB","serviceAccount":"projects/glucose-goose/serviceAccounts/101841828420-compute@developer.gserviceaccount.com","automaticUpdatePolicy":{}},"serviceConfig":{"service":"projects/glucose-goose/locations/us-central1/services/getnightscoutbundle","timeoutSeconds":60,"environmentVariables":{"FIREBASE_CONFIG":"{\"projectId\":\"glucose-goose\",\"storageBucket\":\"glucose-goose.firebasestorage.app\"}","GCLOUD_PROJECT":"glucose-goose","EVENTARC_CLOUD_EVENT_SOURCE":"projects/glucose-goose/locations/us-central1/services/getNightscoutBundle","FUNCTION_TARGET":"getNightscoutBundle","LOG_EXECUTION_ID":"true","FUNCTION_SIGNATURE_TYPE":"http"},"ingressSettings":"ALLOW_ALL","uri":"https://getnightscoutbundle-ft7us77rra-uc.a.run.app","serviceAccountEmail":"101841828420-compute@developer.gserviceaccount.com","availableMemory":"256Mi","allTrafficOnLatestRevision":true,"revision":"getnightscoutbundle-00023-cuy","maxInstanceRequestConcurrency":80,"availableCpu":"1"},"state":"ACTIVE","labels":{"deployment-tool":"cli-firebase","firebase-functions-hash":"b9ed78d63ff27c1f699d8766eb4cdd37baf3e634"},"environment":"GEN_2","url":"https://us-central1-glucose-goose.cloudfunctions.net/getNightscoutBundle","satisfiesPzi":true},"stages":[{"name":"SERVICE","state":"NOT_STARTED"}],"operationType":"UPDATE_FUNCTION"},"done":true,"error":{"code":3,"message":"Could not create or update Cloud Run service getnightscoutbundle, Container Healthcheck failed. Revision 'getnightscoutbundle-00024-rug' is not ready and cannot serve traffic. The user-provided container failed to start and listen on the port defined provided by the PORT=8080 environment variable within the allocated timeout. This can happen when the container port is misconfigured or if the timeout is too short. The health check timeout can be extended. Logs for this revision might contain more information.\n\nLogs URL: https://console.cloud.google.com/logs/viewer?project=glucose-goose&resource=cloud_run_revision/service_name/getnightscoutbundle/revision_name/getnightscoutbundle-00024-rug&advancedFilter=resource.type%3D%22cloud_run_revision%22%0Aresource.labels.service_name%3D%22getnightscoutbundle%22%0Aresource.labels.revision_name%3D%22getnightscoutbundle-00024-rug%22 \nFor more troubleshooting guidance, see https://cloud.google.com/run/docs/troubleshooting#container-failed-to-start"}}
[debug] [2025-12-03T18:47:13.828Z] Got source token undefined for region us-central1
[error] Could not create or update Cloud Run service getnightscoutbundle, Container Healthcheck failed. Revision 'getnightscoutbundle-00024-rug' is not ready and cannot serve traffic. The user-provided container failed to start and listen on the port defined provided by the PORT=8080 environment variable within the allocated timeout. This can happen when the container port is misconfigured or if the timeout is too short. The health check timeout can be extended. Logs for this revision might contain more information.

Logs URL: https://console.cloud.google.com/logs/viewer?project=glucose-goose&resource=cloud_run_revision/service_name/getnightscoutbundle/revision_name/getnightscoutbundle-00024-rug&advancedFilter=resource.type%3D%22cloud_run_revision%22%0Aresource.labels.service_name%3D%22getnightscoutbundle%22%0Aresource.labels.revision_name%3D%22getnightscoutbundle-00024-rug%22 
For more troubleshooting guidance, see https://cloud.google.com/run/docs/troubleshooting#container-failed-to-start
[debug] [2025-12-03T18:47:15.772Z] [update-default-us-central1-addTreatment] Retrying task index 0
[debug] [2025-12-03T18:47:15.773Z] Checked if tokens are valid: true, expires at: 1764789425255
[debug] [2025-12-03T18:47:15.774Z] Checked if tokens are valid: true, expires at: 1764789425255
[debug] [2025-12-03T18:47:15.774Z] >>> [apiv2][query] GET https://cloudfunctions.googleapis.com/v2/projects/glucose-goose/locations/us-central1/operations/operation-1764787571764-64510a051adf4-aceee3fc-009c1f64 [none]
[debug] [2025-12-03T18:47:16.545Z] <<< [apiv2][status] GET https://cloudfunctions.googleapis.com/v2/projects/glucose-goose/locations/us-central1/operations/operation-1764787571764-64510a051adf4-aceee3fc-009c1f64 200
[debug] [2025-12-03T18:47:16.546Z] <<< [apiv2][body] GET https://cloudfunctions.googleapis.com/v2/projects/glucose-goose/locations/us-central1/operations/operation-1764787571764-64510a051adf4-aceee3fc-009c1f64 {"name":"projects/glucose-goose/locations/us-central1/operations/operation-1764787571764-64510a051adf4-aceee3fc-009c1f64","metadata":{"@type":"type.googleapis.com/google.cloud.functions.v2.OperationMetadata","createTime":"2025-12-03T18:46:12.456967169Z","endTime":"2025-12-03T18:47:13.824761014Z","target":"projects/glucose-goose/locations/us-central1/functions/addTreatment","verb":"update","cancelRequested":false,"apiVersion":"v2","requestResource":{"@type":"type.googleapis.com/google.cloud.functions.v2.Function","name":"projects/glucose-goose/locations/us-central1/functions/addTreatment","buildConfig":{"runtime":"nodejs24","entryPoint":"addTreatment","source":{"storageSource":{"bucket":"gcf-v2-sources-101841828420-us-central1","object":"addTreatment/function-source.zip","generation":"1764787572404313"}},"environmentVariables":{"GOOGLE_NODE_RUN_SCRIPTS":""},"dockerRepository":"projects/glucose-goose/locations/us-central1/repositories/gcf-artifacts","serviceAccount":"projects/glucose-goose/serviceAccounts/101841828420-compute@developer.gserviceaccount.com","automaticUpdatePolicy":{}},"serviceConfig":{"service":"projects/glucose-goose/locations/us-central1/services/addtreatment","timeoutSeconds":60,"environmentVariables":{"FIREBASE_CONFIG":"{\"projectId\":\"glucose-goose\",\"storageBucket\":\"glucose-goose.firebasestorage.app\"}","GCLOUD_PROJECT":"glucose-goose","EVENTARC_CLOUD_EVENT_SOURCE":"projects/glucose-goose/locations/us-central1/services/addTreatment","FUNCTION_TARGET":"addTreatment","LOG_EXECUTION_ID":"true","FUNCTION_SIGNATURE_TYPE":"http"},"ingressSettings":"ALLOW_ALL","uri":"https://addtreatment-ft7us77rra-uc.a.run.app","serviceAccountEmail":"101841828420-compute@developer.gserviceaccount.com","availableMemory":"256Mi","allTrafficOnLatestRevision":true,"revision":"addtreatment-00021-sul","maxInstanceRequestConcurrency":80,"availableCpu":"1"},"state":"ACTIVE","labels":{"deployment-tool":"cli-firebase","firebase-functions-hash":"b9ed78d63ff27c1f699d8766eb4cdd37baf3e634"},"environment":"GEN_2","url":"https://us-central1-glucose-goose.cloudfunctions.net/addTreatment","satisfiesPzi":true},"stages":[{"name":"SERVICE","state":"NOT_STARTED"}],"operationType":"UPDATE_FUNCTION"},"done":true,"error":{"code":3,"message":"Could not create or update Cloud Run service addtreatment, Container Healthcheck failed. The user-provided container failed to start and listen on the port defined provided by the PORT=8080 environment variable within the allocated timeout. This can happen when the container port is misconfigured or if the timeout is too short. The health check timeout can be extended. Logs for this revision might contain more information.\n\nLogs URL: https://console.cloud.google.com/logs/viewer?project=glucose-goose&resource=cloud_run_revision/service_name/addtreatment/revision_name/addtreatment-00022-xad&advancedFilter=resource.type%3D%22cloud_run_revision%22%0Aresource.labels.service_name%3D%22addtreatment%22%0Aresource.labels.revision_name%3D%22addtreatment-00022-xad%22 \nFor more troubleshooting guidance, see https://cloud.google.com/run/docs/troubleshooting#container-failed-to-start"}}
[debug] [2025-12-03T18:47:16.546Z] Got source token undefined for region us-central1
[error] Could not create or update Cloud Run service addtreatment, Container Healthcheck failed. The user-provided container failed to start and listen on the port defined provided by the PORT=8080 environment variable within the allocated timeout. This can happen when the container port is misconfigured or if the timeout is too short. The health check timeout can be extended. Logs for this revision might contain more information.

Logs URL: https://console.cloud.google.com/logs/viewer?project=glucose-goose&resource=cloud_run_revision/service_name/addtreatment/revision_name/addtreatment-00022-xad&advancedFilter=resource.type%3D%22cloud_run_revision%22%0Aresource.labels.service_name%3D%22addtreatment%22%0Aresource.labels.revision_name%3D%22addtreatment-00022-xad%22 
For more troubleshooting guidance, see https://cloud.google.com/run/docs/troubleshooting#container-failed-to-start
[debug] [2025-12-03T18:47:16.551Z] Total Function Deployment time: 65468
[debug] [2025-12-03T18:47:16.552Z] 6 Functions Deployed
[debug] [2025-12-03T18:47:16.552Z] 6 Functions Errored
[debug] [2025-12-03T18:47:16.552Z] 0 Function Deployments Aborted
[debug] [2025-12-03T18:47:16.552Z] Average Function Deployment time: 63093.166666666664
[info] 
[info] Functions deploy had errors with the following functions:
	addTreatment(us-central1)
	analyzeMeal(us-central1)
	deleteTreatment(us-central1)
	getNightscoutBundle(us-central1)
	simulateGlucose(us-central1)
	updateTreatment(us-central1)
[debug] [2025-12-03T18:47:16.558Z] Not printing URL for HTTPS function. Typically this means it didn't match a filter or we failed deployment
[debug] [2025-12-03T18:47:16.558Z] Not printing URL for HTTPS function. Typically this means it didn't match a filter or we failed deployment
[debug] [2025-12-03T18:47:16.559Z] Not printing URL for HTTPS function. Typically this means it didn't match a filter or we failed deployment
[debug] [2025-12-03T18:47:16.559Z] Not printing URL for HTTPS function. Typically this means it didn't match a filter or we failed deployment
[debug] [2025-12-03T18:47:16.559Z] Not printing URL for HTTPS function. Typically this means it didn't match a filter or we failed deployment
[debug] [2025-12-03T18:47:16.562Z] Checked if tokens are valid: true, expires at: 1764789425255
[debug] [2025-12-03T18:47:16.562Z] Checked if tokens are valid: true, expires at: 1764789425255
[debug] [2025-12-03T18:47:16.563Z] >>> [apiv2][query] GET https://artifactregistry.googleapis.com/v1/projects/glucose-goose/locations/us-central1/repositories/gcf-artifacts [none]
[debug] [2025-12-03T18:47:17.478Z] <<< [apiv2][status] GET https://artifactregistry.googleapis.com/v1/projects/glucose-goose/locations/us-central1/repositories/gcf-artifacts 200
[debug] [2025-12-03T18:47:17.478Z] <<< [apiv2][body] GET https://artifactregistry.googleapis.com/v1/projects/glucose-goose/locations/us-central1/repositories/gcf-artifacts {"name":"projects/glucose-goose/locations/us-central1/repositories/gcf-artifacts","format":"DOCKER","description":"This repository is created and used by Cloud Functions for storing function docker images.","labels":{"goog-managed-by":"cloudfunctions"},"createTime":"2025-11-24T21:30:11.745693Z","updateTime":"2025-12-03T18:46:51.328280Z","mode":"STANDARD_REPOSITORY","cleanupPolicies":{"firebase-functions-cleanup":{"id":"firebase-functions-cleanup","action":"DELETE","condition":{"tagState":"ANY","olderThan":"86400s"}}},"sizeBytes":"141070658","vulnerabilityScanningConfig":{"lastEnableTime":"2025-11-24T21:30:03.295976032Z","enablementState":"SCANNING_DISABLED","enablementStateReason":"API containerscanning.googleapis.com is not enabled."},"satisfiesPzi":true,"registryUri":"us-central1-docker.pkg.dev/glucose-goose/gcf-artifacts"}
[debug] [2025-12-03T18:47:17.479Z] Functions deploy failed.
[debug] [2025-12-03T18:47:17.479Z] {
  "endpoint": {
    "id": "deleteTreatment",
    "project": "glucose-goose",
    "region": "us-central1",
    "entryPoint": "deleteTreatment",
    "platform": "gcfv2",
    "runtime": "nodejs24",
    "httpsTrigger": {},
    "labels": {
      "deployment-tool": "cli-firebase"
    },
    "serviceAccount": null,
    "ingressSettings": null,
    "availableMemoryMb": null,
    "timeoutSeconds": null,
    "maxInstances": null,
    "minInstances": null,
    "concurrency": 80,
    "vpc": null,
    "environmentVariables": {
      "FIREBASE_CONFIG": "{\"projectId\":\"glucose-goose\",\"storageBucket\":\"glucose-goose.firebasestorage.app\"}",
      "GCLOUD_PROJECT": "glucose-goose",
      "EVENTARC_CLOUD_EVENT_SOURCE": "projects/glucose-goose/locations/us-central1/services/deleteTreatment",
      "FUNCTION_TARGET": "deleteTreatment",
      "LOG_EXECUTION_ID": "true",
      "FUNCTION_SIGNATURE_TYPE": "http"
    },
    "codebase": "default",
    "runServiceId": "deletetreatment",
    "cpu": 1,
    "securityLevel": "SECURE_ALWAYS",
    "targetedByOnly": false,
    "hash": "b9ed78d63ff27c1f699d8766eb4cdd37baf3e634"
  },
  "op": "update",
  "original": {
    "name": "FirebaseError",
    "children": [],
    "exit": 1,
    "message": "Could not create or update Cloud Run service deletetreatment, Container Healthcheck failed. The user-provided container failed to start and listen on the port defined provided by the PORT=8080 environment variable within the allocated timeout. This can happen when the container port is misconfigured or if the timeout is too short. The health check timeout can be extended. Logs for this revision might contain more information.\n\nLogs URL: https://console.cloud.google.com/logs/viewer?project=glucose-goose&resource=cloud_run_revision/service_name/deletetreatment/revision_name/deletetreatment-00009-mek&advancedFilter=resource.type%3D%22cloud_run_revision%22%0Aresource.labels.service_name%3D%22deletetreatment%22%0Aresource.labels.revision_name%3D%22deletetreatment-00009-mek%22 \nFor more troubleshooting guidance, see https://cloud.google.com/run/docs/troubleshooting#container-failed-to-start",
    "original": {
      "code": 3,
      "message": "Could not create or update Cloud Run service deletetreatment, Container Healthcheck failed. The user-provided container failed to start and listen on the port defined provided by the PORT=8080 environment variable within the allocated timeout. This can happen when the container port is misconfigured or if the timeout is too short. The health check timeout can be extended. Logs for this revision might contain more information.\n\nLogs URL: https://console.cloud.google.com/logs/viewer?project=glucose-goose&resource=cloud_run_revision/service_name/deletetreatment/revision_name/deletetreatment-00009-mek&advancedFilter=resource.type%3D%22cloud_run_revision%22%0Aresource.labels.service_name%3D%22deletetreatment%22%0Aresource.labels.revision_name%3D%22deletetreatment-00009-mek%22 \nFor more troubleshooting guidance, see https://cloud.google.com/run/docs/troubleshooting#container-failed-to-start"
    },
    "status": 3,
    "code": 3
  }
}
[debug] [2025-12-03T18:47:17.479Z] {
  "endpoint": {
    "id": "updateTreatment",
    "project": "glucose-goose",
    "region": "us-central1",
    "entryPoint": "updateTreatment",
    "platform": "gcfv2",
    "runtime": "nodejs24",
    "httpsTrigger": {},
    "labels": {
      "deployment-tool": "cli-firebase"
    },
    "serviceAccount": null,
    "ingressSettings": null,
    "availableMemoryMb": null,
    "timeoutSeconds": null,
    "maxInstances": null,
    "minInstances": null,
    "concurrency": 80,
    "vpc": null,
    "environmentVariables": {
      "FIREBASE_CONFIG": "{\"projectId\":\"glucose-goose\",\"storageBucket\":\"glucose-goose.firebasestorage.app\"}",
      "GCLOUD_PROJECT": "glucose-goose",
      "EVENTARC_CLOUD_EVENT_SOURCE": "projects/glucose-goose/locations/us-central1/services/updateTreatment",
      "FUNCTION_TARGET": "updateTreatment",
      "LOG_EXECUTION_ID": "true",
      "FUNCTION_SIGNATURE_TYPE": "http"
    },
    "codebase": "default",
    "runServiceId": "updatetreatment",
    "cpu": 1,
    "securityLevel": "SECURE_ALWAYS",
    "targetedByOnly": false,
    "hash": "b9ed78d63ff27c1f699d8766eb4cdd37baf3e634"
  },
  "op": "update",
  "original": {
    "name": "FirebaseError",
    "children": [],
    "exit": 1,
    "message": "Could not create or update Cloud Run service updatetreatment, Container Healthcheck failed. The user-provided container failed to start and listen on the port defined provided by the PORT=8080 environment variable within the allocated timeout. This can happen when the container port is misconfigured or if the timeout is too short. The health check timeout can be extended. Logs for this revision might contain more information.\n\nLogs URL: https://console.cloud.google.com/logs/viewer?project=glucose-goose&resource=cloud_run_revision/service_name/updatetreatment/revision_name/updatetreatment-00015-say&advancedFilter=resource.type%3D%22cloud_run_revision%22%0Aresource.labels.service_name%3D%22updatetreatment%22%0Aresource.labels.revision_name%3D%22updatetreatment-00015-say%22 \nFor more troubleshooting guidance, see https://cloud.google.com/run/docs/troubleshooting#container-failed-to-start",
    "original": {
      "code": 3,
      "message": "Could not create or update Cloud Run service updatetreatment, Container Healthcheck failed. The user-provided container failed to start and listen on the port defined provided by the PORT=8080 environment variable within the allocated timeout. This can happen when the container port is misconfigured or if the timeout is too short. The health check timeout can be extended. Logs for this revision might contain more information.\n\nLogs URL: https://console.cloud.google.com/logs/viewer?project=glucose-goose&resource=cloud_run_revision/service_name/updatetreatment/revision_name/updatetreatment-00015-say&advancedFilter=resource.type%3D%22cloud_run_revision%22%0Aresource.labels.service_name%3D%22updatetreatment%22%0Aresource.labels.revision_name%3D%22updatetreatment-00015-say%22 \nFor more troubleshooting guidance, see https://cloud.google.com/run/docs/troubleshooting#container-failed-to-start"
    },
    "status": 3,
    "code": 3
  }
}
[debug] [2025-12-03T18:47:17.479Z] {
  "endpoint": {
    "id": "analyzeMeal",
    "project": "glucose-goose",
    "region": "us-central1",
    "entryPoint": "analyzeMeal",
    "platform": "gcfv2",
    "runtime": "nodejs24",
    "httpsTrigger": {},
    "labels": {
      "deployment-tool": "cli-firebase"
    },
    "secretEnvironmentVariables": [
      {
        "key": "GEMINI_API_KEY",
        "secret": "GEMINI_API_KEY",
        "projectId": "glucose-goose",
        "version": "1"
      }
    ],
    "serviceAccount": null,
    "ingressSettings": null,
    "availableMemoryMb": null,
    "timeoutSeconds": null,
    "maxInstances": null,
    "minInstances": null,
    "concurrency": 80,
    "vpc": null,
    "environmentVariables": {
      "FIREBASE_CONFIG": "{\"projectId\":\"glucose-goose\",\"storageBucket\":\"glucose-goose.firebasestorage.app\"}",
      "GCLOUD_PROJECT": "glucose-goose",
      "EVENTARC_CLOUD_EVENT_SOURCE": "projects/glucose-goose/locations/us-central1/services/analyzeMeal",
      "FUNCTION_TARGET": "analyzeMeal",
      "LOG_EXECUTION_ID": "true",
      "FUNCTION_SIGNATURE_TYPE": "http"
    },
    "codebase": "default",
    "runServiceId": "analyzemeal",
    "cpu": 1,
    "securityLevel": "SECURE_ALWAYS",
    "targetedByOnly": false,
    "hash": "c15115e71e5534c9e5b6eeb1088dc5df4258ce1d"
  },
  "op": "update",
  "original": {
    "name": "FirebaseError",
    "children": [],
    "exit": 1,
    "message": "Could not create or update Cloud Run service analyzemeal, Container Healthcheck failed. Revision 'analyzemeal-00003-bof' is not ready and cannot serve traffic. The user-provided container failed to start and listen on the port defined provided by the PORT=8080 environment variable within the allocated timeout. This can happen when the container port is misconfigured or if the timeout is too short. The health check timeout can be extended. Logs for this revision might contain more information.\n\nLogs URL: https://console.cloud.google.com/logs/viewer?project=glucose-goose&resource=cloud_run_revision/service_name/analyzemeal/revision_name/analyzemeal-00003-bof&advancedFilter=resource.type%3D%22cloud_run_revision%22%0Aresource.labels.service_name%3D%22analyzemeal%22%0Aresource.labels.revision_name%3D%22analyzemeal-00003-bof%22 \nFor more troubleshooting guidance, see https://cloud.google.com/run/docs/troubleshooting#container-failed-to-start",
    "original": {
      "code": 3,
      "message": "Could not create or update Cloud Run service analyzemeal, Container Healthcheck failed. Revision 'analyzemeal-00003-bof' is not ready and cannot serve traffic. The user-provided container failed to start and listen on the port defined provided by the PORT=8080 environment variable within the allocated timeout. This can happen when the container port is misconfigured or if the timeout is too short. The health check timeout can be extended. Logs for this revision might contain more information.\n\nLogs URL: https://console.cloud.google.com/logs/viewer?project=glucose-goose&resource=cloud_run_revision/service_name/analyzemeal/revision_name/analyzemeal-00003-bof&advancedFilter=resource.type%3D%22cloud_run_revision%22%0Aresource.labels.service_name%3D%22analyzemeal%22%0Aresource.labels.revision_name%3D%22analyzemeal-00003-bof%22 \nFor more troubleshooting guidance, see https://cloud.google.com/run/docs/troubleshooting#container-failed-to-start"
    },
    "status": 3,
    "code": 3
  }
}
[debug] [2025-12-03T18:47:17.479Z] {
  "endpoint": {
    "id": "simulateGlucose",
    "project": "glucose-goose",
    "region": "us-central1",
    "entryPoint": "simulateGlucose",
    "platform": "gcfv2",
    "runtime": "nodejs24",
    "scheduleTrigger": {
      "schedule": "every 5 minutes",
      "timeZone": null,
      "retryConfig": {}
    },
    "labels": {
      "deployment-tool": "cli-firebase"
    },
    "secretEnvironmentVariables": [
      {
        "key": "NIGHTSCOUT_API_SECRET",
        "secret": "NIGHTSCOUT_API_SECRET",
        "projectId": "glucose-goose",
        "version": "2"
      },
      {
        "key": "NIGHTSCOUT_URL",
        "secret": "NIGHTSCOUT_URL",
        "projectId": "glucose-goose",
        "version": "1"
      }
    ],
    "serviceAccount": null,
    "ingressSettings": null,
    "availableMemoryMb": null,
    "timeoutSeconds": null,
    "maxInstances": null,
    "minInstances": null,
    "concurrency": 80,
    "vpc": null,
    "environmentVariables": {
      "FIREBASE_CONFIG": "{\"projectId\":\"glucose-goose\",\"storageBucket\":\"glucose-goose.firebasestorage.app\"}",
      "GCLOUD_PROJECT": "glucose-goose",
      "EVENTARC_CLOUD_EVENT_SOURCE": "projects/glucose-goose/locations/us-central1/services/simulateGlucose",
      "FUNCTION_TARGET": "simulateGlucose",
      "LOG_EXECUTION_ID": "true",
      "FUNCTION_SIGNATURE_TYPE": "http"
    },
    "codebase": "default",
    "runServiceId": "simulateglucose",
    "cpu": 1,
    "securityLevel": "SECURE_ALWAYS",
    "targetedByOnly": false,
    "hash": "80829ee739ca7d92abf09a6c1c126db9c13669c8"
  },
  "op": "update",
  "original": {
    "name": "FirebaseError",
    "children": [],
    "exit": 1,
    "message": "Could not create or update Cloud Run service simulateglucose, Container Healthcheck failed. The user-provided container failed to start and listen on the port defined provided by the PORT=8080 environment variable within the allocated timeout. This can happen when the container port is misconfigured or if the timeout is too short. The health check timeout can be extended. Logs for this revision might contain more information.\n\nLogs URL: https://console.cloud.google.com/logs/viewer?project=glucose-goose&resource=cloud_run_revision/service_name/simulateglucose/revision_name/simulateglucose-00004-poh&advancedFilter=resource.type%3D%22cloud_run_revision%22%0Aresource.labels.service_name%3D%22simulateglucose%22%0Aresource.labels.revision_name%3D%22simulateglucose-00004-poh%22 \nFor more troubleshooting guidance, see https://cloud.google.com/run/docs/troubleshooting#container-failed-to-start",
    "original": {
      "code": 3,
      "message": "Could not create or update Cloud Run service simulateglucose, Container Healthcheck failed. The user-provided container failed to start and listen on the port defined provided by the PORT=8080 environment variable within the allocated timeout. This can happen when the container port is misconfigured or if the timeout is too short. The health check timeout can be extended. Logs for this revision might contain more information.\n\nLogs URL: https://console.cloud.google.com/logs/viewer?project=glucose-goose&resource=cloud_run_revision/service_name/simulateglucose/revision_name/simulateglucose-00004-poh&advancedFilter=resource.type%3D%22cloud_run_revision%22%0Aresource.labels.service_name%3D%22simulateglucose%22%0Aresource.labels.revision_name%3D%22simulateglucose-00004-poh%22 \nFor more troubleshooting guidance, see https://cloud.google.com/run/docs/troubleshooting#container-failed-to-start"
    },
    "status": 3,
    "code": 3
  }
}
[debug] [2025-12-03T18:47:17.480Z] {
  "endpoint": {
    "id": "getNightscoutBundle",
    "project": "glucose-goose",
    "region": "us-central1",
    "entryPoint": "getNightscoutBundle",
    "platform": "gcfv2",
    "runtime": "nodejs24",
    "httpsTrigger": {},
    "labels": {
      "deployment-tool": "cli-firebase"
    },
    "serviceAccount": null,
    "ingressSettings": null,
    "availableMemoryMb": null,
    "timeoutSeconds": null,
    "maxInstances": null,
    "minInstances": null,
    "concurrency": 80,
    "vpc": null,
    "environmentVariables": {
      "FIREBASE_CONFIG": "{\"projectId\":\"glucose-goose\",\"storageBucket\":\"glucose-goose.firebasestorage.app\"}",
      "GCLOUD_PROJECT": "glucose-goose",
      "EVENTARC_CLOUD_EVENT_SOURCE": "projects/glucose-goose/locations/us-central1/services/getNightscoutBundle",
      "FUNCTION_TARGET": "getNightscoutBundle",
      "LOG_EXECUTION_ID": "true",
      "FUNCTION_SIGNATURE_TYPE": "http"
    },
    "codebase": "default",
    "runServiceId": "getnightscoutbundle",
    "cpu": 1,
    "securityLevel": "SECURE_ALWAYS",
    "targetedByOnly": false,
    "hash": "b9ed78d63ff27c1f699d8766eb4cdd37baf3e634"
  },
  "op": "update",
  "original": {
    "name": "FirebaseError",
    "children": [],
    "exit": 1,
    "message": "Could not create or update Cloud Run service getnightscoutbundle, Container Healthcheck failed. Revision 'getnightscoutbundle-00024-rug' is not ready and cannot serve traffic. The user-provided container failed to start and listen on the port defined provided by the PORT=8080 environment variable within the allocated timeout. This can happen when the container port is misconfigured or if the timeout is too short. The health check timeout can be extended. Logs for this revision might contain more information.\n\nLogs URL: https://console.cloud.google.com/logs/viewer?project=glucose-goose&resource=cloud_run_revision/service_name/getnightscoutbundle/revision_name/getnightscoutbundle-00024-rug&advancedFilter=resource.type%3D%22cloud_run_revision%22%0Aresource.labels.service_name%3D%22getnightscoutbundle%22%0Aresource.labels.revision_name%3D%22getnightscoutbundle-00024-rug%22 \nFor more troubleshooting guidance, see https://cloud.google.com/run/docs/troubleshooting#container-failed-to-start",
    "original": {
      "code": 3,
      "message": "Could not create or update Cloud Run service getnightscoutbundle, Container Healthcheck failed. Revision 'getnightscoutbundle-00024-rug' is not ready and cannot serve traffic. The user-provided container failed to start and listen on the port defined provided by the PORT=8080 environment variable within the allocated timeout. This can happen when the container port is misconfigured or if the timeout is too short. The health check timeout can be extended. Logs for this revision might contain more information.\n\nLogs URL: https://console.cloud.google.com/logs/viewer?project=glucose-goose&resource=cloud_run_revision/service_name/getnightscoutbundle/revision_name/getnightscoutbundle-00024-rug&advancedFilter=resource.type%3D%22cloud_run_revision%22%0Aresource.labels.service_name%3D%22getnightscoutbundle%22%0Aresource.labels.revision_name%3D%22getnightscoutbundle-00024-rug%22 \nFor more troubleshooting guidance, see https://cloud.google.com/run/docs/troubleshooting#container-failed-to-start"
    },
    "status": 3,
    "code": 3
  }
}
[debug] [2025-12-03T18:47:17.480Z] {
  "endpoint": {
    "id": "addTreatment",
    "project": "glucose-goose",
    "region": "us-central1",
    "entryPoint": "addTreatment",
    "platform": "gcfv2",
    "runtime": "nodejs24",
    "httpsTrigger": {},
    "labels": {
      "deployment-tool": "cli-firebase"
    },
    "serviceAccount": null,
    "ingressSettings": null,
    "availableMemoryMb": null,
    "timeoutSeconds": null,
    "maxInstances": null,
    "minInstances": null,
    "concurrency": 80,
    "vpc": null,
    "environmentVariables": {
      "FIREBASE_CONFIG": "{\"projectId\":\"glucose-goose\",\"storageBucket\":\"glucose-goose.firebasestorage.app\"}",
      "GCLOUD_PROJECT": "glucose-goose",
      "EVENTARC_CLOUD_EVENT_SOURCE": "projects/glucose-goose/locations/us-central1/services/addTreatment",
      "FUNCTION_TARGET": "addTreatment",
      "LOG_EXECUTION_ID": "true",
      "FUNCTION_SIGNATURE_TYPE": "http"
    },
    "codebase": "default",
    "runServiceId": "addtreatment",
    "cpu": 1,
    "securityLevel": "SECURE_ALWAYS",
    "targetedByOnly": false,
    "hash": "b9ed78d63ff27c1f699d8766eb4cdd37baf3e634"
  },
  "op": "update",
  "original": {
    "name": "FirebaseError",
    "children": [],
    "exit": 1,
    "message": "Could not create or update Cloud Run service addtreatment, Container Healthcheck failed. The user-provided container failed to start and listen on the port defined provided by the PORT=8080 environment variable within the allocated timeout. This can happen when the container port is misconfigured or if the timeout is too short. The health check timeout can be extended. Logs for this revision might contain more information.\n\nLogs URL: https://console.cloud.google.com/logs/viewer?project=glucose-goose&resource=cloud_run_revision/service_name/addtreatment/revision_name/addtreatment-00022-xad&advancedFilter=resource.type%3D%22cloud_run_revision%22%0Aresource.labels.service_name%3D%22addtreatment%22%0Aresource.labels.revision_name%3D%22addtreatment-00022-xad%22 \nFor more troubleshooting guidance, see https://cloud.google.com/run/docs/troubleshooting#container-failed-to-start",
    "original": {
      "code": 3,
      "message": "Could not create or update Cloud Run service addtreatment, Container Healthcheck failed. The user-provided container failed to start and listen on the port defined provided by the PORT=8080 environment variable within the allocated timeout. This can happen when the container port is misconfigured or if the timeout is too short. The health check timeout can be extended. Logs for this revision might contain more information.\n\nLogs URL: https://console.cloud.google.com/logs/viewer?project=glucose-goose&resource=cloud_run_revision/service_name/addtreatment/revision_name/addtreatment-00022-xad&advancedFilter=resource.type%3D%22cloud_run_revision%22%0Aresource.labels.service_name%3D%22addtreatment%22%0Aresource.labels.revision_name%3D%22addtreatment-00022-xad%22 \nFor more troubleshooting guidance, see https://cloud.google.com/run/docs/troubleshooting#container-failed-to-start"
    },
    "status": 3,
    "code": 3
  }
}
[error] Error: There was an error deploying functions:
[error] - Error Failed to update function deleteTreatment in region us-central1
[error] - Error Failed to update function updateTreatment in region us-central1
[error] - Error Failed to update function analyzeMeal in region us-central1
[error] - Error Failed to update function simulateGlucose in region us-central1
[error] - Error Failed to update function getNightscoutBundle in region us-central1
[error] - Error Failed to update function addTreatment in region us-central1
[debug] [2025-12-03T18:47:42.971Z] ----------------------------------------------------------------------
[debug] [2025-12-03T18:47:42.979Z] Command:       /home/nika/.nvm/versions/node/v22.20.0/bin/node /home/nika/.nvm/versions/node/v22.20.0/bin/firebase deploy --only functions
[debug] [2025-12-03T18:47:42.980Z] CLI Version:   14.26.0
[debug] [2025-12-03T18:47:42.980Z] Platform:      linux
[debug] [2025-12-03T18:47:42.980Z] Node Version:  v22.20.0
[debug] [2025-12-03T18:47:42.981Z] Time:          Wed Dec 03 2025 19:47:42 GMT+0100 (Central European Standard Time)
[debug] [2025-12-03T18:47:42.982Z] ----------------------------------------------------------------------
[debug] 
[debug] [2025-12-03T18:47:43.603Z] > command requires scopes: ["email","openid","https://www.googleapis.com/auth/cloudplatformprojects.readonly","https://www.googleapis.com/auth/firebase","https://www.googleapis.com/auth/cloud-platform"]
[debug] [2025-12-03T18:47:43.604Z] > authorizing via signed-in user (lililalalelelo@gmail.com)
[debug] [2025-12-03T18:47:43.604Z] [iam] checking project glucose-goose for permissions ["cloudfunctions.functions.create","cloudfunctions.functions.delete","cloudfunctions.functions.get","cloudfunctions.functions.list","cloudfunctions.functions.update","cloudfunctions.operations.get","firebase.projects.get"]
[debug] [2025-12-03T18:47:43.607Z] Checked if tokens are valid: true, expires at: 1764789425255
[debug] [2025-12-03T18:47:43.608Z] Checked if tokens are valid: true, expires at: 1764789425255
[debug] [2025-12-03T18:47:43.611Z] >>> [apiv2][query] POST https://cloudresourcemanager.googleapis.com/v1/projects/glucose-goose:testIamPermissions [none]
[debug] [2025-12-03T18:47:43.612Z] >>> [apiv2][(partial)header] POST https://cloudresourcemanager.googleapis.com/v1/projects/glucose-goose:testIamPermissions x-goog-quota-user=projects/glucose-goose
[debug] [2025-12-03T18:47:43.612Z] >>> [apiv2][body] POST https://cloudresourcemanager.googleapis.com/v1/projects/glucose-goose:testIamPermissions {"permissions":["cloudfunctions.functions.create","cloudfunctions.functions.delete","cloudfunctions.functions.get","cloudfunctions.functions.list","cloudfunctions.functions.update","cloudfunctions.operations.get","firebase.projects.get"]}
[debug] [2025-12-03T18:47:44.580Z] <<< [apiv2][status] POST https://cloudresourcemanager.googleapis.com/v1/projects/glucose-goose:testIamPermissions 200
[debug] [2025-12-03T18:47:44.581Z] <<< [apiv2][body] POST https://cloudresourcemanager.googleapis.com/v1/projects/glucose-goose:testIamPermissions {"permissions":["cloudfunctions.functions.create","cloudfunctions.functions.delete","cloudfunctions.functions.get","cloudfunctions.functions.list","cloudfunctions.functions.update","cloudfunctions.operations.get","firebase.projects.get"]}
[debug] [2025-12-03T18:47:44.582Z] Checked if tokens are valid: true, expires at: 1764789425255
[debug] [2025-12-03T18:47:44.582Z] Checked if tokens are valid: true, expires at: 1764789425255
[debug] [2025-12-03T18:47:44.582Z] >>> [apiv2][query] POST https://iam.googleapis.com/v1/projects/glucose-goose/serviceAccounts/glucose-goose@appspot.gserviceaccount.com:testIamPermissions [none]
[debug] [2025-12-03T18:47:44.582Z] >>> [apiv2][body] POST https://iam.googleapis.com/v1/projects/glucose-goose/serviceAccounts/glucose-goose@appspot.gserviceaccount.com:testIamPermissions {"permissions":["iam.serviceAccounts.actAs"]}
[debug] [2025-12-03T18:47:45.455Z] <<< [apiv2][status] POST https://iam.googleapis.com/v1/projects/glucose-goose/serviceAccounts/glucose-goose@appspot.gserviceaccount.com:testIamPermissions 200
[debug] [2025-12-03T18:47:45.456Z] <<< [apiv2][body] POST https://iam.googleapis.com/v1/projects/glucose-goose/serviceAccounts/glucose-goose@appspot.gserviceaccount.com:testIamPermissions {"permissions":["iam.serviceAccounts.actAs"]}
[info] 
[info] === Deploying to 'glucose-goose'...
[info] 
[info] i  deploying functions 
[info] Running command: npm --prefix "$RESOURCE_DIR" run lint
[info] ✔  functions: Finished running predeploy script. 
[debug] [2025-12-03T18:47:46.994Z] Checked if tokens are valid: true, expires at: 1764789425255
[debug] [2025-12-03T18:47:46.994Z] Checked if tokens are valid: true, expires at: 1764789425255
[debug] [2025-12-03T18:47:46.994Z] >>> [apiv2][query] GET https://cloudresourcemanager.googleapis.com/v1/projects/glucose-goose [none]
[debug] [2025-12-03T18:47:47.260Z] <<< [apiv2][status] GET https://cloudresourcemanager.googleapis.com/v1/projects/glucose-goose 200
[debug] [2025-12-03T18:47:47.261Z] <<< [apiv2][body] GET https://cloudresourcemanager.googleapis.com/v1/projects/glucose-goose {"projectNumber":"101841828420","projectId":"glucose-goose","lifecycleState":"ACTIVE","name":"glucose-goose","labels":{"firebase":"enabled","firebase-core":"disabled"},"createTime":"2025-11-22T18:17:16.975353Z"}
[info] i  functions: preparing codebase default for deployment 
[info] i  functions: ensuring required API cloudfunctions.googleapis.com is enabled... 
[info] i  functions: ensuring required API cloudbuild.googleapis.com is enabled... 
[info] i  artifactregistry: ensuring required API artifactregistry.googleapis.com is enabled... 
[debug] [2025-12-03T18:47:47.270Z] Checked if tokens are valid: true, expires at: 1764789425255
[debug] [2025-12-03T18:47:47.271Z] Checked if tokens are valid: true, expires at: 1764789425255
[debug] [2025-12-03T18:47:47.271Z] >>> [apiv2][query] GET https://firebase.googleapis.com/v1beta1/projects/glucose-goose/adminSdkConfig [none]
[debug] [2025-12-03T18:47:47.763Z] <<< [apiv2][status] GET https://firebase.googleapis.com/v1beta1/projects/glucose-goose/adminSdkConfig 200
[debug] [2025-12-03T18:47:47.764Z] <<< [apiv2][body] GET https://firebase.googleapis.com/v1beta1/projects/glucose-goose/adminSdkConfig {"projectId":"glucose-goose","storageBucket":"glucose-goose.firebasestorage.app"}
[debug] [2025-12-03T18:47:47.771Z] Validating nodejs source
[debug] [2025-12-03T18:47:48.909Z] > [functions] package.json contents: {
  "name": "functions",
  "description": "Cloud Functions for Firebase",
  "scripts": {
    "lint": "eslint .",
    "serve": "firebase emulators:start --only functions",
    "shell": "firebase functions:shell",
    "start": "npm run shell",
    "deploy": "firebase deploy --only functions",
    "logs": "firebase functions:log"
  },
  "engines": {
    "node": "24"
  },
  "main": "index.ts",
  "dependencies": {
    "cors": "^2.8.5",
    "firebase-admin": "^13.6.0",
    "firebase-functions": "^7.0.0"
  },
  "devDependencies": {
    "@types/node-fetch": "^2.6.13",
    "eslint": "^8.15.0",
    "eslint-config-google": "^0.14.0",
    "firebase-functions-test": "^3.4.1"
  },
  "private": true
}
[debug] [2025-12-03T18:47:48.910Z] Building nodejs source
[info] i  functions: Loading and analyzing source code for codebase default to determine what to deploy 
[debug] [2025-12-03T18:47:48.912Z] Could not find functions.yaml. Must use http discovery
[debug] [2025-12-03T18:47:48.926Z] Found firebase-functions binary at '/home/nika/Desktop/GlucoseGoose/functions/node_modules/.bin/firebase-functions'
[info] Serving at port 8868

[debug] [2025-12-03T18:47:50.605Z] Got response from /__/functions.yaml {"endpoints":{"addTreatment":{"availableMemoryMb":null,"timeoutSeconds":null,"minInstances":null,"maxInstances":null,"ingressSettings":null,"concurrency":null,"serviceAccountEmail":null,"vpc":null,"platform":"gcfv2","labels":{},"httpsTrigger":{},"entryPoint":"addTreatment"},"deleteTreatment":{"availableMemoryMb":null,"timeoutSeconds":null,"minInstances":null,"maxInstances":null,"ingressSettings":null,"concurrency":null,"serviceAccountEmail":null,"vpc":null,"platform":"gcfv2","labels":{},"httpsTrigger":{},"entryPoint":"deleteTreatment"},"getNightscoutBundle":{"availableMemoryMb":null,"timeoutSeconds":null,"minInstances":null,"maxInstances":null,"ingressSettings":null,"concurrency":null,"serviceAccountEmail":null,"vpc":null,"platform":"gcfv2","labels":{},"httpsTrigger":{},"entryPoint":"getNightscoutBundle"},"simulateGlucose":{"availableMemoryMb":null,"timeoutSeconds":null,"minInstances":null,"maxInstances":null,"ingressSettings":null,"concurrency":null,"serviceAccountEmail":null,"vpc":null,"platform":"gcfv2","secretEnvironmentVariables":[{"key":"NIGHTSCOUT_API_SECRET"},{"key":"NIGHTSCOUT_URL"}],"labels":{},"scheduleTrigger":{"schedule":"every 5 minutes","retryConfig":{}},"entryPoint":"simulateGlucose"},"updateTreatment":{"availableMemoryMb":null,"timeoutSeconds":null,"minInstances":null,"maxInstances":null,"ingressSettings":null,"concurrency":null,"serviceAccountEmail":null,"vpc":null,"platform":"gcfv2","labels":{},"httpsTrigger":{},"entryPoint":"updateTreatment"}},"specVersion":"v1alpha1","requiredAPIs":[{"api":"cloudscheduler.googleapis.com","reason":"Needed for scheduled functions."}],"extensions":{}}
[info] i  extensions: ensuring required API firebaseextensions.googleapis.com is enabled... 
[debug] [2025-12-03T18:47:54.732Z] > command requires scopes: ["email","openid","https://www.googleapis.com/auth/cloudplatformprojects.readonly","https://www.googleapis.com/auth/firebase","https://www.googleapis.com/auth/cloud-platform"]
[debug] [2025-12-03T18:47:54.733Z] > authorizing via signed-in user (lililalalelelo@gmail.com)
[debug] [2025-12-03T18:47:54.733Z] [iam] checking project glucose-goose for permissions ["firebase.projects.get","firebaseextensions.instances.list"]
[debug] [2025-12-03T18:47:54.733Z] Checked if tokens are valid: true, expires at: 1764789425255
[debug] [2025-12-03T18:47:54.734Z] Checked if tokens are valid: true, expires at: 1764789425255
[debug] [2025-12-03T18:47:54.734Z] >>> [apiv2][query] POST https://cloudresourcemanager.googleapis.com/v1/projects/glucose-goose:testIamPermissions [none]
[debug] [2025-12-03T18:47:54.734Z] >>> [apiv2][(partial)header] POST https://cloudresourcemanager.googleapis.com/v1/projects/glucose-goose:testIamPermissions x-goog-quota-user=projects/glucose-goose
[debug] [2025-12-03T18:47:54.734Z] >>> [apiv2][body] POST https://cloudresourcemanager.googleapis.com/v1/projects/glucose-goose:testIamPermissions {"permissions":["firebase.projects.get","firebaseextensions.instances.list"]}
[debug] [2025-12-03T18:47:55.521Z] <<< [apiv2][status] POST https://cloudresourcemanager.googleapis.com/v1/projects/glucose-goose:testIamPermissions 200
[debug] [2025-12-03T18:47:55.521Z] <<< [apiv2][body] POST https://cloudresourcemanager.googleapis.com/v1/projects/glucose-goose:testIamPermissions {"permissions":["firebase.projects.get","firebaseextensions.instances.list"]}
[debug] [2025-12-03T18:47:55.522Z] Checked if tokens are valid: true, expires at: 1764789425255
[debug] [2025-12-03T18:47:55.522Z] Checked if tokens are valid: true, expires at: 1764789425255
[debug] [2025-12-03T18:47:55.523Z] >>> [apiv2][query] GET https://firebaseextensions.googleapis.com/v1beta/projects/glucose-goose/instances pageSize=100&pageToken=
[debug] [2025-12-03T18:47:56.405Z] <<< [apiv2][status] GET https://firebaseextensions.googleapis.com/v1beta/projects/glucose-goose/instances 200
[debug] [2025-12-03T18:47:56.406Z] <<< [apiv2][body] GET https://firebaseextensions.googleapis.com/v1beta/projects/glucose-goose/instances {}
[info] i  functions: preparing functions directory for uploading... 
[info] i  functions: packaged /home/nika/Desktop/GlucoseGoose/functions (80.01 KB) for uploading 
[debug] [2025-12-03T18:47:56.547Z] Checked if tokens are valid: true, expires at: 1764789425255
[debug] [2025-12-03T18:47:56.547Z] Checked if tokens are valid: true, expires at: 1764789425255
[debug] [2025-12-03T18:47:56.548Z] >>> [apiv2][query] GET https://cloudfunctions.googleapis.com/v1/projects/glucose-goose/locations/-/functions [none]
[debug] [2025-12-03T18:47:57.275Z] <<< [apiv2][status] GET https://cloudfunctions.googleapis.com/v1/projects/glucose-goose/locations/-/functions 200
[debug] [2025-12-03T18:47:57.275Z] <<< [apiv2][body] GET https://cloudfunctions.googleapis.com/v1/projects/glucose-goose/locations/-/functions {}
[debug] [2025-12-03T18:47:57.277Z] Checked if tokens are valid: true, expires at: 1764789425255
[debug] [2025-12-03T18:47:57.278Z] Checked if tokens are valid: true, expires at: 1764789425255
[debug] [2025-12-03T18:47:57.278Z] >>> [apiv2][query] GET https://cloudfunctions.googleapis.com/v2/projects/glucose-goose/locations/-/functions filter=environment%3D%22GEN_2%22
[debug] [2025-12-03T18:47:58.362Z] <<< [apiv2][status] GET https://cloudfunctions.googleapis.com/v2/projects/glucose-goose/locations/-/functions 200
[debug] [2025-12-03T18:47:58.363Z] <<< [apiv2][body] GET https://cloudfunctions.googleapis.com/v2/projects/glucose-goose/locations/-/functions {"functions":[{"name":"projects/glucose-goose/locations/us-central1/functions/analyzeMeal","buildConfig":{"build":"projects/101841828420/locations/us-central1/builds/f1aa918e-89ee-42d9-8a1c-855e2973779a","runtime":"nodejs24","entryPoint":"analyzeMeal","source":{"storageSource":{"bucket":"gcf-v2-sources-101841828420-us-central1","object":"analyzeMeal/function-source.zip","generation":"1764787626980166"}},"environmentVariables":{"GOOGLE_NODE_RUN_SCRIPTS":""},"dockerRepository":"projects/glucose-goose/locations/us-central1/repositories/gcf-artifacts","serviceAccount":"projects/glucose-goose/serviceAccounts/101841828420-compute@developer.gserviceaccount.com","automaticUpdatePolicy":{}},"serviceConfig":{"service":"projects/glucose-goose/locations/us-central1/services/analyzemeal","timeoutSeconds":60,"environmentVariables":{"FIREBASE_CONFIG":"{\"projectId\":\"glucose-goose\",\"storageBucket\":\"glucose-goose.firebasestorage.app\"}","GCLOUD_PROJECT":"glucose-goose","EVENTARC_CLOUD_EVENT_SOURCE":"projects/glucose-goose/locations/us-central1/services/analyzeMeal","FUNCTION_TARGET":"analyzeMeal","LOG_EXECUTION_ID":"true","FUNCTION_SIGNATURE_TYPE":"http"},"maxInstanceCount":20,"ingressSettings":"ALLOW_ALL","serviceAccountEmail":"101841828420-compute@developer.gserviceaccount.com","availableMemory":"256Mi","allTrafficOnLatestRevision":true,"secretEnvironmentVariables":[{"key":"GEMINI_API_KEY","projectId":"glucose-goose","secret":"GEMINI_API_KEY","version":"1"}],"revision":"analyzemeal-00003-bof","maxInstanceRequestConcurrency":80,"availableCpu":"1"},"state":"ACTIVE","updateTime":"2025-12-03T18:47:13.131004983Z","labels":{"firebase-functions-hash":"c15115e71e5534c9e5b6eeb1088dc5df4258ce1d","deployment-tool":"cli-firebase"},"environment":"GEN_2","url":"https://us-central1-glucose-goose.cloudfunctions.net/analyzeMeal","createTime":"2025-12-03T16:25:51.902989479Z","satisfiesPzi":true},{"name":"projects/glucose-goose/locations/us-central1/functions/addTreatment","buildConfig":{"build":"projects/101841828420/locations/us-central1/builds/f1aa918e-89ee-42d9-8a1c-855e2973779a","runtime":"nodejs24","entryPoint":"addTreatment","source":{"storageSource":{"bucket":"gcf-v2-sources-101841828420-us-central1","object":"addTreatment/function-source.zip","generation":"1764787572404313"}},"environmentVariables":{"GOOGLE_NODE_RUN_SCRIPTS":""},"dockerRepository":"projects/glucose-goose/locations/us-central1/repositories/gcf-artifacts","serviceAccount":"projects/glucose-goose/serviceAccounts/101841828420-compute@developer.gserviceaccount.com","automaticUpdatePolicy":{}},"serviceConfig":{"service":"projects/glucose-goose/locations/us-central1/services/addtreatment","timeoutSeconds":60,"environmentVariables":{"FIREBASE_CONFIG":"{\"projectId\":\"glucose-goose\",\"storageBucket\":\"glucose-goose.firebasestorage.app\"}","GCLOUD_PROJECT":"glucose-goose","EVENTARC_CLOUD_EVENT_SOURCE":"projects/glucose-goose/locations/us-central1/services/addTreatment","FUNCTION_TARGET":"addTreatment","LOG_EXECUTION_ID":"true","FUNCTION_SIGNATURE_TYPE":"http"},"maxInstanceCount":20,"ingressSettings":"ALLOW_ALL","uri":"https://addtreatment-ft7us77rra-uc.a.run.app","serviceAccountEmail":"101841828420-compute@developer.gserviceaccount.com","availableMemory":"256Mi","allTrafficOnLatestRevision":true,"revision":"addtreatment-00022-xad","maxInstanceRequestConcurrency":80,"availableCpu":"1"},"state":"ACTIVE","updateTime":"2025-12-03T18:47:13.835217981Z","labels":{"firebase-functions-hash":"b9ed78d63ff27c1f699d8766eb4cdd37baf3e634","deployment-tool":"cli-firebase"},"environment":"GEN_2","url":"https://us-central1-glucose-goose.cloudfunctions.net/addTreatment","createTime":"2025-12-01T15:35:16.026126723Z","satisfiesPzi":true},{"name":"projects/glucose-goose/locations/us-central1/functions/getNightscoutBundle","buildConfig":{"build":"projects/101841828420/locations/us-central1/builds/f1aa918e-89ee-42d9-8a1c-855e2973779a","runtime":"nodejs24","entryPoint":"getNightscoutBundle","source":{"storageSource":{"bucket":"gcf-v2-sources-101841828420-us-central1","object":"getNightscoutBundle/function-source.zip","generation":"1764787627063613"}},"environmentVariables":{"GOOGLE_NODE_RUN_SCRIPTS":""},"dockerRepository":"projects/glucose-goose/locations/us-central1/repositories/gcf-artifacts","serviceAccount":"projects/glucose-goose/serviceAccounts/101841828420-compute@developer.gserviceaccount.com","automaticUpdatePolicy":{}},"serviceConfig":{"service":"projects/glucose-goose/locations/us-central1/services/getnightscoutbundle","timeoutSeconds":60,"environmentVariables":{"FIREBASE_CONFIG":"{\"projectId\":\"glucose-goose\",\"storageBucket\":\"glucose-goose.firebasestorage.app\"}","GCLOUD_PROJECT":"glucose-goose","EVENTARC_CLOUD_EVENT_SOURCE":"projects/glucose-goose/locations/us-central1/services/getNightscoutBundle","FUNCTION_TARGET":"getNightscoutBundle","LOG_EXECUTION_ID":"true","FUNCTION_SIGNATURE_TYPE":"http"},"maxInstanceCount":20,"ingressSettings":"ALLOW_ALL","uri":"https://getnightscoutbundle-ft7us77rra-uc.a.run.app","serviceAccountEmail":"101841828420-compute@developer.gserviceaccount.com","availableMemory":"256Mi","allTrafficOnLatestRevision":true,"revision":"getnightscoutbundle-00024-rug","maxInstanceRequestConcurrency":80,"availableCpu":"1"},"state":"ACTIVE","updateTime":"2025-12-03T18:47:12.839822253Z","labels":{"firebase-functions-hash":"b9ed78d63ff27c1f699d8766eb4cdd37baf3e634","deployment-tool":"cli-firebase"},"environment":"GEN_2","url":"https://us-central1-glucose-goose.cloudfunctions.net/getNightscoutBundle","createTime":"2025-12-01T09:45:12.313573956Z","satisfiesPzi":true},{"name":"projects/glucose-goose/locations/us-central1/functions/simulateGlucose","buildConfig":{"build":"projects/101841828420/locations/us-central1/builds/f1aa918e-89ee-42d9-8a1c-855e2973779a","runtime":"nodejs24","entryPoint":"simulateGlucose","source":{"storageSource":{"bucket":"gcf-v2-sources-101841828420-us-central1","object":"simulateGlucose/function-source.zip","generation":"1764787627057845"}},"environmentVariables":{"GOOGLE_NODE_RUN_SCRIPTS":""},"dockerRepository":"projects/glucose-goose/locations/us-central1/repositories/gcf-artifacts","serviceAccount":"projects/glucose-goose/serviceAccounts/101841828420-compute@developer.gserviceaccount.com","automaticUpdatePolicy":{}},"serviceConfig":{"service":"projects/glucose-goose/locations/us-central1/services/simulateglucose","timeoutSeconds":60,"environmentVariables":{"FIREBASE_CONFIG":"{\"projectId\":\"glucose-goose\",\"storageBucket\":\"glucose-goose.firebasestorage.app\"}","GCLOUD_PROJECT":"glucose-goose","EVENTARC_CLOUD_EVENT_SOURCE":"projects/glucose-goose/locations/us-central1/services/simulateGlucose","FUNCTION_TARGET":"simulateGlucose","LOG_EXECUTION_ID":"true","FUNCTION_SIGNATURE_TYPE":"http"},"maxInstanceCount":20,"ingressSettings":"ALLOW_ALL","uri":"https://simulateglucose-ft7us77rra-uc.a.run.app","serviceAccountEmail":"101841828420-compute@developer.gserviceaccount.com","availableMemory":"256Mi","allTrafficOnLatestRevision":true,"secretEnvironmentVariables":[{"key":"NIGHTSCOUT_API_SECRET","projectId":"glucose-goose","secret":"NIGHTSCOUT_API_SECRET","version":"2"},{"key":"NIGHTSCOUT_URL","projectId":"glucose-goose","secret":"NIGHTSCOUT_URL","version":"1"}],"revision":"simulateglucose-00004-poh","maxInstanceRequestConcurrency":80,"availableCpu":"1"},"state":"ACTIVE","updateTime":"2025-12-03T18:47:13.199673365Z","labels":{"deployment-tool":"cli-firebase","deployment-scheduled":"true","firebase-functions-hash":"80829ee739ca7d92abf09a6c1c126db9c13669c8"},"environment":"GEN_2","url":"https://us-central1-glucose-goose.cloudfunctions.net/simulateGlucose","createTime":"2025-12-03T13:31:17.836984873Z","satisfiesPzi":true},{"name":"projects/glucose-goose/locations/us-central1/functions/deleteTreatment","buildConfig":{"build":"projects/101841828420/locations/us-central1/builds/f1aa918e-89ee-42d9-8a1c-855e2973779a","runtime":"nodejs24","entryPoint":"deleteTreatment","source":{"storageSource":{"bucket":"gcf-v2-sources-101841828420-us-central1","object":"deleteTreatment/function-source.zip","generation":"1764787627038037"}},"environmentVariables":{"GOOGLE_NODE_RUN_SCRIPTS":""},"dockerRepository":"projects/glucose-goose/locations/us-central1/repositories/gcf-artifacts","serviceAccount":"projects/glucose-goose/serviceAccounts/101841828420-compute@developer.gserviceaccount.com","automaticUpdatePolicy":{}},"serviceConfig":{"service":"projects/glucose-goose/locations/us-central1/services/deletetreatment","timeoutSeconds":60,"environmentVariables":{"FIREBASE_CONFIG":"{\"projectId\":\"glucose-goose\",\"storageBucket\":\"glucose-goose.firebasestorage.app\"}","GCLOUD_PROJECT":"glucose-goose","EVENTARC_CLOUD_EVENT_SOURCE":"projects/glucose-goose/locations/us-central1/services/deleteTreatment","FUNCTION_TARGET":"deleteTreatment","LOG_EXECUTION_ID":"true","FUNCTION_SIGNATURE_TYPE":"http"},"maxInstanceCount":20,"ingressSettings":"ALLOW_ALL","uri":"https://deletetreatment-ft7us77rra-uc.a.run.app","serviceAccountEmail":"101841828420-compute@developer.gserviceaccount.com","availableMemory":"256Mi","allTrafficOnLatestRevision":true,"revision":"deletetreatment-00009-mek","maxInstanceRequestConcurrency":80,"availableCpu":"1"},"state":"ACTIVE","updateTime":"2025-12-03T18:47:13.042158607Z","labels":{"firebase-functions-hash":"b9ed78d63ff27c1f699d8766eb4cdd37baf3e634","deployment-tool":"cli-firebase"},"environment":"GEN_2","url":"https://us-central1-glucose-goose.cloudfunctions.net/deleteTreatment","createTime":"2025-12-01T19:27:55.613996385Z","satisfiesPzi":true},{"name":"projects/glucose-goose/locations/us-central1/functions/updateTreatment","buildConfig":{"build":"projects/101841828420/locations/us-central1/builds/f1aa918e-89ee-42d9-8a1c-855e2973779a","runtime":"nodejs24","entryPoint":"updateTreatment","source":{"storageSource":{"bucket":"gcf-v2-sources-101841828420-us-central1","object":"updateTreatment/function-source.zip","generation":"1764787627057576"}},"environmentVariables":{"GOOGLE_NODE_RUN_SCRIPTS":""},"dockerRepository":"projects/glucose-goose/locations/us-central1/repositories/gcf-artifacts","serviceAccount":"projects/glucose-goose/serviceAccounts/101841828420-compute@developer.gserviceaccount.com","automaticUpdatePolicy":{}},"serviceConfig":{"service":"projects/glucose-goose/locations/us-central1/services/updatetreatment","timeoutSeconds":60,"environmentVariables":{"FIREBASE_CONFIG":"{\"projectId\":\"glucose-goose\",\"storageBucket\":\"glucose-goose.firebasestorage.app\"}","GCLOUD_PROJECT":"glucose-goose","EVENTARC_CLOUD_EVENT_SOURCE":"projects/glucose-goose/locations/us-central1/services/updateTreatment","FUNCTION_TARGET":"updateTreatment","LOG_EXECUTION_ID":"true","FUNCTION_SIGNATURE_TYPE":"http"},"maxInstanceCount":20,"ingressSettings":"ALLOW_ALL","uri":"https://updatetreatment-ft7us77rra-uc.a.run.app","serviceAccountEmail":"101841828420-compute@developer.gserviceaccount.com","availableMemory":"256Mi","allTrafficOnLatestRevision":true,"revision":"updatetreatment-00015-say","maxInstanceRequestConcurrency":80,"availableCpu":"1"},"state":"ACTIVE","updateTime":"2025-12-03T18:47:12.998996831Z","labels":{"deployment-tool":"cli-firebase","firebase-functions-hash":"b9ed78d63ff27c1f699d8766eb4cdd37baf3e634"},"environment":"GEN_2","url":"https://us-central1-glucose-goose.cloudfunctions.net/updateTreatment","createTime":"2025-12-01T17:38:05.768913732Z","satisfiesPzi":true}]}
[info] i  functions: ensuring required API cloudscheduler.googleapis.com is enabled... 
[info] i  functions: ensuring required API run.googleapis.com is enabled... 
[info] i  functions: ensuring required API eventarc.googleapis.com is enabled... 
[info] i  functions: ensuring required API pubsub.googleapis.com is enabled... 
[info] i  functions: ensuring required API storage.googleapis.com is enabled... 
[info] i  functions: generating the service identity for pubsub.googleapis.com... 
[debug] [2025-12-03T18:47:58.388Z] Checked if tokens are valid: true, expires at: 1764789425255
[debug] [2025-12-03T18:47:58.388Z] Checked if tokens are valid: true, expires at: 1764789425255
[info] i  functions: generating the service identity for eventarc.googleapis.com... 
[debug] [2025-12-03T18:47:58.389Z] Checked if tokens are valid: true, expires at: 1764789425255
[debug] [2025-12-03T18:47:58.390Z] Checked if tokens are valid: true, expires at: 1764789425255
[debug] [2025-12-03T18:47:58.391Z] >>> [apiv2][query] POST https://serviceusage.googleapis.com/v1beta1/projects/101841828420/services/pubsub.googleapis.com:generateServiceIdentity [none]
[debug] [2025-12-03T18:47:58.392Z] >>> [apiv2][(partial)header] POST https://serviceusage.googleapis.com/v1beta1/projects/101841828420/services/pubsub.googleapis.com:generateServiceIdentity x-goog-quota-user=projects/101841828420
[debug] [2025-12-03T18:47:58.392Z] >>> [apiv2][body] POST https://serviceusage.googleapis.com/v1beta1/projects/101841828420/services/pubsub.googleapis.com:generateServiceIdentity {}
[debug] [2025-12-03T18:47:58.397Z] >>> [apiv2][query] POST https://serviceusage.googleapis.com/v1beta1/projects/101841828420/services/eventarc.googleapis.com:generateServiceIdentity [none]
[debug] [2025-12-03T18:47:58.397Z] >>> [apiv2][(partial)header] POST https://serviceusage.googleapis.com/v1beta1/projects/101841828420/services/eventarc.googleapis.com:generateServiceIdentity x-goog-quota-user=projects/101841828420
[debug] [2025-12-03T18:47:58.398Z] >>> [apiv2][body] POST https://serviceusage.googleapis.com/v1beta1/projects/101841828420/services/eventarc.googleapis.com:generateServiceIdentity {}
[debug] [2025-12-03T18:47:59.453Z] <<< [apiv2][status] POST https://serviceusage.googleapis.com/v1beta1/projects/101841828420/services/pubsub.googleapis.com:generateServiceIdentity 200
[debug] [2025-12-03T18:47:59.454Z] <<< [apiv2][body] POST https://serviceusage.googleapis.com/v1beta1/projects/101841828420/services/pubsub.googleapis.com:generateServiceIdentity {"name":"operations/finished.DONE_OPERATION","done":true,"response":{"@type":"type.googleapis.com/google.api.serviceusage.v1beta1.ServiceIdentity","email":"service-101841828420@gcp-sa-pubsub.iam.gserviceaccount.com","uniqueId":"105321100914897376203"}}
[debug] [2025-12-03T18:47:59.520Z] <<< [apiv2][status] POST https://serviceusage.googleapis.com/v1beta1/projects/101841828420/services/eventarc.googleapis.com:generateServiceIdentity 200
[debug] [2025-12-03T18:47:59.521Z] <<< [apiv2][body] POST https://serviceusage.googleapis.com/v1beta1/projects/101841828420/services/eventarc.googleapis.com:generateServiceIdentity {"name":"operations/finished.DONE_OPERATION","done":true,"response":{"@type":"type.googleapis.com/google.api.serviceusage.v1beta1.ServiceIdentity","email":"service-101841828420@gcp-sa-eventarc.iam.gserviceaccount.com","uniqueId":"102655789524274039934"}}
[info] i  functions: ensuring required API secretmanager.googleapis.com is enabled... 
[debug] [2025-12-03T18:47:59.531Z] Checked if tokens are valid: true, expires at: 1764789425255
[debug] [2025-12-03T18:47:59.532Z] Checked if tokens are valid: true, expires at: 1764789425255
[debug] [2025-12-03T18:47:59.533Z] Checked if tokens are valid: true, expires at: 1764789425255
[debug] [2025-12-03T18:47:59.533Z] Checked if tokens are valid: true, expires at: 1764789425255
[debug] [2025-12-03T18:47:59.534Z] >>> [apiv2][query] GET https://secretmanager.googleapis.com/v1/projects/glucose-goose/secrets/NIGHTSCOUT_API_SECRET/versions/latest [none]
[debug] [2025-12-03T18:47:59.540Z] >>> [apiv2][query] GET https://secretmanager.googleapis.com/v1/projects/glucose-goose/secrets/NIGHTSCOUT_URL/versions/latest [none]
[debug] [2025-12-03T18:47:59.929Z] <<< [apiv2][status] GET https://secretmanager.googleapis.com/v1/projects/glucose-goose/secrets/NIGHTSCOUT_URL/versions/latest 200
[debug] [2025-12-03T18:47:59.930Z] <<< [apiv2][body] GET https://secretmanager.googleapis.com/v1/projects/glucose-goose/secrets/NIGHTSCOUT_URL/versions/latest {"name":"projects/101841828420/secrets/NIGHTSCOUT_URL/versions/1","createTime":"2025-12-01T15:27:16.459270Z","state":"ENABLED","replicationStatus":{"automatic":{}},"etag":"\"1644e59d3c9f06\""}
[debug] [2025-12-03T18:47:59.931Z] Resolved secret version of NIGHTSCOUT_URL to 1.
[debug] [2025-12-03T18:47:59.936Z] <<< [apiv2][status] GET https://secretmanager.googleapis.com/v1/projects/glucose-goose/secrets/NIGHTSCOUT_API_SECRET/versions/latest 200
[debug] [2025-12-03T18:47:59.936Z] <<< [apiv2][body] GET https://secretmanager.googleapis.com/v1/projects/glucose-goose/secrets/NIGHTSCOUT_API_SECRET/versions/latest {"name":"projects/101841828420/secrets/NIGHTSCOUT_API_SECRET/versions/2","createTime":"2025-12-01T19:20:39.610855Z","state":"ENABLED","replicationStatus":{"automatic":{}},"etag":"\"1644e8dfe3c1e7\""}
[debug] [2025-12-03T18:47:59.937Z] Resolved secret version of NIGHTSCOUT_API_SECRET to 2.
[debug] [2025-12-03T18:47:59.939Z] Checked if tokens are valid: true, expires at: 1764789425255
[debug] [2025-12-03T18:47:59.939Z] Checked if tokens are valid: true, expires at: 1764789425255
[debug] [2025-12-03T18:47:59.939Z] >>> [apiv2][query] GET https://cloudresourcemanager.googleapis.com/v1/projects/glucose-goose [none]
[debug] [2025-12-03T18:48:00.186Z] <<< [apiv2][status] GET https://cloudresourcemanager.googleapis.com/v1/projects/glucose-goose 200
[debug] [2025-12-03T18:48:00.187Z] <<< [apiv2][body] GET https://cloudresourcemanager.googleapis.com/v1/projects/glucose-goose {"projectNumber":"101841828420","projectId":"glucose-goose","lifecycleState":"ACTIVE","name":"glucose-goose","labels":{"firebase":"enabled","firebase-core":"disabled"},"createTime":"2025-11-22T18:17:16.975353Z"}
[debug] [2025-12-03T18:48:00.189Z] Checked if tokens are valid: true, expires at: 1764789425255
[debug] [2025-12-03T18:48:00.189Z] Checked if tokens are valid: true, expires at: 1764789425255
[debug] [2025-12-03T18:48:00.190Z] >>> [apiv2][query] GET https://compute.googleapis.com/compute/v1/projects/101841828420 [none]
[debug] [2025-12-03T18:48:00.554Z] <<< [apiv2][status] GET https://compute.googleapis.com/compute/v1/projects/101841828420 403
[debug] [2025-12-03T18:48:00.555Z] <<< [apiv2][body] GET https://compute.googleapis.com/compute/v1/projects/101841828420 {"error":{"code":403,"message":"Compute Engine API has not been used in project 101841828420 before or it is disabled. Enable it by visiting https://console.developers.google.com/apis/api/compute.googleapis.com/overview?project=101841828420 then retry. If you enabled this API recently, wait a few minutes for the action to propagate to our systems and retry.","errors":[{"message":"Compute Engine API has not been used in project 101841828420 before or it is disabled. Enable it by visiting https://console.developers.google.com/apis/api/compute.googleapis.com/overview?project=101841828420 then retry. If you enabled this API recently, wait a few minutes for the action to propagate to our systems and retry.","domain":"usageLimits","reason":"accessNotConfigured","extendedHelp":"https://console.developers.google.com"}],"status":"PERMISSION_DENIED","details":[{"@type":"type.googleapis.com/google.rpc.ErrorInfo","reason":"SERVICE_DISABLED","domain":"googleapis.com","metadata":{"containerInfo":"101841828420","consumer":"projects/101841828420","activationUrl":"https://console.developers.google.com/apis/api/compute.googleapis.com/overview?project=101841828420","service":"compute.googleapis.com","serviceTitle":"Compute Engine API"}},{"@type":"type.googleapis.com/google.rpc.LocalizedMessage","locale":"en-US","message":"Compute Engine API has not been used in project 101841828420 before or it is disabled. Enable it by visiting https://console.developers.google.com/apis/api/compute.googleapis.com/overview?project=101841828420 then retry. If you enabled this API recently, wait a few minutes for the action to propagate to our systems and retry."},{"@type":"type.googleapis.com/google.rpc.Help","links":[{"description":"Google developers console API activation","url":"https://console.developers.google.com/apis/api/compute.googleapis.com/overview?project=101841828420"}]}]}}
[debug] [2025-12-03T18:48:00.557Z] unable to look up default compute service account. Falling back to 101841828420-compute@developer.gserviceaccount.com. Error: {"name":"FirebaseError","children":[],"context":{"body":{"error":{"code":403,"message":"Compute Engine API has not been used in project 101841828420 before or it is disabled. Enable it by visiting https://console.developers.google.com/apis/api/compute.googleapis.com/overview?project=101841828420 then retry. If you enabled this API recently, wait a few minutes for the action to propagate to our systems and retry.","errors":[{"message":"Compute Engine API has not been used in project 101841828420 before or it is disabled. Enable it by visiting https://console.developers.google.com/apis/api/compute.googleapis.com/overview?project=101841828420 then retry. If you enabled this API recently, wait a few minutes for the action to propagate to our systems and retry.","domain":"usageLimits","reason":"accessNotConfigured","extendedHelp":"https://console.developers.google.com"}],"status":"PERMISSION_DENIED","details":[{"@type":"type.googleapis.com/google.rpc.ErrorInfo","reason":"SERVICE_DISABLED","domain":"googleapis.com","metadata":{"containerInfo":"101841828420","consumer":"projects/101841828420","activationUrl":"https://console.developers.google.com/apis/api/compute.googleapis.com/overview?project=101841828420","service":"compute.googleapis.com","serviceTitle":"Compute Engine API"}},{"@type":"type.googleapis.com/google.rpc.LocalizedMessage","locale":"en-US","message":"Compute Engine API has not been used in project 101841828420 before or it is disabled. Enable it by visiting https://console.developers.google.com/apis/api/compute.googleapis.com/overview?project=101841828420 then retry. If you enabled this API recently, wait a few minutes for the action to propagate to our systems and retry."},{"@type":"type.googleapis.com/google.rpc.Help","links":[{"description":"Google developers console API activation","url":"https://console.developers.google.com/apis/api/compute.googleapis.com/overview?project=101841828420"}]}]}},"response":{"statusCode":403}},"exit":1,"message":"Request to https://compute.googleapis.com/compute/v1/projects/101841828420 had HTTP Error: 403, Compute Engine API has not been used in project 101841828420 before or it is disabled. Enable it by visiting https://console.developers.google.com/apis/api/compute.googleapis.com/overview?project=101841828420 then retry. If you enabled this API recently, wait a few minutes for the action to propagate to our systems and retry.","status":403}
[debug] [2025-12-03T18:48:00.558Z] Checked if tokens are valid: true, expires at: 1764789425255
[debug] [2025-12-03T18:48:00.559Z] Checked if tokens are valid: true, expires at: 1764789425255
[debug] [2025-12-03T18:48:00.559Z] >>> [apiv2][query] GET https://compute.googleapis.com/compute/v1/projects/101841828420 [none]
[debug] [2025-12-03T18:48:00.922Z] <<< [apiv2][status] GET https://compute.googleapis.com/compute/v1/projects/101841828420 403
[debug] [2025-12-03T18:48:00.923Z] <<< [apiv2][body] GET https://compute.googleapis.com/compute/v1/projects/101841828420 {"error":{"code":403,"message":"Compute Engine API has not been used in project 101841828420 before or it is disabled. Enable it by visiting https://console.developers.google.com/apis/api/compute.googleapis.com/overview?project=101841828420 then retry. If you enabled this API recently, wait a few minutes for the action to propagate to our systems and retry.","errors":[{"message":"Compute Engine API has not been used in project 101841828420 before or it is disabled. Enable it by visiting https://console.developers.google.com/apis/api/compute.googleapis.com/overview?project=101841828420 then retry. If you enabled this API recently, wait a few minutes for the action to propagate to our systems and retry.","domain":"usageLimits","reason":"accessNotConfigured","extendedHelp":"https://console.developers.google.com"}],"status":"PERMISSION_DENIED","details":[{"@type":"type.googleapis.com/google.rpc.ErrorInfo","reason":"SERVICE_DISABLED","domain":"googleapis.com","metadata":{"containerInfo":"101841828420","consumer":"projects/101841828420","activationUrl":"https://console.developers.google.com/apis/api/compute.googleapis.com/overview?project=101841828420","service":"compute.googleapis.com","serviceTitle":"Compute Engine API"}},{"@type":"type.googleapis.com/google.rpc.LocalizedMessage","locale":"en-US","message":"Compute Engine API has not been used in project 101841828420 before or it is disabled. Enable it by visiting https://console.developers.google.com/apis/api/compute.googleapis.com/overview?project=101841828420 then retry. If you enabled this API recently, wait a few minutes for the action to propagate to our systems and retry."},{"@type":"type.googleapis.com/google.rpc.Help","links":[{"description":"Google developers console API activation","url":"https://console.developers.google.com/apis/api/compute.googleapis.com/overview?project=101841828420"}]}]}}
[debug] [2025-12-03T18:48:00.924Z] unable to look up default compute service account. Falling back to 101841828420-compute@developer.gserviceaccount.com. Error: {"name":"FirebaseError","children":[],"context":{"body":{"error":{"code":403,"message":"Compute Engine API has not been used in project 101841828420 before or it is disabled. Enable it by visiting https://console.developers.google.com/apis/api/compute.googleapis.com/overview?project=101841828420 then retry. If you enabled this API recently, wait a few minutes for the action to propagate to our systems and retry.","errors":[{"message":"Compute Engine API has not been used in project 101841828420 before or it is disabled. Enable it by visiting https://console.developers.google.com/apis/api/compute.googleapis.com/overview?project=101841828420 then retry. If you enabled this API recently, wait a few minutes for the action to propagate to our systems and retry.","domain":"usageLimits","reason":"accessNotConfigured","extendedHelp":"https://console.developers.google.com"}],"status":"PERMISSION_DENIED","details":[{"@type":"type.googleapis.com/google.rpc.ErrorInfo","reason":"SERVICE_DISABLED","domain":"googleapis.com","metadata":{"containerInfo":"101841828420","consumer":"projects/101841828420","activationUrl":"https://console.developers.google.com/apis/api/compute.googleapis.com/overview?project=101841828420","service":"compute.googleapis.com","serviceTitle":"Compute Engine API"}},{"@type":"type.googleapis.com/google.rpc.LocalizedMessage","locale":"en-US","message":"Compute Engine API has not been used in project 101841828420 before or it is disabled. Enable it by visiting https://console.developers.google.com/apis/api/compute.googleapis.com/overview?project=101841828420 then retry. If you enabled this API recently, wait a few minutes for the action to propagate to our systems and retry."},{"@type":"type.googleapis.com/google.rpc.Help","links":[{"description":"Google developers console API activation","url":"https://console.developers.google.com/apis/api/compute.googleapis.com/overview?project=101841828420"}]}]}},"response":{"statusCode":403}},"exit":1,"message":"Request to https://compute.googleapis.com/compute/v1/projects/101841828420 had HTTP Error: 403, Compute Engine API has not been used in project 101841828420 before or it is disabled. Enable it by visiting https://console.developers.google.com/apis/api/compute.googleapis.com/overview?project=101841828420 then retry. If you enabled this API recently, wait a few minutes for the action to propagate to our systems and retry.","status":403}
[debug] [2025-12-03T18:48:00.925Z] Checked if tokens are valid: true, expires at: 1764789425255
[debug] [2025-12-03T18:48:00.925Z] Checked if tokens are valid: true, expires at: 1764789425255
[debug] [2025-12-03T18:48:00.925Z] >>> [apiv2][query] GET https://compute.googleapis.com/compute/v1/projects/101841828420 [none]
[debug] [2025-12-03T18:48:01.153Z] <<< [apiv2][status] GET https://compute.googleapis.com/compute/v1/projects/101841828420 403
[debug] [2025-12-03T18:48:01.154Z] <<< [apiv2][body] GET https://compute.googleapis.com/compute/v1/projects/101841828420 {"error":{"code":403,"message":"Compute Engine API has not been used in project 101841828420 before or it is disabled. Enable it by visiting https://console.developers.google.com/apis/api/compute.googleapis.com/overview?project=101841828420 then retry. If you enabled this API recently, wait a few minutes for the action to propagate to our systems and retry.","errors":[{"message":"Compute Engine API has not been used in project 101841828420 before or it is disabled. Enable it by visiting https://console.developers.google.com/apis/api/compute.googleapis.com/overview?project=101841828420 then retry. If you enabled this API recently, wait a few minutes for the action to propagate to our systems and retry.","domain":"usageLimits","reason":"accessNotConfigured","extendedHelp":"https://console.developers.google.com"}],"status":"PERMISSION_DENIED","details":[{"@type":"type.googleapis.com/google.rpc.ErrorInfo","reason":"SERVICE_DISABLED","domain":"googleapis.com","metadata":{"activationUrl":"https://console.developers.google.com/apis/api/compute.googleapis.com/overview?project=101841828420","containerInfo":"101841828420","serviceTitle":"Compute Engine API","consumer":"projects/101841828420","service":"compute.googleapis.com"}},{"@type":"type.googleapis.com/google.rpc.LocalizedMessage","locale":"en-US","message":"Compute Engine API has not been used in project 101841828420 before or it is disabled. Enable it by visiting https://console.developers.google.com/apis/api/compute.googleapis.com/overview?project=101841828420 then retry. If you enabled this API recently, wait a few minutes for the action to propagate to our systems and retry."},{"@type":"type.googleapis.com/google.rpc.Help","links":[{"description":"Google developers console API activation","url":"https://console.developers.google.com/apis/api/compute.googleapis.com/overview?project=101841828420"}]}]}}
[debug] [2025-12-03T18:48:01.155Z] unable to look up default compute service account. Falling back to 101841828420-compute@developer.gserviceaccount.com. Error: {"name":"FirebaseError","children":[],"context":{"body":{"error":{"code":403,"message":"Compute Engine API has not been used in project 101841828420 before or it is disabled. Enable it by visiting https://console.developers.google.com/apis/api/compute.googleapis.com/overview?project=101841828420 then retry. If you enabled this API recently, wait a few minutes for the action to propagate to our systems and retry.","errors":[{"message":"Compute Engine API has not been used in project 101841828420 before or it is disabled. Enable it by visiting https://console.developers.google.com/apis/api/compute.googleapis.com/overview?project=101841828420 then retry. If you enabled this API recently, wait a few minutes for the action to propagate to our systems and retry.","domain":"usageLimits","reason":"accessNotConfigured","extendedHelp":"https://console.developers.google.com"}],"status":"PERMISSION_DENIED","details":[{"@type":"type.googleapis.com/google.rpc.ErrorInfo","reason":"SERVICE_DISABLED","domain":"googleapis.com","metadata":{"activationUrl":"https://console.developers.google.com/apis/api/compute.googleapis.com/overview?project=101841828420","containerInfo":"101841828420","serviceTitle":"Compute Engine API","consumer":"projects/101841828420","service":"compute.googleapis.com"}},{"@type":"type.googleapis.com/google.rpc.LocalizedMessage","locale":"en-US","message":"Compute Engine API has not been used in project 101841828420 before or it is disabled. Enable it by visiting https://console.developers.google.com/apis/api/compute.googleapis.com/overview?project=101841828420 then retry. If you enabled this API recently, wait a few minutes for the action to propagate to our systems and retry."},{"@type":"type.googleapis.com/google.rpc.Help","links":[{"description":"Google developers console API activation","url":"https://console.developers.google.com/apis/api/compute.googleapis.com/overview?project=101841828420"}]}]}},"response":{"statusCode":403}},"exit":1,"message":"Request to https://compute.googleapis.com/compute/v1/projects/101841828420 had HTTP Error: 403, Compute Engine API has not been used in project 101841828420 before or it is disabled. Enable it by visiting https://console.developers.google.com/apis/api/compute.googleapis.com/overview?project=101841828420 then retry. If you enabled this API recently, wait a few minutes for the action to propagate to our systems and retry.","status":403}
[debug] [2025-12-03T18:48:01.156Z] Checked if tokens are valid: true, expires at: 1764789425255
[debug] [2025-12-03T18:48:01.156Z] Checked if tokens are valid: true, expires at: 1764789425255
[debug] [2025-12-03T18:48:01.157Z] >>> [apiv2][query] GET https://compute.googleapis.com/compute/v1/projects/101841828420 [none]
[debug] [2025-12-03T18:48:01.409Z] <<< [apiv2][status] GET https://compute.googleapis.com/compute/v1/projects/101841828420 403
[debug] [2025-12-03T18:48:01.410Z] <<< [apiv2][body] GET https://compute.googleapis.com/compute/v1/projects/101841828420 {"error":{"code":403,"message":"Compute Engine API has not been used in project 101841828420 before or it is disabled. Enable it by visiting https://console.developers.google.com/apis/api/compute.googleapis.com/overview?project=101841828420 then retry. If you enabled this API recently, wait a few minutes for the action to propagate to our systems and retry.","errors":[{"message":"Compute Engine API has not been used in project 101841828420 before or it is disabled. Enable it by visiting https://console.developers.google.com/apis/api/compute.googleapis.com/overview?project=101841828420 then retry. If you enabled this API recently, wait a few minutes for the action to propagate to our systems and retry.","domain":"usageLimits","reason":"accessNotConfigured","extendedHelp":"https://console.developers.google.com"}],"status":"PERMISSION_DENIED","details":[{"@type":"type.googleapis.com/google.rpc.ErrorInfo","reason":"SERVICE_DISABLED","domain":"googleapis.com","metadata":{"service":"compute.googleapis.com","consumer":"projects/101841828420","serviceTitle":"Compute Engine API","activationUrl":"https://console.developers.google.com/apis/api/compute.googleapis.com/overview?project=101841828420","containerInfo":"101841828420"}},{"@type":"type.googleapis.com/google.rpc.LocalizedMessage","locale":"en-US","message":"Compute Engine API has not been used in project 101841828420 before or it is disabled. Enable it by visiting https://console.developers.google.com/apis/api/compute.googleapis.com/overview?project=101841828420 then retry. If you enabled this API recently, wait a few minutes for the action to propagate to our systems and retry."},{"@type":"type.googleapis.com/google.rpc.Help","links":[{"description":"Google developers console API activation","url":"https://console.developers.google.com/apis/api/compute.googleapis.com/overview?project=101841828420"}]}]}}
[debug] [2025-12-03T18:48:01.411Z] unable to look up default compute service account. Falling back to 101841828420-compute@developer.gserviceaccount.com. Error: {"name":"FirebaseError","children":[],"context":{"body":{"error":{"code":403,"message":"Compute Engine API has not been used in project 101841828420 before or it is disabled. Enable it by visiting https://console.developers.google.com/apis/api/compute.googleapis.com/overview?project=101841828420 then retry. If you enabled this API recently, wait a few minutes for the action to propagate to our systems and retry.","errors":[{"message":"Compute Engine API has not been used in project 101841828420 before or it is disabled. Enable it by visiting https://console.developers.google.com/apis/api/compute.googleapis.com/overview?project=101841828420 then retry. If you enabled this API recently, wait a few minutes for the action to propagate to our systems and retry.","domain":"usageLimits","reason":"accessNotConfigured","extendedHelp":"https://console.developers.google.com"}],"status":"PERMISSION_DENIED","details":[{"@type":"type.googleapis.com/google.rpc.ErrorInfo","reason":"SERVICE_DISABLED","domain":"googleapis.com","metadata":{"service":"compute.googleapis.com","consumer":"projects/101841828420","serviceTitle":"Compute Engine API","activationUrl":"https://console.developers.google.com/apis/api/compute.googleapis.com/overview?project=101841828420","containerInfo":"101841828420"}},{"@type":"type.googleapis.com/google.rpc.LocalizedMessage","locale":"en-US","message":"Compute Engine API has not been used in project 101841828420 before or it is disabled. Enable it by visiting https://console.developers.google.com/apis/api/compute.googleapis.com/overview?project=101841828420 then retry. If you enabled this API recently, wait a few minutes for the action to propagate to our systems and retry."},{"@type":"type.googleapis.com/google.rpc.Help","links":[{"description":"Google developers console API activation","url":"https://console.developers.google.com/apis/api/compute.googleapis.com/overview?project=101841828420"}]}]}},"response":{"statusCode":403}},"exit":1,"message":"Request to https://compute.googleapis.com/compute/v1/projects/101841828420 had HTTP Error: 403, Compute Engine API has not been used in project 101841828420 before or it is disabled. Enable it by visiting https://console.developers.google.com/apis/api/compute.googleapis.com/overview?project=101841828420 then retry. If you enabled this API recently, wait a few minutes for the action to propagate to our systems and retry.","status":403}
[debug] [2025-12-03T18:48:01.412Z] Checked if tokens are valid: true, expires at: 1764789425255
[debug] [2025-12-03T18:48:01.412Z] Checked if tokens are valid: true, expires at: 1764789425255
[debug] [2025-12-03T18:48:01.413Z] >>> [apiv2][query] GET https://compute.googleapis.com/compute/v1/projects/101841828420 [none]
[debug] [2025-12-03T18:48:01.691Z] <<< [apiv2][status] GET https://compute.googleapis.com/compute/v1/projects/101841828420 403
[debug] [2025-12-03T18:48:01.692Z] <<< [apiv2][body] GET https://compute.googleapis.com/compute/v1/projects/101841828420 {"error":{"code":403,"message":"Compute Engine API has not been used in project 101841828420 before or it is disabled. Enable it by visiting https://console.developers.google.com/apis/api/compute.googleapis.com/overview?project=101841828420 then retry. If you enabled this API recently, wait a few minutes for the action to propagate to our systems and retry.","errors":[{"message":"Compute Engine API has not been used in project 101841828420 before or it is disabled. Enable it by visiting https://console.developers.google.com/apis/api/compute.googleapis.com/overview?project=101841828420 then retry. If you enabled this API recently, wait a few minutes for the action to propagate to our systems and retry.","domain":"usageLimits","reason":"accessNotConfigured","extendedHelp":"https://console.developers.google.com"}],"status":"PERMISSION_DENIED","details":[{"@type":"type.googleapis.com/google.rpc.ErrorInfo","reason":"SERVICE_DISABLED","domain":"googleapis.com","metadata":{"containerInfo":"101841828420","consumer":"projects/101841828420","service":"compute.googleapis.com","activationUrl":"https://console.developers.google.com/apis/api/compute.googleapis.com/overview?project=101841828420","serviceTitle":"Compute Engine API"}},{"@type":"type.googleapis.com/google.rpc.LocalizedMessage","locale":"en-US","message":"Compute Engine API has not been used in project 101841828420 before or it is disabled. Enable it by visiting https://console.developers.google.com/apis/api/compute.googleapis.com/overview?project=101841828420 then retry. If you enabled this API recently, wait a few minutes for the action to propagate to our systems and retry."},{"@type":"type.googleapis.com/google.rpc.Help","links":[{"description":"Google developers console API activation","url":"https://console.developers.google.com/apis/api/compute.googleapis.com/overview?project=101841828420"}]}]}}
[debug] [2025-12-03T18:48:01.693Z] unable to look up default compute service account. Falling back to 101841828420-compute@developer.gserviceaccount.com. Error: {"name":"FirebaseError","children":[],"context":{"body":{"error":{"code":403,"message":"Compute Engine API has not been used in project 101841828420 before or it is disabled. Enable it by visiting https://console.developers.google.com/apis/api/compute.googleapis.com/overview?project=101841828420 then retry. If you enabled this API recently, wait a few minutes for the action to propagate to our systems and retry.","errors":[{"message":"Compute Engine API has not been used in project 101841828420 before or it is disabled. Enable it by visiting https://console.developers.google.com/apis/api/compute.googleapis.com/overview?project=101841828420 then retry. If you enabled this API recently, wait a few minutes for the action to propagate to our systems and retry.","domain":"usageLimits","reason":"accessNotConfigured","extendedHelp":"https://console.developers.google.com"}],"status":"PERMISSION_DENIED","details":[{"@type":"type.googleapis.com/google.rpc.ErrorInfo","reason":"SERVICE_DISABLED","domain":"googleapis.com","metadata":{"containerInfo":"101841828420","consumer":"projects/101841828420","service":"compute.googleapis.com","activationUrl":"https://console.developers.google.com/apis/api/compute.googleapis.com/overview?project=101841828420","serviceTitle":"Compute Engine API"}},{"@type":"type.googleapis.com/google.rpc.LocalizedMessage","locale":"en-US","message":"Compute Engine API has not been used in project 101841828420 before or it is disabled. Enable it by visiting https://console.developers.google.com/apis/api/compute.googleapis.com/overview?project=101841828420 then retry. If you enabled this API recently, wait a few minutes for the action to propagate to our systems and retry."},{"@type":"type.googleapis.com/google.rpc.Help","links":[{"description":"Google developers console API activation","url":"https://console.developers.google.com/apis/api/compute.googleapis.com/overview?project=101841828420"}]}]}},"response":{"statusCode":403}},"exit":1,"message":"Request to https://compute.googleapis.com/compute/v1/projects/101841828420 had HTTP Error: 403, Compute Engine API has not been used in project 101841828420 before or it is disabled. Enable it by visiting https://console.developers.google.com/apis/api/compute.googleapis.com/overview?project=101841828420 then retry. If you enabled this API recently, wait a few minutes for the action to propagate to our systems and retry.","status":403}
[debug] [2025-12-03T18:48:01.700Z] Checked if tokens are valid: true, expires at: 1764789425255
[debug] [2025-12-03T18:48:01.701Z] Checked if tokens are valid: true, expires at: 1764789425255
[debug] [2025-12-03T18:48:01.702Z] >>> [apiv2][query] GET https://cloudbilling.googleapis.com/v1/projects/glucose-goose/billingInfo [none]
[debug] [2025-12-03T18:48:02.575Z] <<< [apiv2][status] GET https://cloudbilling.googleapis.com/v1/projects/glucose-goose/billingInfo 200
[debug] [2025-12-03T18:48:02.576Z] <<< [apiv2][body] GET https://cloudbilling.googleapis.com/v1/projects/glucose-goose/billingInfo {"name":"projects/glucose-goose/billingInfo","projectId":"glucose-goose","billingAccountName":"billingAccounts/01A486-14687E-2E4E5A","billingEnabled":true}
[debug] [2025-12-03T18:48:02.581Z] Checked if tokens are valid: true, expires at: 1764789425255
[debug] [2025-12-03T18:48:02.582Z] Checked if tokens are valid: true, expires at: 1764789425255
[debug] [2025-12-03T18:48:02.582Z] >>> [apiv2][query] POST https://cloudfunctions.googleapis.com/v2/projects/glucose-goose/locations/us-central1/functions:generateUploadUrl [none]
[debug] [2025-12-03T18:48:03.436Z] <<< [apiv2][status] POST https://cloudfunctions.googleapis.com/v2/projects/glucose-goose/locations/us-central1/functions:generateUploadUrl 200
[debug] [2025-12-03T18:48:03.436Z] <<< [apiv2][body] POST https://cloudfunctions.googleapis.com/v2/projects/glucose-goose/locations/us-central1/functions:generateUploadUrl {"uploadUrl":"https://storage.googleapis.com/gcf-v2-uploads-101841828420.us-central1.cloudfunctions.appspot.com/0a820101-d09a-4cc6-a438-89f2da7ed7e8.zip?GoogleAccessId=service-101841828420@gcf-admin-robot.iam.gserviceaccount.com&Expires=1764789483&Signature=JPutqj73SbzW9ObLdPXF9HxvFZfC4dNk7xIDgGFuVOWL4DHUEoCC%2B6MppROyJqDsloM3jcGCdr7qYpwQUcRa9MBh5dCl%2FbNVR4i8X5cb930BHhE8i9yfMQTNPe7tnxTSTQBHQzRKJgdngPfhtf%2BiJQY4H4fh36gi3%2FwZ%2BQsCr722nTZ0M52NWzgrDd2GRpM0oiUXTySQNGi6asXOu179g7YQWvNYe5sV6jn4u3ocWd%2FnN2onoWMd6oTBSs9P%2BgRcUgUjF63R3pEJ5qabPGkUcwz1Ph1pqU%2BQvyExpQW82Idcs5lmF3E%2BfT7Z3vvc%2FDXPd9f1n01weINCOW%2Bp4xRn9w%3D%3D","storageSource":{"bucket":"gcf-v2-uploads-101841828420.us-central1.cloudfunctions.appspot.com","object":"0a820101-d09a-4cc6-a438-89f2da7ed7e8.zip"}}
[debug] [2025-12-03T18:48:03.439Z] >>> [apiv2][query] PUT https://storage.googleapis.com/gcf-v2-uploads-101841828420.us-central1.cloudfunctions.appspot.com/0a820101-d09a-4cc6-a438-89f2da7ed7e8.zip GoogleAccessId=service-101841828420%40gcf-admin-robot.iam.gserviceaccount.com&Expires=1764789483&Signature=JPutqj73SbzW9ObLdPXF9HxvFZfC4dNk7xIDgGFuVOWL4DHUEoCC%2B6MppROyJqDsloM3jcGCdr7qYpwQUcRa9MBh5dCl%2FbNVR4i8X5cb930BHhE8i9yfMQTNPe7tnxTSTQBHQzRKJgdngPfhtf%2BiJQY4H4fh36gi3%2FwZ%2BQsCr722nTZ0M52NWzgrDd2GRpM0oiUXTySQNGi6asXOu179g7YQWvNYe5sV6jn4u3ocWd%2FnN2onoWMd6oTBSs9P%2BgRcUgUjF63R3pEJ5qabPGkUcwz1Ph1pqU%2BQvyExpQW82Idcs5lmF3E%2BfT7Z3vvc%2FDXPd9f1n01weINCOW%2Bp4xRn9w%3D%3D
[debug] [2025-12-03T18:48:03.439Z] >>> [apiv2][body] PUT https://storage.googleapis.com/gcf-v2-uploads-101841828420.us-central1.cloudfunctions.appspot.com/0a820101-d09a-4cc6-a438-89f2da7ed7e8.zip [stream]
[debug] [2025-12-03T18:48:03.984Z] <<< [apiv2][status] PUT https://storage.googleapis.com/gcf-v2-uploads-101841828420.us-central1.cloudfunctions.appspot.com/0a820101-d09a-4cc6-a438-89f2da7ed7e8.zip 200
[debug] [2025-12-03T18:48:03.985Z] <<< [apiv2][body] PUT https://storage.googleapis.com/gcf-v2-uploads-101841828420.us-central1.cloudfunctions.appspot.com/0a820101-d09a-4cc6-a438-89f2da7ed7e8.zip [omitted]
[info] ✔  functions: functions source uploaded successfully 
[info] 
The following functions are found in your project but do not exist in your local source code:
	analyzeMeal(us-central1)

If you are renaming a function or changing its region, it is recommended that you create the new function first before deleting the old one to prevent event loss. For more info, visit https://firebase.google.com/docs/functions/manage-functions#modify

[info] i  functions: updating Node.js 24 (2nd Gen) function addTreatment(us-central1)... 
[info] i  functions: updating Node.js 24 (2nd Gen) function deleteTreatment(us-central1)... 
[info] i  functions: updating Node.js 24 (2nd Gen) function getNightscoutBundle(us-central1)... 
[info] i  functions: updating Node.js 24 (2nd Gen) function simulateGlucose(us-central1)... 
[info] i  functions: updating Node.js 24 (2nd Gen) function updateTreatment(us-central1)... 
[info] i  functions: deleting Node.js 24 (2nd Gen) function analyzeMeal(us-central1)... 
[debug] [2025-12-03T18:48:12.144Z] Checked if tokens are valid: true, expires at: 1764789425255
[debug] [2025-12-03T18:48:12.145Z] Checked if tokens are valid: true, expires at: 1764789425255
[debug] [2025-12-03T18:48:12.147Z] Checked if tokens are valid: true, expires at: 1764789425255
[debug] [2025-12-03T18:48:12.147Z] Checked if tokens are valid: true, expires at: 1764789425255
[debug] [2025-12-03T18:48:12.149Z] >>> [apiv2][query] PATCH https://cloudfunctions.googleapis.com/v2/projects/glucose-goose/locations/us-central1/functions/addTreatment updateMask=name%2CbuildConfig.runtime%2CbuildConfig.entryPoint%2CbuildConfig.source.storageSource.bucket%2CbuildConfig.source.storageSource.object%2CbuildConfig.environmentVariables%2CbuildConfig.sourceToken%2CserviceConfig.environmentVariables%2CserviceConfig.ingressSettings%2CserviceConfig.timeoutSeconds%2CserviceConfig.serviceAccountEmail%2CserviceConfig.availableMemory%2CserviceConfig.minInstanceCount%2CserviceConfig.maxInstanceCount%2CserviceConfig.maxInstanceRequestConcurrency%2CserviceConfig.availableCpu%2CserviceConfig.vpcConnector%2CserviceConfig.vpcConnectorEgressSettings%2Clabels
[debug] [2025-12-03T18:48:12.150Z] >>> [apiv2][body] PATCH https://cloudfunctions.googleapis.com/v2/projects/glucose-goose/locations/us-central1/functions/addTreatment {"name":"projects/glucose-goose/locations/us-central1/functions/addTreatment","buildConfig":{"runtime":"nodejs24","entryPoint":"addTreatment","source":{"storageSource":{"bucket":"gcf-v2-uploads-101841828420.us-central1.cloudfunctions.appspot.com","object":"0a820101-d09a-4cc6-a438-89f2da7ed7e8.zip"}},"environmentVariables":{"GOOGLE_NODE_RUN_SCRIPTS":""}},"serviceConfig":{"environmentVariables":{"FIREBASE_CONFIG":"{\"projectId\":\"glucose-goose\",\"storageBucket\":\"glucose-goose.firebasestorage.app\"}","GCLOUD_PROJECT":"glucose-goose","EVENTARC_CLOUD_EVENT_SOURCE":"projects/glucose-goose/locations/us-central1/services/addTreatment","FUNCTION_TARGET":"addTreatment","LOG_EXECUTION_ID":"true","FUNCTION_SIGNATURE_TYPE":"http"},"ingressSettings":null,"timeoutSeconds":null,"serviceAccountEmail":null,"availableMemory":"256Mi","minInstanceCount":null,"maxInstanceCount":null,"maxInstanceRequestConcurrency":80,"availableCpu":"1","vpcConnector":null,"vpcConnectorEgressSettings":null},"labels":{"deployment-tool":"cli-firebase","firebase-functions-hash":"2503a7df87e0207037f5c1ac0e69a86deec4e126"}}
[debug] [2025-12-03T18:48:12.159Z] >>> [apiv2][query] DELETE https://cloudfunctions.googleapis.com/v2/projects/glucose-goose/locations/us-central1/functions/analyzeMeal [none]
[debug] [2025-12-03T18:48:13.084Z] <<< [apiv2][status] DELETE https://cloudfunctions.googleapis.com/v2/projects/glucose-goose/locations/us-central1/functions/analyzeMeal 200
[debug] [2025-12-03T18:48:13.084Z] <<< [apiv2][body] DELETE https://cloudfunctions.googleapis.com/v2/projects/glucose-goose/locations/us-central1/functions/analyzeMeal {"name":"projects/glucose-goose/locations/us-central1/operations/operation-1764787692892-64510a789f026-35fbf321-8859efa8","metadata":{"@type":"type.googleapis.com/google.cloud.functions.v2.OperationMetadata","createTime":"2025-12-03T18:48:12.912372130Z","target":"projects/glucose-goose/locations/us-central1/functions/analyzeMeal","verb":"delete","cancelRequested":false,"apiVersion":"v2"},"done":false}
[debug] [2025-12-03T18:48:13.087Z] Checked if tokens are valid: true, expires at: 1764789425255
[debug] [2025-12-03T18:48:13.087Z] Checked if tokens are valid: true, expires at: 1764789425255
[debug] [2025-12-03T18:48:13.089Z] >>> [apiv2][query] GET https://cloudfunctions.googleapis.com/v2/projects/glucose-goose/locations/us-central1/operations/operation-1764787692892-64510a789f026-35fbf321-8859efa8 [none]
[debug] [2025-12-03T18:48:13.821Z] <<< [apiv2][status] PATCH https://cloudfunctions.googleapis.com/v2/projects/glucose-goose/locations/us-central1/functions/addTreatment 200
[debug] [2025-12-03T18:48:13.822Z] <<< [apiv2][body] PATCH https://cloudfunctions.googleapis.com/v2/projects/glucose-goose/locations/us-central1/functions/addTreatment {"name":"projects/glucose-goose/locations/us-central1/operations/operation-1764787692960-64510a78afa3d-b2ccb084-9d242b81","metadata":{"@type":"type.googleapis.com/google.cloud.functions.v2.OperationMetadata","createTime":"2025-12-03T18:48:13.577698490Z","target":"projects/glucose-goose/locations/us-central1/functions/addTreatment","verb":"update","cancelRequested":false,"apiVersion":"v2"},"done":false}
[debug] [2025-12-03T18:48:13.822Z] Checked if tokens are valid: true, expires at: 1764789425255
[debug] [2025-12-03T18:48:13.822Z] Checked if tokens are valid: true, expires at: 1764789425255
[debug] [2025-12-03T18:48:13.823Z] >>> [apiv2][query] GET https://cloudfunctions.googleapis.com/v2/projects/glucose-goose/locations/us-central1/operations/operation-1764787692960-64510a78afa3d-b2ccb084-9d242b81 [none]
[debug] [2025-12-03T18:48:13.898Z] <<< [apiv2][status] GET https://cloudfunctions.googleapis.com/v2/projects/glucose-goose/locations/us-central1/operations/operation-1764787692892-64510a789f026-35fbf321-8859efa8 200
[debug] [2025-12-03T18:48:13.899Z] <<< [apiv2][body] GET https://cloudfunctions.googleapis.com/v2/projects/glucose-goose/locations/us-central1/operations/operation-1764787692892-64510a789f026-35fbf321-8859efa8 {"name":"projects/glucose-goose/locations/us-central1/operations/operation-1764787692892-64510a789f026-35fbf321-8859efa8","metadata":{"@type":"type.googleapis.com/google.cloud.functions.v2.OperationMetadata","createTime":"2025-12-03T18:48:12.912372130Z","target":"projects/glucose-goose/locations/us-central1/functions/analyzeMeal","verb":"delete","cancelRequested":false,"apiVersion":"v2","requestResource":{"@type":"type.googleapis.com/google.cloud.functions.v2.Function","name":"projects/glucose-goose/locations/us-central1/functions/analyzeMeal","environment":"GEN_2"},"stages":[{"name":"ARTIFACT_REGISTRY","state":"NOT_STARTED"},{"name":"SERVICE","message":"Deleting Cloud Run service","state":"IN_PROGRESS","resource":"projects/glucose-goose/locations/us-central1/services/analyzemeal"}],"operationType":"DELETE_FUNCTION"},"done":false}
[debug] [2025-12-03T18:48:14.400Z] [delete-default-us-central1-analyzeMeal] Retrying task index 0
[debug] [2025-12-03T18:48:14.401Z] Checked if tokens are valid: true, expires at: 1764789425255
[debug] [2025-12-03T18:48:14.402Z] Checked if tokens are valid: true, expires at: 1764789425255
[debug] [2025-12-03T18:48:14.402Z] >>> [apiv2][query] GET https://cloudfunctions.googleapis.com/v2/projects/glucose-goose/locations/us-central1/operations/operation-1764787692892-64510a789f026-35fbf321-8859efa8 [none]
[debug] [2025-12-03T18:48:14.611Z] <<< [apiv2][status] GET https://cloudfunctions.googleapis.com/v2/projects/glucose-goose/locations/us-central1/operations/operation-1764787692960-64510a78afa3d-b2ccb084-9d242b81 200
[debug] [2025-12-03T18:48:14.612Z] <<< [apiv2][body] GET https://cloudfunctions.googleapis.com/v2/projects/glucose-goose/locations/us-central1/operations/operation-1764787692960-64510a78afa3d-b2ccb084-9d242b81 {"name":"projects/glucose-goose/locations/us-central1/operations/operation-1764787692960-64510a78afa3d-b2ccb084-9d242b81","metadata":{"@type":"type.googleapis.com/google.cloud.functions.v2.OperationMetadata","createTime":"2025-12-03T18:48:13.577698490Z","target":"projects/glucose-goose/locations/us-central1/functions/addTreatment","verb":"update","cancelRequested":false,"apiVersion":"v2","requestResource":{"@type":"type.googleapis.com/google.cloud.functions.v2.Function","name":"projects/glucose-goose/locations/us-central1/functions/addTreatment","buildConfig":{"runtime":"nodejs24","entryPoint":"addTreatment","source":{"storageSource":{"bucket":"gcf-v2-sources-101841828420-us-central1","object":"addTreatment/function-source.zip","generation":"1764787693529329"}},"environmentVariables":{"GOOGLE_NODE_RUN_SCRIPTS":""},"dockerRepository":"projects/glucose-goose/locations/us-central1/repositories/gcf-artifacts","serviceAccount":"projects/glucose-goose/serviceAccounts/101841828420-compute@developer.gserviceaccount.com","automaticUpdatePolicy":{}},"serviceConfig":{"service":"projects/glucose-goose/locations/us-central1/services/addtreatment","timeoutSeconds":60,"environmentVariables":{"FIREBASE_CONFIG":"{\"projectId\":\"glucose-goose\",\"storageBucket\":\"glucose-goose.firebasestorage.app\"}","GCLOUD_PROJECT":"glucose-goose","EVENTARC_CLOUD_EVENT_SOURCE":"projects/glucose-goose/locations/us-central1/services/addTreatment","FUNCTION_TARGET":"addTreatment","LOG_EXECUTION_ID":"true","FUNCTION_SIGNATURE_TYPE":"http"},"ingressSettings":"ALLOW_ALL","uri":"https://addtreatment-ft7us77rra-uc.a.run.app","serviceAccountEmail":"101841828420-compute@developer.gserviceaccount.com","availableMemory":"256Mi","allTrafficOnLatestRevision":true,"revision":"addtreatment-00022-xad","maxInstanceRequestConcurrency":80,"availableCpu":"1"},"state":"ACTIVE","labels":{"deployment-tool":"cli-firebase","firebase-functions-hash":"2503a7df87e0207037f5c1ac0e69a86deec4e126"},"environment":"GEN_2","url":"https://us-central1-glucose-goose.cloudfunctions.net/addTreatment","satisfiesPzi":true},"stages":[{"name":"BUILD","message":"Creating build","state":"IN_PROGRESS","resource":"projects/101841828420/locations/us-central1/builds/b8634736-842e-4401-b2de-2f13a6ec02b9","resourceUri":"https://console.cloud.google.com/cloud-build/builds;region=us-central1/b8634736-842e-4401-b2de-2f13a6ec02b9?project=101841828420"},{"name":"SERVICE","state":"NOT_STARTED"}],"operationType":"UPDATE_FUNCTION","buildName":"projects/101841828420/locations/us-central1/builds/b8634736-842e-4401-b2de-2f13a6ec02b9"},"done":false}
[debug] [2025-12-03T18:48:15.115Z] [update-default-us-central1-addTreatment] Retrying task index 0
[debug] [2025-12-03T18:48:15.116Z] Checked if tokens are valid: true, expires at: 1764789425255
[debug] [2025-12-03T18:48:15.116Z] Checked if tokens are valid: true, expires at: 1764789425255
[debug] [2025-12-03T18:48:15.116Z] >>> [apiv2][query] GET https://cloudfunctions.googleapis.com/v2/projects/glucose-goose/locations/us-central1/operations/operation-1764787692960-64510a78afa3d-b2ccb084-9d242b81 [none]
[debug] [2025-12-03T18:48:15.163Z] <<< [apiv2][status] GET https://cloudfunctions.googleapis.com/v2/projects/glucose-goose/locations/us-central1/operations/operation-1764787692892-64510a789f026-35fbf321-8859efa8 200
[debug] [2025-12-03T18:48:15.163Z] <<< [apiv2][body] GET https://cloudfunctions.googleapis.com/v2/projects/glucose-goose/locations/us-central1/operations/operation-1764787692892-64510a789f026-35fbf321-8859efa8 {"name":"projects/glucose-goose/locations/us-central1/operations/operation-1764787692892-64510a789f026-35fbf321-8859efa8","metadata":{"@type":"type.googleapis.com/google.cloud.functions.v2.OperationMetadata","createTime":"2025-12-03T18:48:12.912372130Z","target":"projects/glucose-goose/locations/us-central1/functions/analyzeMeal","verb":"delete","cancelRequested":false,"apiVersion":"v2","requestResource":{"@type":"type.googleapis.com/google.cloud.functions.v2.Function","name":"projects/glucose-goose/locations/us-central1/functions/analyzeMeal","environment":"GEN_2"},"stages":[{"name":"ARTIFACT_REGISTRY","state":"NOT_STARTED"},{"name":"SERVICE","message":"Deleting Cloud Run service","state":"IN_PROGRESS","resource":"projects/glucose-goose/locations/us-central1/services/analyzemeal"}],"operationType":"DELETE_FUNCTION"},"done":false}
[debug] [2025-12-03T18:48:15.860Z] <<< [apiv2][status] GET https://cloudfunctions.googleapis.com/v2/projects/glucose-goose/locations/us-central1/operations/operation-1764787692960-64510a78afa3d-b2ccb084-9d242b81 200
[debug] [2025-12-03T18:48:15.861Z] <<< [apiv2][body] GET https://cloudfunctions.googleapis.com/v2/projects/glucose-goose/locations/us-central1/operations/operation-1764787692960-64510a78afa3d-b2ccb084-9d242b81 {"name":"projects/glucose-goose/locations/us-central1/operations/operation-1764787692960-64510a78afa3d-b2ccb084-9d242b81","metadata":{"@type":"type.googleapis.com/google.cloud.functions.v2.OperationMetadata","createTime":"2025-12-03T18:48:13.577698490Z","target":"projects/glucose-goose/locations/us-central1/functions/addTreatment","verb":"update","cancelRequested":false,"apiVersion":"v2","requestResource":{"@type":"type.googleapis.com/google.cloud.functions.v2.Function","name":"projects/glucose-goose/locations/us-central1/functions/addTreatment","buildConfig":{"runtime":"nodejs24","entryPoint":"addTreatment","source":{"storageSource":{"bucket":"gcf-v2-sources-101841828420-us-central1","object":"addTreatment/function-source.zip","generation":"1764787693529329"}},"environmentVariables":{"GOOGLE_NODE_RUN_SCRIPTS":""},"dockerRepository":"projects/glucose-goose/locations/us-central1/repositories/gcf-artifacts","serviceAccount":"projects/glucose-goose/serviceAccounts/101841828420-compute@developer.gserviceaccount.com","automaticUpdatePolicy":{}},"serviceConfig":{"service":"projects/glucose-goose/locations/us-central1/services/addtreatment","timeoutSeconds":60,"environmentVariables":{"FIREBASE_CONFIG":"{\"projectId\":\"glucose-goose\",\"storageBucket\":\"glucose-goose.firebasestorage.app\"}","GCLOUD_PROJECT":"glucose-goose","EVENTARC_CLOUD_EVENT_SOURCE":"projects/glucose-goose/locations/us-central1/services/addTreatment","FUNCTION_TARGET":"addTreatment","LOG_EXECUTION_ID":"true","FUNCTION_SIGNATURE_TYPE":"http"},"ingressSettings":"ALLOW_ALL","uri":"https://addtreatment-ft7us77rra-uc.a.run.app","serviceAccountEmail":"101841828420-compute@developer.gserviceaccount.com","availableMemory":"256Mi","allTrafficOnLatestRevision":true,"revision":"addtreatment-00022-xad","maxInstanceRequestConcurrency":80,"availableCpu":"1"},"state":"ACTIVE","labels":{"deployment-tool":"cli-firebase","firebase-functions-hash":"2503a7df87e0207037f5c1ac0e69a86deec4e126"},"environment":"GEN_2","url":"https://us-central1-glucose-goose.cloudfunctions.net/addTreatment","satisfiesPzi":true},"stages":[{"name":"BUILD","message":"Build in progress","state":"IN_PROGRESS","resource":"projects/101841828420/locations/us-central1/builds/b8634736-842e-4401-b2de-2f13a6ec02b9","resourceUri":"https://console.cloud.google.com/cloud-build/builds;region=us-central1/b8634736-842e-4401-b2de-2f13a6ec02b9?project=101841828420"},{"name":"SERVICE","state":"NOT_STARTED"}],"operationType":"UPDATE_FUNCTION","buildName":"projects/101841828420/locations/us-central1/builds/b8634736-842e-4401-b2de-2f13a6ec02b9"},"done":false}
[debug] [2025-12-03T18:48:16.164Z] [delete-default-us-central1-analyzeMeal] Retrying task index 0
[debug] [2025-12-03T18:48:16.165Z] Checked if tokens are valid: true, expires at: 1764789425255
[debug] [2025-12-03T18:48:16.166Z] Checked if tokens are valid: true, expires at: 1764789425255
[debug] [2025-12-03T18:48:16.166Z] >>> [apiv2][query] GET https://cloudfunctions.googleapis.com/v2/projects/glucose-goose/locations/us-central1/operations/operation-1764787692892-64510a789f026-35fbf321-8859efa8 [none]
[debug] [2025-12-03T18:48:16.862Z] [update-default-us-central1-addTreatment] Retrying task index 0
[debug] [2025-12-03T18:48:16.863Z] Checked if tokens are valid: true, expires at: 1764789425255
[debug] [2025-12-03T18:48:16.864Z] Checked if tokens are valid: true, expires at: 1764789425255
[debug] [2025-12-03T18:48:16.864Z] >>> [apiv2][query] GET https://cloudfunctions.googleapis.com/v2/projects/glucose-goose/locations/us-central1/operations/operation-1764787692960-64510a78afa3d-b2ccb084-9d242b81 [none]
[debug] [2025-12-03T18:48:16.955Z] <<< [apiv2][status] GET https://cloudfunctions.googleapis.com/v2/projects/glucose-goose/locations/us-central1/operations/operation-1764787692892-64510a789f026-35fbf321-8859efa8 200
[debug] [2025-12-03T18:48:16.955Z] <<< [apiv2][body] GET https://cloudfunctions.googleapis.com/v2/projects/glucose-goose/locations/us-central1/operations/operation-1764787692892-64510a789f026-35fbf321-8859efa8 {"name":"projects/glucose-goose/locations/us-central1/operations/operation-1764787692892-64510a789f026-35fbf321-8859efa8","metadata":{"@type":"type.googleapis.com/google.cloud.functions.v2.OperationMetadata","createTime":"2025-12-03T18:48:12.912372130Z","endTime":"2025-12-03T18:48:15.864188957Z","target":"projects/glucose-goose/locations/us-central1/functions/analyzeMeal","verb":"delete","cancelRequested":false,"apiVersion":"v2","requestResource":{"@type":"type.googleapis.com/google.cloud.functions.v2.Function","name":"projects/glucose-goose/locations/us-central1/functions/analyzeMeal","environment":"GEN_2"},"stages":[{"name":"ARTIFACT_REGISTRY","message":"Deleting function artifacts in Artifact Registry","state":"COMPLETE"},{"name":"SERVICE","message":"Deleting Cloud Run service","state":"COMPLETE","resource":"projects/glucose-goose/locations/us-central1/services/analyzemeal"}],"operationType":"DELETE_FUNCTION"},"done":true,"response":{"@type":"type.googleapis.com/google.protobuf.Empty"}}
[info] ✔  functions[analyzeMeal(us-central1)] Successful delete operation. 
[debug] [2025-12-03T18:48:17.700Z] <<< [apiv2][status] GET https://cloudfunctions.googleapis.com/v2/projects/glucose-goose/locations/us-central1/operations/operation-1764787692960-64510a78afa3d-b2ccb084-9d242b81 200
[debug] [2025-12-03T18:48:17.701Z] <<< [apiv2][body] GET https://cloudfunctions.googleapis.com/v2/projects/glucose-goose/locations/us-central1/operations/operation-1764787692960-64510a78afa3d-b2ccb084-9d242b81 {"name":"projects/glucose-goose/locations/us-central1/operations/operation-1764787692960-64510a78afa3d-b2ccb084-9d242b81","metadata":{"@type":"type.googleapis.com/google.cloud.functions.v2.OperationMetadata","createTime":"2025-12-03T18:48:13.577698490Z","target":"projects/glucose-goose/locations/us-central1/functions/addTreatment","verb":"update","cancelRequested":false,"apiVersion":"v2","requestResource":{"@type":"type.googleapis.com/google.cloud.functions.v2.Function","name":"projects/glucose-goose/locations/us-central1/functions/addTreatment","buildConfig":{"runtime":"nodejs24","entryPoint":"addTreatment","source":{"storageSource":{"bucket":"gcf-v2-sources-101841828420-us-central1","object":"addTreatment/function-source.zip","generation":"1764787693529329"}},"environmentVariables":{"GOOGLE_NODE_RUN_SCRIPTS":""},"dockerRepository":"projects/glucose-goose/locations/us-central1/repositories/gcf-artifacts","serviceAccount":"projects/glucose-goose/serviceAccounts/101841828420-compute@developer.gserviceaccount.com","automaticUpdatePolicy":{}},"serviceConfig":{"service":"projects/glucose-goose/locations/us-central1/services/addtreatment","timeoutSeconds":60,"environmentVariables":{"FIREBASE_CONFIG":"{\"projectId\":\"glucose-goose\",\"storageBucket\":\"glucose-goose.firebasestorage.app\"}","GCLOUD_PROJECT":"glucose-goose","EVENTARC_CLOUD_EVENT_SOURCE":"projects/glucose-goose/locations/us-central1/services/addTreatment","FUNCTION_TARGET":"addTreatment","LOG_EXECUTION_ID":"true","FUNCTION_SIGNATURE_TYPE":"http"},"ingressSettings":"ALLOW_ALL","uri":"https://addtreatment-ft7us77rra-uc.a.run.app","serviceAccountEmail":"101841828420-compute@developer.gserviceaccount.com","availableMemory":"256Mi","allTrafficOnLatestRevision":true,"revision":"addtreatment-00022-xad","maxInstanceRequestConcurrency":80,"availableCpu":"1"},"state":"ACTIVE","labels":{"deployment-tool":"cli-firebase","firebase-functions-hash":"2503a7df87e0207037f5c1ac0e69a86deec4e126"},"environment":"GEN_2","url":"https://us-central1-glucose-goose.cloudfunctions.net/addTreatment","satisfiesPzi":true},"stages":[{"name":"BUILD","message":"Build in progress","state":"IN_PROGRESS","resource":"projects/101841828420/locations/us-central1/builds/b8634736-842e-4401-b2de-2f13a6ec02b9","resourceUri":"https://console.cloud.google.com/cloud-build/builds;region=us-central1/b8634736-842e-4401-b2de-2f13a6ec02b9?project=101841828420"},{"name":"SERVICE","state":"NOT_STARTED"}],"operationType":"UPDATE_FUNCTION","buildName":"projects/101841828420/locations/us-central1/builds/b8634736-842e-4401-b2de-2f13a6ec02b9"},"done":false}
[debug] [2025-12-03T18:48:19.703Z] [update-default-us-central1-addTreatment] Retrying task index 0
[debug] [2025-12-03T18:48:19.704Z] Checked if tokens are valid: true, expires at: 1764789425255
[debug] [2025-12-03T18:48:19.704Z] Checked if tokens are valid: true, expires at: 1764789425255
[debug] [2025-12-03T18:48:19.705Z] >>> [apiv2][query] GET https://cloudfunctions.googleapis.com/v2/projects/glucose-goose/locations/us-central1/operations/operation-1764787692960-64510a78afa3d-b2ccb084-9d242b81 [none]
[debug] [2025-12-03T18:48:20.532Z] <<< [apiv2][status] GET https://cloudfunctions.googleapis.com/v2/projects/glucose-goose/locations/us-central1/operations/operation-1764787692960-64510a78afa3d-b2ccb084-9d242b81 200
[debug] [2025-12-03T18:48:20.532Z] <<< [apiv2][body] GET https://cloudfunctions.googleapis.com/v2/projects/glucose-goose/locations/us-central1/operations/operation-1764787692960-64510a78afa3d-b2ccb084-9d242b81 {"name":"projects/glucose-goose/locations/us-central1/operations/operation-1764787692960-64510a78afa3d-b2ccb084-9d242b81","metadata":{"@type":"type.googleapis.com/google.cloud.functions.v2.OperationMetadata","createTime":"2025-12-03T18:48:13.577698490Z","target":"projects/glucose-goose/locations/us-central1/functions/addTreatment","verb":"update","cancelRequested":false,"apiVersion":"v2","requestResource":{"@type":"type.googleapis.com/google.cloud.functions.v2.Function","name":"projects/glucose-goose/locations/us-central1/functions/addTreatment","buildConfig":{"runtime":"nodejs24","entryPoint":"addTreatment","source":{"storageSource":{"bucket":"gcf-v2-sources-101841828420-us-central1","object":"addTreatment/function-source.zip","generation":"1764787693529329"}},"environmentVariables":{"GOOGLE_NODE_RUN_SCRIPTS":""},"dockerRepository":"projects/glucose-goose/locations/us-central1/repositories/gcf-artifacts","serviceAccount":"projects/glucose-goose/serviceAccounts/101841828420-compute@developer.gserviceaccount.com","automaticUpdatePolicy":{}},"serviceConfig":{"service":"projects/glucose-goose/locations/us-central1/services/addtreatment","timeoutSeconds":60,"environmentVariables":{"FIREBASE_CONFIG":"{\"projectId\":\"glucose-goose\",\"storageBucket\":\"glucose-goose.firebasestorage.app\"}","GCLOUD_PROJECT":"glucose-goose","EVENTARC_CLOUD_EVENT_SOURCE":"projects/glucose-goose/locations/us-central1/services/addTreatment","FUNCTION_TARGET":"addTreatment","LOG_EXECUTION_ID":"true","FUNCTION_SIGNATURE_TYPE":"http"},"ingressSettings":"ALLOW_ALL","uri":"https://addtreatment-ft7us77rra-uc.a.run.app","serviceAccountEmail":"101841828420-compute@developer.gserviceaccount.com","availableMemory":"256Mi","allTrafficOnLatestRevision":true,"revision":"addtreatment-00022-xad","maxInstanceRequestConcurrency":80,"availableCpu":"1"},"state":"ACTIVE","labels":{"deployment-tool":"cli-firebase","firebase-functions-hash":"2503a7df87e0207037f5c1ac0e69a86deec4e126"},"environment":"GEN_2","url":"https://us-central1-glucose-goose.cloudfunctions.net/addTreatment","satisfiesPzi":true},"stages":[{"name":"BUILD","message":"Build in progress","state":"IN_PROGRESS","resource":"projects/101841828420/locations/us-central1/builds/b8634736-842e-4401-b2de-2f13a6ec02b9","resourceUri":"https://console.cloud.google.com/cloud-build/builds;region=us-central1/b8634736-842e-4401-b2de-2f13a6ec02b9?project=101841828420"},{"name":"SERVICE","state":"NOT_STARTED"}],"operationType":"UPDATE_FUNCTION","buildName":"projects/101841828420/locations/us-central1/builds/b8634736-842e-4401-b2de-2f13a6ec02b9"},"done":false}
[debug] [2025-12-03T18:48:24.536Z] [update-default-us-central1-addTreatment] Retrying task index 0
[debug] [2025-12-03T18:48:24.537Z] Checked if tokens are valid: true, expires at: 1764789425255
[debug] [2025-12-03T18:48:24.537Z] Checked if tokens are valid: true, expires at: 1764789425255
[debug] [2025-12-03T18:48:24.537Z] >>> [apiv2][query] GET https://cloudfunctions.googleapis.com/v2/projects/glucose-goose/locations/us-central1/operations/operation-1764787692960-64510a78afa3d-b2ccb084-9d242b81 [none]
[debug] [2025-12-03T18:48:25.351Z] <<< [apiv2][status] GET https://cloudfunctions.googleapis.com/v2/projects/glucose-goose/locations/us-central1/operations/operation-1764787692960-64510a78afa3d-b2ccb084-9d242b81 200
[debug] [2025-12-03T18:48:25.352Z] <<< [apiv2][body] GET https://cloudfunctions.googleapis.com/v2/projects/glucose-goose/locations/us-central1/operations/operation-1764787692960-64510a78afa3d-b2ccb084-9d242b81 {"name":"projects/glucose-goose/locations/us-central1/operations/operation-1764787692960-64510a78afa3d-b2ccb084-9d242b81","metadata":{"@type":"type.googleapis.com/google.cloud.functions.v2.OperationMetadata","createTime":"2025-12-03T18:48:13.577698490Z","target":"projects/glucose-goose/locations/us-central1/functions/addTreatment","verb":"update","cancelRequested":false,"apiVersion":"v2","requestResource":{"@type":"type.googleapis.com/google.cloud.functions.v2.Function","name":"projects/glucose-goose/locations/us-central1/functions/addTreatment","buildConfig":{"runtime":"nodejs24","entryPoint":"addTreatment","source":{"storageSource":{"bucket":"gcf-v2-sources-101841828420-us-central1","object":"addTreatment/function-source.zip","generation":"1764787693529329"}},"environmentVariables":{"GOOGLE_NODE_RUN_SCRIPTS":""},"dockerRepository":"projects/glucose-goose/locations/us-central1/repositories/gcf-artifacts","serviceAccount":"projects/glucose-goose/serviceAccounts/101841828420-compute@developer.gserviceaccount.com","automaticUpdatePolicy":{}},"serviceConfig":{"service":"projects/glucose-goose/locations/us-central1/services/addtreatment","timeoutSeconds":60,"environmentVariables":{"FIREBASE_CONFIG":"{\"projectId\":\"glucose-goose\",\"storageBucket\":\"glucose-goose.firebasestorage.app\"}","GCLOUD_PROJECT":"glucose-goose","EVENTARC_CLOUD_EVENT_SOURCE":"projects/glucose-goose/locations/us-central1/services/addTreatment","FUNCTION_TARGET":"addTreatment","LOG_EXECUTION_ID":"true","FUNCTION_SIGNATURE_TYPE":"http"},"ingressSettings":"ALLOW_ALL","uri":"https://addtreatment-ft7us77rra-uc.a.run.app","serviceAccountEmail":"101841828420-compute@developer.gserviceaccount.com","availableMemory":"256Mi","allTrafficOnLatestRevision":true,"revision":"addtreatment-00022-xad","maxInstanceRequestConcurrency":80,"availableCpu":"1"},"state":"ACTIVE","labels":{"deployment-tool":"cli-firebase","firebase-functions-hash":"2503a7df87e0207037f5c1ac0e69a86deec4e126"},"environment":"GEN_2","url":"https://us-central1-glucose-goose.cloudfunctions.net/addTreatment","satisfiesPzi":true},"stages":[{"name":"BUILD","message":"Build in progress","state":"IN_PROGRESS","resource":"projects/101841828420/locations/us-central1/builds/b8634736-842e-4401-b2de-2f13a6ec02b9","resourceUri":"https://console.cloud.google.com/cloud-build/builds;region=us-central1/b8634736-842e-4401-b2de-2f13a6ec02b9?project=101841828420"},{"name":"SERVICE","state":"NOT_STARTED"}],"operationType":"UPDATE_FUNCTION","buildName":"projects/101841828420/locations/us-central1/builds/b8634736-842e-4401-b2de-2f13a6ec02b9"},"done":false}
[debug] [2025-12-03T18:48:33.355Z] [update-default-us-central1-addTreatment] Retrying task index 0
[debug] [2025-12-03T18:48:33.356Z] Checked if tokens are valid: true, expires at: 1764789425255
[debug] [2025-12-03T18:48:33.357Z] Checked if tokens are valid: true, expires at: 1764789425255
[debug] [2025-12-03T18:48:33.358Z] >>> [apiv2][query] GET https://cloudfunctions.googleapis.com/v2/projects/glucose-goose/locations/us-central1/operations/operation-1764787692960-64510a78afa3d-b2ccb084-9d242b81 [none]
[debug] [2025-12-03T18:48:34.264Z] <<< [apiv2][status] GET https://cloudfunctions.googleapis.com/v2/projects/glucose-goose/locations/us-central1/operations/operation-1764787692960-64510a78afa3d-b2ccb084-9d242b81 200
[debug] [2025-12-03T18:48:34.265Z] <<< [apiv2][body] GET https://cloudfunctions.googleapis.com/v2/projects/glucose-goose/locations/us-central1/operations/operation-1764787692960-64510a78afa3d-b2ccb084-9d242b81 {"name":"projects/glucose-goose/locations/us-central1/operations/operation-1764787692960-64510a78afa3d-b2ccb084-9d242b81","metadata":{"@type":"type.googleapis.com/google.cloud.functions.v2.OperationMetadata","createTime":"2025-12-03T18:48:13.577698490Z","target":"projects/glucose-goose/locations/us-central1/functions/addTreatment","verb":"update","cancelRequested":false,"apiVersion":"v2","requestResource":{"@type":"type.googleapis.com/google.cloud.functions.v2.Function","name":"projects/glucose-goose/locations/us-central1/functions/addTreatment","buildConfig":{"runtime":"nodejs24","entryPoint":"addTreatment","source":{"storageSource":{"bucket":"gcf-v2-sources-101841828420-us-central1","object":"addTreatment/function-source.zip","generation":"1764787693529329"}},"environmentVariables":{"GOOGLE_NODE_RUN_SCRIPTS":""},"dockerRepository":"projects/glucose-goose/locations/us-central1/repositories/gcf-artifacts","serviceAccount":"projects/glucose-goose/serviceAccounts/101841828420-compute@developer.gserviceaccount.com","automaticUpdatePolicy":{}},"serviceConfig":{"service":"projects/glucose-goose/locations/us-central1/services/addtreatment","timeoutSeconds":60,"environmentVariables":{"FIREBASE_CONFIG":"{\"projectId\":\"glucose-goose\",\"storageBucket\":\"glucose-goose.firebasestorage.app\"}","GCLOUD_PROJECT":"glucose-goose","EVENTARC_CLOUD_EVENT_SOURCE":"projects/glucose-goose/locations/us-central1/services/addTreatment","FUNCTION_TARGET":"addTreatment","LOG_EXECUTION_ID":"true","FUNCTION_SIGNATURE_TYPE":"http"},"ingressSettings":"ALLOW_ALL","uri":"https://addtreatment-ft7us77rra-uc.a.run.app","serviceAccountEmail":"101841828420-compute@developer.gserviceaccount.com","availableMemory":"256Mi","allTrafficOnLatestRevision":true,"revision":"addtreatment-00022-xad","maxInstanceRequestConcurrency":80,"availableCpu":"1"},"state":"ACTIVE","labels":{"deployment-tool":"cli-firebase","firebase-functions-hash":"2503a7df87e0207037f5c1ac0e69a86deec4e126"},"environment":"GEN_2","url":"https://us-central1-glucose-goose.cloudfunctions.net/addTreatment","satisfiesPzi":true},"stages":[{"name":"BUILD","message":"Build in progress","state":"IN_PROGRESS","resource":"projects/101841828420/locations/us-central1/builds/b8634736-842e-4401-b2de-2f13a6ec02b9","resourceUri":"https://console.cloud.google.com/cloud-build/builds;region=us-central1/b8634736-842e-4401-b2de-2f13a6ec02b9?project=101841828420"},{"name":"SERVICE","state":"NOT_STARTED"}],"operationType":"UPDATE_FUNCTION","buildName":"projects/101841828420/locations/us-central1/builds/b8634736-842e-4401-b2de-2f13a6ec02b9"},"done":false}
[debug] [2025-12-03T18:48:44.271Z] [update-default-us-central1-addTreatment] Retrying task index 0
[debug] [2025-12-03T18:48:44.271Z] Checked if tokens are valid: true, expires at: 1764789425255
[debug] [2025-12-03T18:48:44.271Z] Checked if tokens are valid: true, expires at: 1764789425255
[debug] [2025-12-03T18:48:44.272Z] >>> [apiv2][query] GET https://cloudfunctions.googleapis.com/v2/projects/glucose-goose/locations/us-central1/operations/operation-1764787692960-64510a78afa3d-b2ccb084-9d242b81 [none]
[debug] [2025-12-03T18:48:45.144Z] <<< [apiv2][status] GET https://cloudfunctions.googleapis.com/v2/projects/glucose-goose/locations/us-central1/operations/operation-1764787692960-64510a78afa3d-b2ccb084-9d242b81 200
[debug] [2025-12-03T18:48:45.145Z] <<< [apiv2][body] GET https://cloudfunctions.googleapis.com/v2/projects/glucose-goose/locations/us-central1/operations/operation-1764787692960-64510a78afa3d-b2ccb084-9d242b81 {"name":"projects/glucose-goose/locations/us-central1/operations/operation-1764787692960-64510a78afa3d-b2ccb084-9d242b81","metadata":{"@type":"type.googleapis.com/google.cloud.functions.v2.OperationMetadata","createTime":"2025-12-03T18:48:13.577698490Z","target":"projects/glucose-goose/locations/us-central1/functions/addTreatment","verb":"update","cancelRequested":false,"apiVersion":"v2","requestResource":{"@type":"type.googleapis.com/google.cloud.functions.v2.Function","name":"projects/glucose-goose/locations/us-central1/functions/addTreatment","buildConfig":{"runtime":"nodejs24","entryPoint":"addTreatment","source":{"storageSource":{"bucket":"gcf-v2-sources-101841828420-us-central1","object":"addTreatment/function-source.zip","generation":"1764787693529329"}},"environmentVariables":{"GOOGLE_NODE_RUN_SCRIPTS":""},"dockerRepository":"projects/glucose-goose/locations/us-central1/repositories/gcf-artifacts","serviceAccount":"projects/glucose-goose/serviceAccounts/101841828420-compute@developer.gserviceaccount.com","automaticUpdatePolicy":{}},"serviceConfig":{"service":"projects/glucose-goose/locations/us-central1/services/addtreatment","timeoutSeconds":60,"environmentVariables":{"FIREBASE_CONFIG":"{\"projectId\":\"glucose-goose\",\"storageBucket\":\"glucose-goose.firebasestorage.app\"}","GCLOUD_PROJECT":"glucose-goose","EVENTARC_CLOUD_EVENT_SOURCE":"projects/glucose-goose/locations/us-central1/services/addTreatment","FUNCTION_TARGET":"addTreatment","LOG_EXECUTION_ID":"true","FUNCTION_SIGNATURE_TYPE":"http"},"ingressSettings":"ALLOW_ALL","uri":"https://addtreatment-ft7us77rra-uc.a.run.app","serviceAccountEmail":"101841828420-compute@developer.gserviceaccount.com","availableMemory":"256Mi","allTrafficOnLatestRevision":true,"revision":"addtreatment-00022-xad","maxInstanceRequestConcurrency":80,"availableCpu":"1"},"state":"ACTIVE","labels":{"deployment-tool":"cli-firebase","firebase-functions-hash":"2503a7df87e0207037f5c1ac0e69a86deec4e126"},"environment":"GEN_2","url":"https://us-central1-glucose-goose.cloudfunctions.net/addTreatment","satisfiesPzi":true},"stages":[{"name":"BUILD","message":"Build in progress","state":"IN_PROGRESS","resource":"projects/101841828420/locations/us-central1/builds/b8634736-842e-4401-b2de-2f13a6ec02b9","resourceUri":"https://console.cloud.google.com/cloud-build/builds;region=us-central1/b8634736-842e-4401-b2de-2f13a6ec02b9?project=101841828420"},{"name":"SERVICE","state":"NOT_STARTED"}],"operationType":"UPDATE_FUNCTION","buildName":"projects/101841828420/locations/us-central1/builds/b8634736-842e-4401-b2de-2f13a6ec02b9"},"done":false}
[debug] [2025-12-03T18:48:55.151Z] [update-default-us-central1-addTreatment] Retrying task index 0
[debug] [2025-12-03T18:48:55.151Z] Checked if tokens are valid: true, expires at: 1764789425255
[debug] [2025-12-03T18:48:55.152Z] Checked if tokens are valid: true, expires at: 1764789425255
[debug] [2025-12-03T18:48:55.152Z] >>> [apiv2][query] GET https://cloudfunctions.googleapis.com/v2/projects/glucose-goose/locations/us-central1/operations/operation-1764787692960-64510a78afa3d-b2ccb084-9d242b81 [none]
[debug] [2025-12-03T18:48:56.003Z] <<< [apiv2][status] GET https://cloudfunctions.googleapis.com/v2/projects/glucose-goose/locations/us-central1/operations/operation-1764787692960-64510a78afa3d-b2ccb084-9d242b81 200
[debug] [2025-12-03T18:48:56.004Z] <<< [apiv2][body] GET https://cloudfunctions.googleapis.com/v2/projects/glucose-goose/locations/us-central1/operations/operation-1764787692960-64510a78afa3d-b2ccb084-9d242b81 {"name":"projects/glucose-goose/locations/us-central1/operations/operation-1764787692960-64510a78afa3d-b2ccb084-9d242b81","metadata":{"@type":"type.googleapis.com/google.cloud.functions.v2.OperationMetadata","createTime":"2025-12-03T18:48:13.577698490Z","endTime":"2025-12-03T18:48:55.405172892Z","target":"projects/glucose-goose/locations/us-central1/functions/addTreatment","verb":"update","cancelRequested":false,"apiVersion":"v2","requestResource":{"@type":"type.googleapis.com/google.cloud.functions.v2.Function","name":"projects/glucose-goose/locations/us-central1/functions/addTreatment","buildConfig":{"runtime":"nodejs24","entryPoint":"addTreatment","source":{"storageSource":{"bucket":"gcf-v2-sources-101841828420-us-central1","object":"addTreatment/function-source.zip","generation":"1764787693529329"}},"environmentVariables":{"GOOGLE_NODE_RUN_SCRIPTS":""},"dockerRepository":"projects/glucose-goose/locations/us-central1/repositories/gcf-artifacts","serviceAccount":"projects/glucose-goose/serviceAccounts/101841828420-compute@developer.gserviceaccount.com","automaticUpdatePolicy":{}},"serviceConfig":{"service":"projects/glucose-goose/locations/us-central1/services/addtreatment","timeoutSeconds":60,"environmentVariables":{"FIREBASE_CONFIG":"{\"projectId\":\"glucose-goose\",\"storageBucket\":\"glucose-goose.firebasestorage.app\"}","GCLOUD_PROJECT":"glucose-goose","EVENTARC_CLOUD_EVENT_SOURCE":"projects/glucose-goose/locations/us-central1/services/addTreatment","FUNCTION_TARGET":"addTreatment","LOG_EXECUTION_ID":"true","FUNCTION_SIGNATURE_TYPE":"http"},"ingressSettings":"ALLOW_ALL","uri":"https://addtreatment-ft7us77rra-uc.a.run.app","serviceAccountEmail":"101841828420-compute@developer.gserviceaccount.com","availableMemory":"256Mi","allTrafficOnLatestRevision":true,"revision":"addtreatment-00022-xad","maxInstanceRequestConcurrency":80,"availableCpu":"1"},"state":"ACTIVE","labels":{"deployment-tool":"cli-firebase","firebase-functions-hash":"2503a7df87e0207037f5c1ac0e69a86deec4e126"},"environment":"GEN_2","url":"https://us-central1-glucose-goose.cloudfunctions.net/addTreatment","satisfiesPzi":true},"stages":[{"name":"SERVICE","state":"NOT_STARTED"}],"operationType":"UPDATE_FUNCTION"},"done":true,"error":{"code":3,"message":"Could not create or update Cloud Run service addtreatment, Container Healthcheck failed. The user-provided container failed to start and listen on the port defined provided by the PORT=8080 environment variable within the allocated timeout. This can happen when the container port is misconfigured or if the timeout is too short. The health check timeout can be extended. Logs for this revision might contain more information.\n\nLogs URL: https://console.cloud.google.com/logs/viewer?project=glucose-goose&resource=cloud_run_revision/service_name/addtreatment/revision_name/addtreatment-00023-xex&advancedFilter=resource.type%3D%22cloud_run_revision%22%0Aresource.labels.service_name%3D%22addtreatment%22%0Aresource.labels.revision_name%3D%22addtreatment-00023-xex%22 \nFor more troubleshooting guidance, see https://cloud.google.com/run/docs/troubleshooting#container-failed-to-start"}}
[debug] [2025-12-03T18:48:56.004Z] Got source token undefined for region us-central1
[debug] [2025-12-03T18:48:56.004Z] Checked if tokens are valid: true, expires at: 1764789425255
[debug] [2025-12-03T18:48:56.004Z] Checked if tokens are valid: true, expires at: 1764789425255
[debug] [2025-12-03T18:48:56.005Z] Checked if tokens are valid: true, expires at: 1764789425255
[debug] [2025-12-03T18:48:56.005Z] Checked if tokens are valid: true, expires at: 1764789425255
[debug] [2025-12-03T18:48:56.005Z] Checked if tokens are valid: true, expires at: 1764789425255
[debug] [2025-12-03T18:48:56.005Z] Checked if tokens are valid: true, expires at: 1764789425255
[debug] [2025-12-03T18:48:56.005Z] Checked if tokens are valid: true, expires at: 1764789425255
[debug] [2025-12-03T18:48:56.005Z] Checked if tokens are valid: true, expires at: 1764789425255
[debug] [2025-12-03T18:48:56.005Z] >>> [apiv2][query] PATCH https://cloudfunctions.googleapis.com/v2/projects/glucose-goose/locations/us-central1/functions/deleteTreatment updateMask=name%2CbuildConfig.runtime%2CbuildConfig.entryPoint%2CbuildConfig.source.storageSource.bucket%2CbuildConfig.source.storageSource.object%2CbuildConfig.environmentVariables%2CbuildConfig.sourceToken%2CserviceConfig.environmentVariables%2CserviceConfig.ingressSettings%2CserviceConfig.timeoutSeconds%2CserviceConfig.serviceAccountEmail%2CserviceConfig.availableMemory%2CserviceConfig.minInstanceCount%2CserviceConfig.maxInstanceCount%2CserviceConfig.maxInstanceRequestConcurrency%2CserviceConfig.availableCpu%2CserviceConfig.vpcConnector%2CserviceConfig.vpcConnectorEgressSettings%2Clabels
[debug] [2025-12-03T18:48:56.005Z] >>> [apiv2][body] PATCH https://cloudfunctions.googleapis.com/v2/projects/glucose-goose/locations/us-central1/functions/deleteTreatment {"name":"projects/glucose-goose/locations/us-central1/functions/deleteTreatment","buildConfig":{"runtime":"nodejs24","entryPoint":"deleteTreatment","source":{"storageSource":{"bucket":"gcf-v2-uploads-101841828420.us-central1.cloudfunctions.appspot.com","object":"0a820101-d09a-4cc6-a438-89f2da7ed7e8.zip"}},"environmentVariables":{"GOOGLE_NODE_RUN_SCRIPTS":""}},"serviceConfig":{"environmentVariables":{"FIREBASE_CONFIG":"{\"projectId\":\"glucose-goose\",\"storageBucket\":\"glucose-goose.firebasestorage.app\"}","GCLOUD_PROJECT":"glucose-goose","EVENTARC_CLOUD_EVENT_SOURCE":"projects/glucose-goose/locations/us-central1/services/deleteTreatment","FUNCTION_TARGET":"deleteTreatment","LOG_EXECUTION_ID":"true","FUNCTION_SIGNATURE_TYPE":"http"},"ingressSettings":null,"timeoutSeconds":null,"serviceAccountEmail":null,"availableMemory":"256Mi","minInstanceCount":null,"maxInstanceCount":null,"maxInstanceRequestConcurrency":80,"availableCpu":"1","vpcConnector":null,"vpcConnectorEgressSettings":null},"labels":{"deployment-tool":"cli-firebase","firebase-functions-hash":"2503a7df87e0207037f5c1ac0e69a86deec4e126"}}
[debug] [2025-12-03T18:48:56.006Z] >>> [apiv2][query] PATCH https://cloudfunctions.googleapis.com/v2/projects/glucose-goose/locations/us-central1/functions/getNightscoutBundle updateMask=name%2CbuildConfig.runtime%2CbuildConfig.entryPoint%2CbuildConfig.source.storageSource.bucket%2CbuildConfig.source.storageSource.object%2CbuildConfig.environmentVariables%2CbuildConfig.sourceToken%2CserviceConfig.environmentVariables%2CserviceConfig.ingressSettings%2CserviceConfig.timeoutSeconds%2CserviceConfig.serviceAccountEmail%2CserviceConfig.availableMemory%2CserviceConfig.minInstanceCount%2CserviceConfig.maxInstanceCount%2CserviceConfig.maxInstanceRequestConcurrency%2CserviceConfig.availableCpu%2CserviceConfig.vpcConnector%2CserviceConfig.vpcConnectorEgressSettings%2Clabels
[debug] [2025-12-03T18:48:56.007Z] >>> [apiv2][body] PATCH https://cloudfunctions.googleapis.com/v2/projects/glucose-goose/locations/us-central1/functions/getNightscoutBundle {"name":"projects/glucose-goose/locations/us-central1/functions/getNightscoutBundle","buildConfig":{"runtime":"nodejs24","entryPoint":"getNightscoutBundle","source":{"storageSource":{"bucket":"gcf-v2-uploads-101841828420.us-central1.cloudfunctions.appspot.com","object":"0a820101-d09a-4cc6-a438-89f2da7ed7e8.zip"}},"environmentVariables":{"GOOGLE_NODE_RUN_SCRIPTS":""}},"serviceConfig":{"environmentVariables":{"FIREBASE_CONFIG":"{\"projectId\":\"glucose-goose\",\"storageBucket\":\"glucose-goose.firebasestorage.app\"}","GCLOUD_PROJECT":"glucose-goose","EVENTARC_CLOUD_EVENT_SOURCE":"projects/glucose-goose/locations/us-central1/services/getNightscoutBundle","FUNCTION_TARGET":"getNightscoutBundle","LOG_EXECUTION_ID":"true","FUNCTION_SIGNATURE_TYPE":"http"},"ingressSettings":null,"timeoutSeconds":null,"serviceAccountEmail":null,"availableMemory":"256Mi","minInstanceCount":null,"maxInstanceCount":null,"maxInstanceRequestConcurrency":80,"availableCpu":"1","vpcConnector":null,"vpcConnectorEgressSettings":null},"labels":{"deployment-tool":"cli-firebase","firebase-functions-hash":"2503a7df87e0207037f5c1ac0e69a86deec4e126"}}
[debug] [2025-12-03T18:48:56.009Z] >>> [apiv2][query] PATCH https://cloudfunctions.googleapis.com/v2/projects/glucose-goose/locations/us-central1/functions/simulateGlucose updateMask=name%2CbuildConfig.runtime%2CbuildConfig.entryPoint%2CbuildConfig.source.storageSource.bucket%2CbuildConfig.source.storageSource.object%2CbuildConfig.environmentVariables%2CbuildConfig.sourceToken%2CserviceConfig.environmentVariables%2CserviceConfig.secretEnvironmentVariables%2CserviceConfig.ingressSettings%2CserviceConfig.timeoutSeconds%2CserviceConfig.serviceAccountEmail%2CserviceConfig.availableMemory%2CserviceConfig.minInstanceCount%2CserviceConfig.maxInstanceCount%2CserviceConfig.maxInstanceRequestConcurrency%2CserviceConfig.availableCpu%2CserviceConfig.vpcConnector%2CserviceConfig.vpcConnectorEgressSettings%2Clabels
[debug] [2025-12-03T18:48:56.009Z] >>> [apiv2][body] PATCH https://cloudfunctions.googleapis.com/v2/projects/glucose-goose/locations/us-central1/functions/simulateGlucose {"name":"projects/glucose-goose/locations/us-central1/functions/simulateGlucose","buildConfig":{"runtime":"nodejs24","entryPoint":"simulateGlucose","source":{"storageSource":{"bucket":"gcf-v2-uploads-101841828420.us-central1.cloudfunctions.appspot.com","object":"0a820101-d09a-4cc6-a438-89f2da7ed7e8.zip"}},"environmentVariables":{"GOOGLE_NODE_RUN_SCRIPTS":""}},"serviceConfig":{"environmentVariables":{"FIREBASE_CONFIG":"{\"projectId\":\"glucose-goose\",\"storageBucket\":\"glucose-goose.firebasestorage.app\"}","GCLOUD_PROJECT":"glucose-goose","EVENTARC_CLOUD_EVENT_SOURCE":"projects/glucose-goose/locations/us-central1/services/simulateGlucose","FUNCTION_TARGET":"simulateGlucose","LOG_EXECUTION_ID":"true","FUNCTION_SIGNATURE_TYPE":"http"},"secretEnvironmentVariables":[{"key":"NIGHTSCOUT_API_SECRET","secret":"NIGHTSCOUT_API_SECRET","projectId":"glucose-goose","version":"2"},{"key":"NIGHTSCOUT_URL","secret":"NIGHTSCOUT_URL","projectId":"glucose-goose","version":"1"}],"ingressSettings":null,"timeoutSeconds":null,"serviceAccountEmail":null,"availableMemory":"256Mi","minInstanceCount":null,"maxInstanceCount":null,"maxInstanceRequestConcurrency":80,"availableCpu":"1","vpcConnector":null,"vpcConnectorEgressSettings":null},"labels":{"deployment-tool":"cli-firebase","deployment-scheduled":"true","firebase-functions-hash":"312d19ecc6e89dbcbf4786f242c586d4457fbda3"}}
[debug] [2025-12-03T18:48:56.012Z] >>> [apiv2][query] PATCH https://cloudfunctions.googleapis.com/v2/projects/glucose-goose/locations/us-central1/functions/updateTreatment updateMask=name%2CbuildConfig.runtime%2CbuildConfig.entryPoint%2CbuildConfig.source.storageSource.bucket%2CbuildConfig.source.storageSource.object%2CbuildConfig.environmentVariables%2CbuildConfig.sourceToken%2CserviceConfig.environmentVariables%2CserviceConfig.ingressSettings%2CserviceConfig.timeoutSeconds%2CserviceConfig.serviceAccountEmail%2CserviceConfig.availableMemory%2CserviceConfig.minInstanceCount%2CserviceConfig.maxInstanceCount%2CserviceConfig.maxInstanceRequestConcurrency%2CserviceConfig.availableCpu%2CserviceConfig.vpcConnector%2CserviceConfig.vpcConnectorEgressSettings%2Clabels
[debug] [2025-12-03T18:48:56.013Z] >>> [apiv2][body] PATCH https://cloudfunctions.googleapis.com/v2/projects/glucose-goose/locations/us-central1/functions/updateTreatment {"name":"projects/glucose-goose/locations/us-central1/functions/updateTreatment","buildConfig":{"runtime":"nodejs24","entryPoint":"updateTreatment","source":{"storageSource":{"bucket":"gcf-v2-uploads-101841828420.us-central1.cloudfunctions.appspot.com","object":"0a820101-d09a-4cc6-a438-89f2da7ed7e8.zip"}},"environmentVariables":{"GOOGLE_NODE_RUN_SCRIPTS":""}},"serviceConfig":{"environmentVariables":{"FIREBASE_CONFIG":"{\"projectId\":\"glucose-goose\",\"storageBucket\":\"glucose-goose.firebasestorage.app\"}","GCLOUD_PROJECT":"glucose-goose","EVENTARC_CLOUD_EVENT_SOURCE":"projects/glucose-goose/locations/us-central1/services/updateTreatment","FUNCTION_TARGET":"updateTreatment","LOG_EXECUTION_ID":"true","FUNCTION_SIGNATURE_TYPE":"http"},"ingressSettings":null,"timeoutSeconds":null,"serviceAccountEmail":null,"availableMemory":"256Mi","minInstanceCount":null,"maxInstanceCount":null,"maxInstanceRequestConcurrency":80,"availableCpu":"1","vpcConnector":null,"vpcConnectorEgressSettings":null},"labels":{"deployment-tool":"cli-firebase","firebase-functions-hash":"2503a7df87e0207037f5c1ac0e69a86deec4e126"}}
[error] Could not create or update Cloud Run service addtreatment, Container Healthcheck failed. The user-provided container failed to start and listen on the port defined provided by the PORT=8080 environment variable within the allocated timeout. This can happen when the container port is misconfigured or if the timeout is too short. The health check timeout can be extended. Logs for this revision might contain more information.

Logs URL: https://console.cloud.google.com/logs/viewer?project=glucose-goose&resource=cloud_run_revision/service_name/addtreatment/revision_name/addtreatment-00023-xex&advancedFilter=resource.type%3D%22cloud_run_revision%22%0Aresource.labels.service_name%3D%22addtreatment%22%0Aresource.labels.revision_name%3D%22addtreatment-00023-xex%22 
For more troubleshooting guidance, see https://cloud.google.com/run/docs/troubleshooting#container-failed-to-start
[debug] [2025-12-03T18:48:57.400Z] <<< [apiv2][status] PATCH https://cloudfunctions.googleapis.com/v2/projects/glucose-goose/locations/us-central1/functions/deleteTreatment 200
[debug] [2025-12-03T18:48:57.400Z] <<< [apiv2][body] PATCH https://cloudfunctions.googleapis.com/v2/projects/glucose-goose/locations/us-central1/functions/deleteTreatment {"name":"projects/glucose-goose/locations/us-central1/operations/operation-1764787736643-64510aa2587bb-99ffc402-ee6ce262","metadata":{"@type":"type.googleapis.com/google.cloud.functions.v2.OperationMetadata","createTime":"2025-12-03T18:48:57.226871605Z","target":"projects/glucose-goose/locations/us-central1/functions/deleteTreatment","verb":"update","cancelRequested":false,"apiVersion":"v2"},"done":false}
[debug] [2025-12-03T18:48:57.400Z] Checked if tokens are valid: true, expires at: 1764789425255
[debug] [2025-12-03T18:48:57.401Z] Checked if tokens are valid: true, expires at: 1764789425255
[debug] [2025-12-03T18:48:57.401Z] >>> [apiv2][query] GET https://cloudfunctions.googleapis.com/v2/projects/glucose-goose/locations/us-central1/operations/operation-1764787736643-64510aa2587bb-99ffc402-ee6ce262 [none]
[debug] [2025-12-03T18:48:57.410Z] <<< [apiv2][status] PATCH https://cloudfunctions.googleapis.com/v2/projects/glucose-goose/locations/us-central1/functions/simulateGlucose 200
[debug] [2025-12-03T18:48:57.411Z] <<< [apiv2][body] PATCH https://cloudfunctions.googleapis.com/v2/projects/glucose-goose/locations/us-central1/functions/simulateGlucose {"name":"projects/glucose-goose/locations/us-central1/operations/operation-1764787736765-64510aa276605-ad9c5253-a78eac3b","metadata":{"@type":"type.googleapis.com/google.cloud.functions.v2.OperationMetadata","createTime":"2025-12-03T18:48:57.280574682Z","target":"projects/glucose-goose/locations/us-central1/functions/simulateGlucose","verb":"update","cancelRequested":false,"apiVersion":"v2"},"done":false}
[debug] [2025-12-03T18:48:57.412Z] Checked if tokens are valid: true, expires at: 1764789425255
[debug] [2025-12-03T18:48:57.412Z] Checked if tokens are valid: true, expires at: 1764789425255
[debug] [2025-12-03T18:48:57.413Z] >>> [apiv2][query] GET https://cloudfunctions.googleapis.com/v2/projects/glucose-goose/locations/us-central1/operations/operation-1764787736765-64510aa276605-ad9c5253-a78eac3b [none]
[debug] [2025-12-03T18:48:57.469Z] <<< [apiv2][status] PATCH https://cloudfunctions.googleapis.com/v2/projects/glucose-goose/locations/us-central1/functions/updateTreatment 200
[debug] [2025-12-03T18:48:57.469Z] <<< [apiv2][body] PATCH https://cloudfunctions.googleapis.com/v2/projects/glucose-goose/locations/us-central1/functions/updateTreatment {"name":"projects/glucose-goose/locations/us-central1/operations/operation-1764787736763-64510aa275d76-65ea64d3-7b0d2fe9","metadata":{"@type":"type.googleapis.com/google.cloud.functions.v2.OperationMetadata","createTime":"2025-12-03T18:48:57.325704143Z","target":"projects/glucose-goose/locations/us-central1/functions/updateTreatment","verb":"update","cancelRequested":false,"apiVersion":"v2"},"done":false}
[debug] [2025-12-03T18:48:57.469Z] Checked if tokens are valid: true, expires at: 1764789425255
[debug] [2025-12-03T18:48:57.469Z] Checked if tokens are valid: true, expires at: 1764789425255
[debug] [2025-12-03T18:48:57.469Z] >>> [apiv2][query] GET https://cloudfunctions.googleapis.com/v2/projects/glucose-goose/locations/us-central1/operations/operation-1764787736763-64510aa275d76-65ea64d3-7b0d2fe9 [none]
[debug] [2025-12-03T18:48:57.553Z] <<< [apiv2][status] PATCH https://cloudfunctions.googleapis.com/v2/projects/glucose-goose/locations/us-central1/functions/getNightscoutBundle 200
[debug] [2025-12-03T18:48:57.553Z] <<< [apiv2][body] PATCH https://cloudfunctions.googleapis.com/v2/projects/glucose-goose/locations/us-central1/functions/getNightscoutBundle {"name":"projects/glucose-goose/locations/us-central1/operations/operation-1764787736809-64510aa280f39-3485537d-c91d4a75","metadata":{"@type":"type.googleapis.com/google.cloud.functions.v2.OperationMetadata","createTime":"2025-12-03T18:48:57.393265238Z","target":"projects/glucose-goose/locations/us-central1/functions/getNightscoutBundle","verb":"update","cancelRequested":false,"apiVersion":"v2"},"done":false}
[debug] [2025-12-03T18:48:57.553Z] Checked if tokens are valid: true, expires at: 1764789425255
[debug] [2025-12-03T18:48:57.554Z] Checked if tokens are valid: true, expires at: 1764789425255
[debug] [2025-12-03T18:48:57.554Z] >>> [apiv2][query] GET https://cloudfunctions.googleapis.com/v2/projects/glucose-goose/locations/us-central1/operations/operation-1764787736809-64510aa280f39-3485537d-c91d4a75 [none]
[debug] [2025-12-03T18:48:58.200Z] <<< [apiv2][status] GET https://cloudfunctions.googleapis.com/v2/projects/glucose-goose/locations/us-central1/operations/operation-1764787736643-64510aa2587bb-99ffc402-ee6ce262 200
[debug] [2025-12-03T18:48:58.201Z] <<< [apiv2][body] GET https://cloudfunctions.googleapis.com/v2/projects/glucose-goose/locations/us-central1/operations/operation-1764787736643-64510aa2587bb-99ffc402-ee6ce262 {"name":"projects/glucose-goose/locations/us-central1/operations/operation-1764787736643-64510aa2587bb-99ffc402-ee6ce262","metadata":{"@type":"type.googleapis.com/google.cloud.functions.v2.OperationMetadata","createTime":"2025-12-03T18:48:57.226871605Z","target":"projects/glucose-goose/locations/us-central1/functions/deleteTreatment","verb":"update","cancelRequested":false,"apiVersion":"v2","requestResource":{"@type":"type.googleapis.com/google.cloud.functions.v2.Function","name":"projects/glucose-goose/locations/us-central1/functions/deleteTreatment","buildConfig":{"runtime":"nodejs24","entryPoint":"deleteTreatment","source":{"storageSource":{"bucket":"gcf-v2-sources-101841828420-us-central1","object":"deleteTreatment/function-source.zip","generation":"1764787737181534"}},"environmentVariables":{"GOOGLE_NODE_RUN_SCRIPTS":""},"dockerRepository":"projects/glucose-goose/locations/us-central1/repositories/gcf-artifacts","serviceAccount":"projects/glucose-goose/serviceAccounts/101841828420-compute@developer.gserviceaccount.com","automaticUpdatePolicy":{}},"serviceConfig":{"service":"projects/glucose-goose/locations/us-central1/services/deletetreatment","timeoutSeconds":60,"environmentVariables":{"FIREBASE_CONFIG":"{\"projectId\":\"glucose-goose\",\"storageBucket\":\"glucose-goose.firebasestorage.app\"}","GCLOUD_PROJECT":"glucose-goose","EVENTARC_CLOUD_EVENT_SOURCE":"projects/glucose-goose/locations/us-central1/services/deleteTreatment","FUNCTION_TARGET":"deleteTreatment","LOG_EXECUTION_ID":"true","FUNCTION_SIGNATURE_TYPE":"http"},"ingressSettings":"ALLOW_ALL","uri":"https://deletetreatment-ft7us77rra-uc.a.run.app","serviceAccountEmail":"101841828420-compute@developer.gserviceaccount.com","availableMemory":"256Mi","allTrafficOnLatestRevision":true,"revision":"deletetreatment-00009-mek","maxInstanceRequestConcurrency":80,"availableCpu":"1"},"state":"ACTIVE","labels":{"deployment-tool":"cli-firebase","firebase-functions-hash":"2503a7df87e0207037f5c1ac0e69a86deec4e126"},"environment":"GEN_2","url":"https://us-central1-glucose-goose.cloudfunctions.net/deleteTreatment","satisfiesPzi":true},"stages":[{"name":"BUILD","message":"Build in progress","state":"IN_PROGRESS","resource":"projects/101841828420/locations/us-central1/builds/e551ca76-e8df-45b4-a9fb-6d8e74c47053","resourceUri":"https://console.cloud.google.com/cloud-build/builds;region=us-central1/e551ca76-e8df-45b4-a9fb-6d8e74c47053?project=101841828420"},{"name":"SERVICE","state":"NOT_STARTED"}],"operationType":"UPDATE_FUNCTION","buildName":"projects/101841828420/locations/us-central1/builds/e551ca76-e8df-45b4-a9fb-6d8e74c47053"},"done":false}
[debug] [2025-12-03T18:48:58.233Z] <<< [apiv2][status] GET https://cloudfunctions.googleapis.com/v2/projects/glucose-goose/locations/us-central1/operations/operation-1764787736765-64510aa276605-ad9c5253-a78eac3b 200
[debug] [2025-12-03T18:48:58.233Z] <<< [apiv2][body] GET https://cloudfunctions.googleapis.com/v2/projects/glucose-goose/locations/us-central1/operations/operation-1764787736765-64510aa276605-ad9c5253-a78eac3b {"name":"projects/glucose-goose/locations/us-central1/operations/operation-1764787736765-64510aa276605-ad9c5253-a78eac3b","metadata":{"@type":"type.googleapis.com/google.cloud.functions.v2.OperationMetadata","createTime":"2025-12-03T18:48:57.280574682Z","target":"projects/glucose-goose/locations/us-central1/functions/simulateGlucose","verb":"update","cancelRequested":false,"apiVersion":"v2","requestResource":{"@type":"type.googleapis.com/google.cloud.functions.v2.Function","name":"projects/glucose-goose/locations/us-central1/functions/simulateGlucose","buildConfig":{"runtime":"nodejs24","entryPoint":"simulateGlucose","source":{"storageSource":{"bucket":"gcf-v2-sources-101841828420-us-central1","object":"simulateGlucose/function-source.zip","generation":"1764787737234353"}},"environmentVariables":{"GOOGLE_NODE_RUN_SCRIPTS":""},"dockerRepository":"projects/glucose-goose/locations/us-central1/repositories/gcf-artifacts","serviceAccount":"projects/glucose-goose/serviceAccounts/101841828420-compute@developer.gserviceaccount.com","automaticUpdatePolicy":{}},"serviceConfig":{"service":"projects/glucose-goose/locations/us-central1/services/simulateglucose","timeoutSeconds":60,"environmentVariables":{"FIREBASE_CONFIG":"{\"projectId\":\"glucose-goose\",\"storageBucket\":\"glucose-goose.firebasestorage.app\"}","GCLOUD_PROJECT":"glucose-goose","EVENTARC_CLOUD_EVENT_SOURCE":"projects/glucose-goose/locations/us-central1/services/simulateGlucose","FUNCTION_TARGET":"simulateGlucose","LOG_EXECUTION_ID":"true","FUNCTION_SIGNATURE_TYPE":"http"},"ingressSettings":"ALLOW_ALL","uri":"https://simulateglucose-ft7us77rra-uc.a.run.app","serviceAccountEmail":"101841828420-compute@developer.gserviceaccount.com","availableMemory":"256Mi","allTrafficOnLatestRevision":true,"secretEnvironmentVariables":[{"key":"NIGHTSCOUT_API_SECRET","projectId":"glucose-goose","secret":"NIGHTSCOUT_API_SECRET","version":"2"},{"key":"NIGHTSCOUT_URL","projectId":"glucose-goose","secret":"NIGHTSCOUT_URL","version":"1"}],"revision":"simulateglucose-00004-poh","maxInstanceRequestConcurrency":80,"availableCpu":"1"},"state":"ACTIVE","labels":{"deployment-tool":"cli-firebase","deployment-scheduled":"true","firebase-functions-hash":"312d19ecc6e89dbcbf4786f242c586d4457fbda3"},"environment":"GEN_2","url":"https://us-central1-glucose-goose.cloudfunctions.net/simulateGlucose","satisfiesPzi":true},"stages":[{"name":"BUILD","message":"Creating build","state":"IN_PROGRESS","resource":"projects/101841828420/locations/us-central1/builds/ffb9c277-161d-4dc5-8828-dfd4df09ad94","resourceUri":"https://console.cloud.google.com/cloud-build/builds;region=us-central1/ffb9c277-161d-4dc5-8828-dfd4df09ad94?project=101841828420"},{"name":"SERVICE","state":"NOT_STARTED"}],"operationType":"UPDATE_FUNCTION","buildName":"projects/101841828420/locations/us-central1/builds/ffb9c277-161d-4dc5-8828-dfd4df09ad94"},"done":false}
[debug] [2025-12-03T18:48:58.235Z] <<< [apiv2][status] GET https://cloudfunctions.googleapis.com/v2/projects/glucose-goose/locations/us-central1/operations/operation-1764787736763-64510aa275d76-65ea64d3-7b0d2fe9 200
[debug] [2025-12-03T18:48:58.235Z] <<< [apiv2][body] GET https://cloudfunctions.googleapis.com/v2/projects/glucose-goose/locations/us-central1/operations/operation-1764787736763-64510aa275d76-65ea64d3-7b0d2fe9 {"name":"projects/glucose-goose/locations/us-central1/operations/operation-1764787736763-64510aa275d76-65ea64d3-7b0d2fe9","metadata":{"@type":"type.googleapis.com/google.cloud.functions.v2.OperationMetadata","createTime":"2025-12-03T18:48:57.325704143Z","target":"projects/glucose-goose/locations/us-central1/functions/updateTreatment","verb":"update","cancelRequested":false,"apiVersion":"v2","requestResource":{"@type":"type.googleapis.com/google.cloud.functions.v2.Function","name":"projects/glucose-goose/locations/us-central1/functions/updateTreatment","buildConfig":{"runtime":"nodejs24","entryPoint":"updateTreatment","source":{"storageSource":{"bucket":"gcf-v2-sources-101841828420-us-central1","object":"updateTreatment/function-source.zip","generation":"1764787737282647"}},"environmentVariables":{"GOOGLE_NODE_RUN_SCRIPTS":""},"dockerRepository":"projects/glucose-goose/locations/us-central1/repositories/gcf-artifacts","serviceAccount":"projects/glucose-goose/serviceAccounts/101841828420-compute@developer.gserviceaccount.com","automaticUpdatePolicy":{}},"serviceConfig":{"service":"projects/glucose-goose/locations/us-central1/services/updatetreatment","timeoutSeconds":60,"environmentVariables":{"FIREBASE_CONFIG":"{\"projectId\":\"glucose-goose\",\"storageBucket\":\"glucose-goose.firebasestorage.app\"}","GCLOUD_PROJECT":"glucose-goose","EVENTARC_CLOUD_EVENT_SOURCE":"projects/glucose-goose/locations/us-central1/services/updateTreatment","FUNCTION_TARGET":"updateTreatment","LOG_EXECUTION_ID":"true","FUNCTION_SIGNATURE_TYPE":"http"},"ingressSettings":"ALLOW_ALL","uri":"https://updatetreatment-ft7us77rra-uc.a.run.app","serviceAccountEmail":"101841828420-compute@developer.gserviceaccount.com","availableMemory":"256Mi","allTrafficOnLatestRevision":true,"revision":"updatetreatment-00015-say","maxInstanceRequestConcurrency":80,"availableCpu":"1"},"state":"ACTIVE","labels":{"deployment-tool":"cli-firebase","firebase-functions-hash":"2503a7df87e0207037f5c1ac0e69a86deec4e126"},"environment":"GEN_2","url":"https://us-central1-glucose-goose.cloudfunctions.net/updateTreatment","satisfiesPzi":true},"stages":[{"name":"BUILD","message":"Build in progress","state":"IN_PROGRESS","resource":"projects/101841828420/locations/us-central1/builds/ca2d353f-89b4-4cd6-8757-3e63c92e4cb3","resourceUri":"https://console.cloud.google.com/cloud-build/builds;region=us-central1/ca2d353f-89b4-4cd6-8757-3e63c92e4cb3?project=101841828420"},{"name":"SERVICE","state":"NOT_STARTED"}],"operationType":"UPDATE_FUNCTION","buildName":"projects/101841828420/locations/us-central1/builds/ca2d353f-89b4-4cd6-8757-3e63c92e4cb3"},"done":false}
[debug] [2025-12-03T18:48:58.331Z] <<< [apiv2][status] GET https://cloudfunctions.googleapis.com/v2/projects/glucose-goose/locations/us-central1/operations/operation-1764787736809-64510aa280f39-3485537d-c91d4a75 200
[debug] [2025-12-03T18:48:58.331Z] <<< [apiv2][body] GET https://cloudfunctions.googleapis.com/v2/projects/glucose-goose/locations/us-central1/operations/operation-1764787736809-64510aa280f39-3485537d-c91d4a75 {"name":"projects/glucose-goose/locations/us-central1/operations/operation-1764787736809-64510aa280f39-3485537d-c91d4a75","metadata":{"@type":"type.googleapis.com/google.cloud.functions.v2.OperationMetadata","createTime":"2025-12-03T18:48:57.393265238Z","target":"projects/glucose-goose/locations/us-central1/functions/getNightscoutBundle","verb":"update","cancelRequested":false,"apiVersion":"v2","requestResource":{"@type":"type.googleapis.com/google.cloud.functions.v2.Function","name":"projects/glucose-goose/locations/us-central1/functions/getNightscoutBundle","buildConfig":{"runtime":"nodejs24","entryPoint":"getNightscoutBundle","source":{"storageSource":{"bucket":"gcf-v2-sources-101841828420-us-central1","object":"getNightscoutBundle/function-source.zip","generation":"1764787737343823"}},"environmentVariables":{"GOOGLE_NODE_RUN_SCRIPTS":""},"dockerRepository":"projects/glucose-goose/locations/us-central1/repositories/gcf-artifacts","serviceAccount":"projects/glucose-goose/serviceAccounts/101841828420-compute@developer.gserviceaccount.com","automaticUpdatePolicy":{}},"serviceConfig":{"service":"projects/glucose-goose/locations/us-central1/services/getnightscoutbundle","timeoutSeconds":60,"environmentVariables":{"FIREBASE_CONFIG":"{\"projectId\":\"glucose-goose\",\"storageBucket\":\"glucose-goose.firebasestorage.app\"}","GCLOUD_PROJECT":"glucose-goose","EVENTARC_CLOUD_EVENT_SOURCE":"projects/glucose-goose/locations/us-central1/services/getNightscoutBundle","FUNCTION_TARGET":"getNightscoutBundle","LOG_EXECUTION_ID":"true","FUNCTION_SIGNATURE_TYPE":"http"},"ingressSettings":"ALLOW_ALL","uri":"https://getnightscoutbundle-ft7us77rra-uc.a.run.app","serviceAccountEmail":"101841828420-compute@developer.gserviceaccount.com","availableMemory":"256Mi","allTrafficOnLatestRevision":true,"revision":"getnightscoutbundle-00024-rug","maxInstanceRequestConcurrency":80,"availableCpu":"1"},"state":"ACTIVE","labels":{"deployment-tool":"cli-firebase","firebase-functions-hash":"2503a7df87e0207037f5c1ac0e69a86deec4e126"},"environment":"GEN_2","url":"https://us-central1-glucose-goose.cloudfunctions.net/getNightscoutBundle","satisfiesPzi":true},"stages":[{"name":"BUILD","message":"Build in progress","state":"IN_PROGRESS","resource":"projects/101841828420/locations/us-central1/builds/076e798e-2272-48dc-95f2-93d821b0a053","resourceUri":"https://console.cloud.google.com/cloud-build/builds;region=us-central1/076e798e-2272-48dc-95f2-93d821b0a053?project=101841828420"},{"name":"SERVICE","state":"NOT_STARTED"}],"operationType":"UPDATE_FUNCTION","buildName":"projects/101841828420/locations/us-central1/builds/076e798e-2272-48dc-95f2-93d821b0a053"},"done":false}
[debug] [2025-12-03T18:48:58.702Z] [update-default-us-central1-deleteTreatment] Retrying task index 0
[debug] [2025-12-03T18:48:58.702Z] Checked if tokens are valid: true, expires at: 1764789425255
[debug] [2025-12-03T18:48:58.702Z] Checked if tokens are valid: true, expires at: 1764789425255
[debug] [2025-12-03T18:48:58.702Z] >>> [apiv2][query] GET https://cloudfunctions.googleapis.com/v2/projects/glucose-goose/locations/us-central1/operations/operation-1764787736643-64510aa2587bb-99ffc402-ee6ce262 [none]
[debug] [2025-12-03T18:48:58.734Z] [update-default-us-central1-simulateGlucose] Retrying task index 0
[debug] [2025-12-03T18:48:58.735Z] Checked if tokens are valid: true, expires at: 1764789425255
[debug] [2025-12-03T18:48:58.735Z] Checked if tokens are valid: true, expires at: 1764789425255
[debug] [2025-12-03T18:48:58.735Z] >>> [apiv2][query] GET https://cloudfunctions.googleapis.com/v2/projects/glucose-goose/locations/us-central1/operations/operation-1764787736765-64510aa276605-ad9c5253-a78eac3b [none]
[debug] [2025-12-03T18:48:58.736Z] [update-default-us-central1-updateTreatment] Retrying task index 0
[debug] [2025-12-03T18:48:58.737Z] Checked if tokens are valid: true, expires at: 1764789425255
[debug] [2025-12-03T18:48:58.737Z] Checked if tokens are valid: true, expires at: 1764789425255
[debug] [2025-12-03T18:48:58.737Z] >>> [apiv2][query] GET https://cloudfunctions.googleapis.com/v2/projects/glucose-goose/locations/us-central1/operations/operation-1764787736763-64510aa275d76-65ea64d3-7b0d2fe9 [none]
[debug] [2025-12-03T18:48:58.832Z] [update-default-us-central1-getNightscoutBundle] Retrying task index 0
[debug] [2025-12-03T18:48:58.833Z] Checked if tokens are valid: true, expires at: 1764789425255
[debug] [2025-12-03T18:48:58.833Z] Checked if tokens are valid: true, expires at: 1764789425255
[debug] [2025-12-03T18:48:58.833Z] >>> [apiv2][query] GET https://cloudfunctions.googleapis.com/v2/projects/glucose-goose/locations/us-central1/operations/operation-1764787736809-64510aa280f39-3485537d-c91d4a75 [none]
[debug] [2025-12-03T18:48:58.910Z] <<< [apiv2][status] GET https://cloudfunctions.googleapis.com/v2/projects/glucose-goose/locations/us-central1/operations/operation-1764787736643-64510aa2587bb-99ffc402-ee6ce262 200
[debug] [2025-12-03T18:48:58.910Z] <<< [apiv2][body] GET https://cloudfunctions.googleapis.com/v2/projects/glucose-goose/locations/us-central1/operations/operation-1764787736643-64510aa2587bb-99ffc402-ee6ce262 {"name":"projects/glucose-goose/locations/us-central1/operations/operation-1764787736643-64510aa2587bb-99ffc402-ee6ce262","metadata":{"@type":"type.googleapis.com/google.cloud.functions.v2.OperationMetadata","createTime":"2025-12-03T18:48:57.226871605Z","target":"projects/glucose-goose/locations/us-central1/functions/deleteTreatment","verb":"update","cancelRequested":false,"apiVersion":"v2","requestResource":{"@type":"type.googleapis.com/google.cloud.functions.v2.Function","name":"projects/glucose-goose/locations/us-central1/functions/deleteTreatment","buildConfig":{"runtime":"nodejs24","entryPoint":"deleteTreatment","source":{"storageSource":{"bucket":"gcf-v2-sources-101841828420-us-central1","object":"deleteTreatment/function-source.zip","generation":"1764787737181534"}},"environmentVariables":{"GOOGLE_NODE_RUN_SCRIPTS":""},"dockerRepository":"projects/glucose-goose/locations/us-central1/repositories/gcf-artifacts","serviceAccount":"projects/glucose-goose/serviceAccounts/101841828420-compute@developer.gserviceaccount.com","automaticUpdatePolicy":{}},"serviceConfig":{"service":"projects/glucose-goose/locations/us-central1/services/deletetreatment","timeoutSeconds":60,"environmentVariables":{"FIREBASE_CONFIG":"{\"projectId\":\"glucose-goose\",\"storageBucket\":\"glucose-goose.firebasestorage.app\"}","GCLOUD_PROJECT":"glucose-goose","EVENTARC_CLOUD_EVENT_SOURCE":"projects/glucose-goose/locations/us-central1/services/deleteTreatment","FUNCTION_TARGET":"deleteTreatment","LOG_EXECUTION_ID":"true","FUNCTION_SIGNATURE_TYPE":"http"},"ingressSettings":"ALLOW_ALL","uri":"https://deletetreatment-ft7us77rra-uc.a.run.app","serviceAccountEmail":"101841828420-compute@developer.gserviceaccount.com","availableMemory":"256Mi","allTrafficOnLatestRevision":true,"revision":"deletetreatment-00009-mek","maxInstanceRequestConcurrency":80,"availableCpu":"1"},"state":"ACTIVE","labels":{"deployment-tool":"cli-firebase","firebase-functions-hash":"2503a7df87e0207037f5c1ac0e69a86deec4e126"},"environment":"GEN_2","url":"https://us-central1-glucose-goose.cloudfunctions.net/deleteTreatment","satisfiesPzi":true},"stages":[{"name":"BUILD","message":"Build in progress","state":"IN_PROGRESS","resource":"projects/101841828420/locations/us-central1/builds/e551ca76-e8df-45b4-a9fb-6d8e74c47053","resourceUri":"https://console.cloud.google.com/cloud-build/builds;region=us-central1/e551ca76-e8df-45b4-a9fb-6d8e74c47053?project=101841828420"},{"name":"SERVICE","state":"NOT_STARTED"}],"operationType":"UPDATE_FUNCTION","buildName":"projects/101841828420/locations/us-central1/builds/e551ca76-e8df-45b4-a9fb-6d8e74c47053"},"done":false}
[debug] [2025-12-03T18:48:59.559Z] <<< [apiv2][status] GET https://cloudfunctions.googleapis.com/v2/projects/glucose-goose/locations/us-central1/operations/operation-1764787736765-64510aa276605-ad9c5253-a78eac3b 200
[debug] [2025-12-03T18:48:59.559Z] <<< [apiv2][body] GET https://cloudfunctions.googleapis.com/v2/projects/glucose-goose/locations/us-central1/operations/operation-1764787736765-64510aa276605-ad9c5253-a78eac3b {"name":"projects/glucose-goose/locations/us-central1/operations/operation-1764787736765-64510aa276605-ad9c5253-a78eac3b","metadata":{"@type":"type.googleapis.com/google.cloud.functions.v2.OperationMetadata","createTime":"2025-12-03T18:48:57.280574682Z","target":"projects/glucose-goose/locations/us-central1/functions/simulateGlucose","verb":"update","cancelRequested":false,"apiVersion":"v2","requestResource":{"@type":"type.googleapis.com/google.cloud.functions.v2.Function","name":"projects/glucose-goose/locations/us-central1/functions/simulateGlucose","buildConfig":{"runtime":"nodejs24","entryPoint":"simulateGlucose","source":{"storageSource":{"bucket":"gcf-v2-sources-101841828420-us-central1","object":"simulateGlucose/function-source.zip","generation":"1764787737234353"}},"environmentVariables":{"GOOGLE_NODE_RUN_SCRIPTS":""},"dockerRepository":"projects/glucose-goose/locations/us-central1/repositories/gcf-artifacts","serviceAccount":"projects/glucose-goose/serviceAccounts/101841828420-compute@developer.gserviceaccount.com","automaticUpdatePolicy":{}},"serviceConfig":{"service":"projects/glucose-goose/locations/us-central1/services/simulateglucose","timeoutSeconds":60,"environmentVariables":{"FIREBASE_CONFIG":"{\"projectId\":\"glucose-goose\",\"storageBucket\":\"glucose-goose.firebasestorage.app\"}","GCLOUD_PROJECT":"glucose-goose","EVENTARC_CLOUD_EVENT_SOURCE":"projects/glucose-goose/locations/us-central1/services/simulateGlucose","FUNCTION_TARGET":"simulateGlucose","LOG_EXECUTION_ID":"true","FUNCTION_SIGNATURE_TYPE":"http"},"ingressSettings":"ALLOW_ALL","uri":"https://simulateglucose-ft7us77rra-uc.a.run.app","serviceAccountEmail":"101841828420-compute@developer.gserviceaccount.com","availableMemory":"256Mi","allTrafficOnLatestRevision":true,"secretEnvironmentVariables":[{"key":"NIGHTSCOUT_API_SECRET","projectId":"glucose-goose","secret":"NIGHTSCOUT_API_SECRET","version":"2"},{"key":"NIGHTSCOUT_URL","projectId":"glucose-goose","secret":"NIGHTSCOUT_URL","version":"1"}],"revision":"simulateglucose-00004-poh","maxInstanceRequestConcurrency":80,"availableCpu":"1"},"state":"ACTIVE","labels":{"deployment-tool":"cli-firebase","deployment-scheduled":"true","firebase-functions-hash":"312d19ecc6e89dbcbf4786f242c586d4457fbda3"},"environment":"GEN_2","url":"https://us-central1-glucose-goose.cloudfunctions.net/simulateGlucose","satisfiesPzi":true},"stages":[{"name":"BUILD","message":"Build in progress","state":"IN_PROGRESS","resource":"projects/101841828420/locations/us-central1/builds/ffb9c277-161d-4dc5-8828-dfd4df09ad94","resourceUri":"https://console.cloud.google.com/cloud-build/builds;region=us-central1/ffb9c277-161d-4dc5-8828-dfd4df09ad94?project=101841828420"},{"name":"SERVICE","state":"NOT_STARTED"}],"operationType":"UPDATE_FUNCTION","buildName":"projects/101841828420/locations/us-central1/builds/ffb9c277-161d-4dc5-8828-dfd4df09ad94"},"done":false}
[debug] [2025-12-03T18:48:59.560Z] <<< [apiv2][status] GET https://cloudfunctions.googleapis.com/v2/projects/glucose-goose/locations/us-central1/operations/operation-1764787736763-64510aa275d76-65ea64d3-7b0d2fe9 200
[debug] [2025-12-03T18:48:59.560Z] <<< [apiv2][body] GET https://cloudfunctions.googleapis.com/v2/projects/glucose-goose/locations/us-central1/operations/operation-1764787736763-64510aa275d76-65ea64d3-7b0d2fe9 {"name":"projects/glucose-goose/locations/us-central1/operations/operation-1764787736763-64510aa275d76-65ea64d3-7b0d2fe9","metadata":{"@type":"type.googleapis.com/google.cloud.functions.v2.OperationMetadata","createTime":"2025-12-03T18:48:57.325704143Z","target":"projects/glucose-goose/locations/us-central1/functions/updateTreatment","verb":"update","cancelRequested":false,"apiVersion":"v2","requestResource":{"@type":"type.googleapis.com/google.cloud.functions.v2.Function","name":"projects/glucose-goose/locations/us-central1/functions/updateTreatment","buildConfig":{"runtime":"nodejs24","entryPoint":"updateTreatment","source":{"storageSource":{"bucket":"gcf-v2-sources-101841828420-us-central1","object":"updateTreatment/function-source.zip","generation":"1764787737282647"}},"environmentVariables":{"GOOGLE_NODE_RUN_SCRIPTS":""},"dockerRepository":"projects/glucose-goose/locations/us-central1/repositories/gcf-artifacts","serviceAccount":"projects/glucose-goose/serviceAccounts/101841828420-compute@developer.gserviceaccount.com","automaticUpdatePolicy":{}},"serviceConfig":{"service":"projects/glucose-goose/locations/us-central1/services/updatetreatment","timeoutSeconds":60,"environmentVariables":{"FIREBASE_CONFIG":"{\"projectId\":\"glucose-goose\",\"storageBucket\":\"glucose-goose.firebasestorage.app\"}","GCLOUD_PROJECT":"glucose-goose","EVENTARC_CLOUD_EVENT_SOURCE":"projects/glucose-goose/locations/us-central1/services/updateTreatment","FUNCTION_TARGET":"updateTreatment","LOG_EXECUTION_ID":"true","FUNCTION_SIGNATURE_TYPE":"http"},"ingressSettings":"ALLOW_ALL","uri":"https://updatetreatment-ft7us77rra-uc.a.run.app","serviceAccountEmail":"101841828420-compute@developer.gserviceaccount.com","availableMemory":"256Mi","allTrafficOnLatestRevision":true,"revision":"updatetreatment-00015-say","maxInstanceRequestConcurrency":80,"availableCpu":"1"},"state":"ACTIVE","labels":{"deployment-tool":"cli-firebase","firebase-functions-hash":"2503a7df87e0207037f5c1ac0e69a86deec4e126"},"environment":"GEN_2","url":"https://us-central1-glucose-goose.cloudfunctions.net/updateTreatment","satisfiesPzi":true},"stages":[{"name":"BUILD","message":"Build in progress","state":"IN_PROGRESS","resource":"projects/101841828420/locations/us-central1/builds/ca2d353f-89b4-4cd6-8757-3e63c92e4cb3","resourceUri":"https://console.cloud.google.com/cloud-build/builds;region=us-central1/ca2d353f-89b4-4cd6-8757-3e63c92e4cb3?project=101841828420"},{"name":"SERVICE","state":"NOT_STARTED"}],"operationType":"UPDATE_FUNCTION","buildName":"projects/101841828420/locations/us-central1/builds/ca2d353f-89b4-4cd6-8757-3e63c92e4cb3"},"done":false}
[debug] [2025-12-03T18:48:59.608Z] <<< [apiv2][status] GET https://cloudfunctions.googleapis.com/v2/projects/glucose-goose/locations/us-central1/operations/operation-1764787736809-64510aa280f39-3485537d-c91d4a75 200
[debug] [2025-12-03T18:48:59.608Z] <<< [apiv2][body] GET https://cloudfunctions.googleapis.com/v2/projects/glucose-goose/locations/us-central1/operations/operation-1764787736809-64510aa280f39-3485537d-c91d4a75 {"name":"projects/glucose-goose/locations/us-central1/operations/operation-1764787736809-64510aa280f39-3485537d-c91d4a75","metadata":{"@type":"type.googleapis.com/google.cloud.functions.v2.OperationMetadata","createTime":"2025-12-03T18:48:57.393265238Z","target":"projects/glucose-goose/locations/us-central1/functions/getNightscoutBundle","verb":"update","cancelRequested":false,"apiVersion":"v2","requestResource":{"@type":"type.googleapis.com/google.cloud.functions.v2.Function","name":"projects/glucose-goose/locations/us-central1/functions/getNightscoutBundle","buildConfig":{"runtime":"nodejs24","entryPoint":"getNightscoutBundle","source":{"storageSource":{"bucket":"gcf-v2-sources-101841828420-us-central1","object":"getNightscoutBundle/function-source.zip","generation":"1764787737343823"}},"environmentVariables":{"GOOGLE_NODE_RUN_SCRIPTS":""},"dockerRepository":"projects/glucose-goose/locations/us-central1/repositories/gcf-artifacts","serviceAccount":"projects/glucose-goose/serviceAccounts/101841828420-compute@developer.gserviceaccount.com","automaticUpdatePolicy":{}},"serviceConfig":{"service":"projects/glucose-goose/locations/us-central1/services/getnightscoutbundle","timeoutSeconds":60,"environmentVariables":{"FIREBASE_CONFIG":"{\"projectId\":\"glucose-goose\",\"storageBucket\":\"glucose-goose.firebasestorage.app\"}","GCLOUD_PROJECT":"glucose-goose","EVENTARC_CLOUD_EVENT_SOURCE":"projects/glucose-goose/locations/us-central1/services/getNightscoutBundle","FUNCTION_TARGET":"getNightscoutBundle","LOG_EXECUTION_ID":"true","FUNCTION_SIGNATURE_TYPE":"http"},"ingressSettings":"ALLOW_ALL","uri":"https://getnightscoutbundle-ft7us77rra-uc.a.run.app","serviceAccountEmail":"101841828420-compute@developer.gserviceaccount.com","availableMemory":"256Mi","allTrafficOnLatestRevision":true,"revision":"getnightscoutbundle-00024-rug","maxInstanceRequestConcurrency":80,"availableCpu":"1"},"state":"ACTIVE","labels":{"deployment-tool":"cli-firebase","firebase-functions-hash":"2503a7df87e0207037f5c1ac0e69a86deec4e126"},"environment":"GEN_2","url":"https://us-central1-glucose-goose.cloudfunctions.net/getNightscoutBundle","satisfiesPzi":true},"stages":[{"name":"BUILD","message":"Build in progress","state":"IN_PROGRESS","resource":"projects/101841828420/locations/us-central1/builds/076e798e-2272-48dc-95f2-93d821b0a053","resourceUri":"https://console.cloud.google.com/cloud-build/builds;region=us-central1/076e798e-2272-48dc-95f2-93d821b0a053?project=101841828420"},{"name":"SERVICE","state":"NOT_STARTED"}],"operationType":"UPDATE_FUNCTION","buildName":"projects/101841828420/locations/us-central1/builds/076e798e-2272-48dc-95f2-93d821b0a053"},"done":false}
[debug] [2025-12-03T18:48:59.911Z] [update-default-us-central1-deleteTreatment] Retrying task index 0
[debug] [2025-12-03T18:48:59.911Z] Checked if tokens are valid: true, expires at: 1764789425255
[debug] [2025-12-03T18:48:59.912Z] Checked if tokens are valid: true, expires at: 1764789425255
[debug] [2025-12-03T18:48:59.912Z] >>> [apiv2][query] GET https://cloudfunctions.googleapis.com/v2/projects/glucose-goose/locations/us-central1/operations/operation-1764787736643-64510aa2587bb-99ffc402-ee6ce262 [none]
[debug] [2025-12-03T18:49:00.560Z] [update-default-us-central1-simulateGlucose] Retrying task index 0
[debug] [2025-12-03T18:49:00.560Z] Checked if tokens are valid: true, expires at: 1764789425255
[debug] [2025-12-03T18:49:00.561Z] Checked if tokens are valid: true, expires at: 1764789425255
[debug] [2025-12-03T18:49:00.561Z] >>> [apiv2][query] GET https://cloudfunctions.googleapis.com/v2/projects/glucose-goose/locations/us-central1/operations/operation-1764787736765-64510aa276605-ad9c5253-a78eac3b [none]
[debug] [2025-12-03T18:49:00.562Z] [update-default-us-central1-updateTreatment] Retrying task index 0
[debug] [2025-12-03T18:49:00.562Z] Checked if tokens are valid: true, expires at: 1764789425255
[debug] [2025-12-03T18:49:00.563Z] Checked if tokens are valid: true, expires at: 1764789425255
[debug] [2025-12-03T18:49:00.563Z] >>> [apiv2][query] GET https://cloudfunctions.googleapis.com/v2/projects/glucose-goose/locations/us-central1/operations/operation-1764787736763-64510aa275d76-65ea64d3-7b0d2fe9 [none]
[debug] [2025-12-03T18:49:00.610Z] [update-default-us-central1-getNightscoutBundle] Retrying task index 0
[debug] [2025-12-03T18:49:00.610Z] Checked if tokens are valid: true, expires at: 1764789425255
[debug] [2025-12-03T18:49:00.611Z] Checked if tokens are valid: true, expires at: 1764789425255
[debug] [2025-12-03T18:49:00.611Z] >>> [apiv2][query] GET https://cloudfunctions.googleapis.com/v2/projects/glucose-goose/locations/us-central1/operations/operation-1764787736809-64510aa280f39-3485537d-c91d4a75 [none]
[debug] [2025-12-03T18:49:00.655Z] <<< [apiv2][status] GET https://cloudfunctions.googleapis.com/v2/projects/glucose-goose/locations/us-central1/operations/operation-1764787736643-64510aa2587bb-99ffc402-ee6ce262 200
[debug] [2025-12-03T18:49:00.655Z] <<< [apiv2][body] GET https://cloudfunctions.googleapis.com/v2/projects/glucose-goose/locations/us-central1/operations/operation-1764787736643-64510aa2587bb-99ffc402-ee6ce262 {"name":"projects/glucose-goose/locations/us-central1/operations/operation-1764787736643-64510aa2587bb-99ffc402-ee6ce262","metadata":{"@type":"type.googleapis.com/google.cloud.functions.v2.OperationMetadata","createTime":"2025-12-03T18:48:57.226871605Z","target":"projects/glucose-goose/locations/us-central1/functions/deleteTreatment","verb":"update","cancelRequested":false,"apiVersion":"v2","requestResource":{"@type":"type.googleapis.com/google.cloud.functions.v2.Function","name":"projects/glucose-goose/locations/us-central1/functions/deleteTreatment","buildConfig":{"runtime":"nodejs24","entryPoint":"deleteTreatment","source":{"storageSource":{"bucket":"gcf-v2-sources-101841828420-us-central1","object":"deleteTreatment/function-source.zip","generation":"1764787737181534"}},"environmentVariables":{"GOOGLE_NODE_RUN_SCRIPTS":""},"dockerRepository":"projects/glucose-goose/locations/us-central1/repositories/gcf-artifacts","serviceAccount":"projects/glucose-goose/serviceAccounts/101841828420-compute@developer.gserviceaccount.com","automaticUpdatePolicy":{}},"serviceConfig":{"service":"projects/glucose-goose/locations/us-central1/services/deletetreatment","timeoutSeconds":60,"environmentVariables":{"FIREBASE_CONFIG":"{\"projectId\":\"glucose-goose\",\"storageBucket\":\"glucose-goose.firebasestorage.app\"}","GCLOUD_PROJECT":"glucose-goose","EVENTARC_CLOUD_EVENT_SOURCE":"projects/glucose-goose/locations/us-central1/services/deleteTreatment","FUNCTION_TARGET":"deleteTreatment","LOG_EXECUTION_ID":"true","FUNCTION_SIGNATURE_TYPE":"http"},"ingressSettings":"ALLOW_ALL","uri":"https://deletetreatment-ft7us77rra-uc.a.run.app","serviceAccountEmail":"101841828420-compute@developer.gserviceaccount.com","availableMemory":"256Mi","allTrafficOnLatestRevision":true,"revision":"deletetreatment-00009-mek","maxInstanceRequestConcurrency":80,"availableCpu":"1"},"state":"ACTIVE","labels":{"deployment-tool":"cli-firebase","firebase-functions-hash":"2503a7df87e0207037f5c1ac0e69a86deec4e126"},"environment":"GEN_2","url":"https://us-central1-glucose-goose.cloudfunctions.net/deleteTreatment","satisfiesPzi":true},"stages":[{"name":"BUILD","message":"Build in progress","state":"IN_PROGRESS","resource":"projects/101841828420/locations/us-central1/builds/e551ca76-e8df-45b4-a9fb-6d8e74c47053","resourceUri":"https://console.cloud.google.com/cloud-build/builds;region=us-central1/e551ca76-e8df-45b4-a9fb-6d8e74c47053?project=101841828420"},{"name":"SERVICE","state":"NOT_STARTED"}],"operationType":"UPDATE_FUNCTION","buildName":"projects/101841828420/locations/us-central1/builds/e551ca76-e8df-45b4-a9fb-6d8e74c47053"},"done":false}
[debug] [2025-12-03T18:49:00.804Z] <<< [apiv2][status] GET https://cloudfunctions.googleapis.com/v2/projects/glucose-goose/locations/us-central1/operations/operation-1764787736765-64510aa276605-ad9c5253-a78eac3b 200
[debug] [2025-12-03T18:49:00.805Z] <<< [apiv2][body] GET https://cloudfunctions.googleapis.com/v2/projects/glucose-goose/locations/us-central1/operations/operation-1764787736765-64510aa276605-ad9c5253-a78eac3b {"name":"projects/glucose-goose/locations/us-central1/operations/operation-1764787736765-64510aa276605-ad9c5253-a78eac3b","metadata":{"@type":"type.googleapis.com/google.cloud.functions.v2.OperationMetadata","createTime":"2025-12-03T18:48:57.280574682Z","target":"projects/glucose-goose/locations/us-central1/functions/simulateGlucose","verb":"update","cancelRequested":false,"apiVersion":"v2","requestResource":{"@type":"type.googleapis.com/google.cloud.functions.v2.Function","name":"projects/glucose-goose/locations/us-central1/functions/simulateGlucose","buildConfig":{"runtime":"nodejs24","entryPoint":"simulateGlucose","source":{"storageSource":{"bucket":"gcf-v2-sources-101841828420-us-central1","object":"simulateGlucose/function-source.zip","generation":"1764787737234353"}},"environmentVariables":{"GOOGLE_NODE_RUN_SCRIPTS":""},"dockerRepository":"projects/glucose-goose/locations/us-central1/repositories/gcf-artifacts","serviceAccount":"projects/glucose-goose/serviceAccounts/101841828420-compute@developer.gserviceaccount.com","automaticUpdatePolicy":{}},"serviceConfig":{"service":"projects/glucose-goose/locations/us-central1/services/simulateglucose","timeoutSeconds":60,"environmentVariables":{"FIREBASE_CONFIG":"{\"projectId\":\"glucose-goose\",\"storageBucket\":\"glucose-goose.firebasestorage.app\"}","GCLOUD_PROJECT":"glucose-goose","EVENTARC_CLOUD_EVENT_SOURCE":"projects/glucose-goose/locations/us-central1/services/simulateGlucose","FUNCTION_TARGET":"simulateGlucose","LOG_EXECUTION_ID":"true","FUNCTION_SIGNATURE_TYPE":"http"},"ingressSettings":"ALLOW_ALL","uri":"https://simulateglucose-ft7us77rra-uc.a.run.app","serviceAccountEmail":"101841828420-compute@developer.gserviceaccount.com","availableMemory":"256Mi","allTrafficOnLatestRevision":true,"secretEnvironmentVariables":[{"key":"NIGHTSCOUT_API_SECRET","projectId":"glucose-goose","secret":"NIGHTSCOUT_API_SECRET","version":"2"},{"key":"NIGHTSCOUT_URL","projectId":"glucose-goose","secret":"NIGHTSCOUT_URL","version":"1"}],"revision":"simulateglucose-00004-poh","maxInstanceRequestConcurrency":80,"availableCpu":"1"},"state":"ACTIVE","labels":{"deployment-tool":"cli-firebase","deployment-scheduled":"true","firebase-functions-hash":"312d19ecc6e89dbcbf4786f242c586d4457fbda3"},"environment":"GEN_2","url":"https://us-central1-glucose-goose.cloudfunctions.net/simulateGlucose","satisfiesPzi":true},"stages":[{"name":"BUILD","message":"Build in progress","state":"IN_PROGRESS","resource":"projects/101841828420/locations/us-central1/builds/ffb9c277-161d-4dc5-8828-dfd4df09ad94","resourceUri":"https://console.cloud.google.com/cloud-build/builds;region=us-central1/ffb9c277-161d-4dc5-8828-dfd4df09ad94?project=101841828420"},{"name":"SERVICE","state":"NOT_STARTED"}],"operationType":"UPDATE_FUNCTION","buildName":"projects/101841828420/locations/us-central1/builds/ffb9c277-161d-4dc5-8828-dfd4df09ad94"},"done":false}
[debug] [2025-12-03T18:49:01.322Z] <<< [apiv2][status] GET https://cloudfunctions.googleapis.com/v2/projects/glucose-goose/locations/us-central1/operations/operation-1764787736763-64510aa275d76-65ea64d3-7b0d2fe9 200
[debug] [2025-12-03T18:49:01.322Z] <<< [apiv2][body] GET https://cloudfunctions.googleapis.com/v2/projects/glucose-goose/locations/us-central1/operations/operation-1764787736763-64510aa275d76-65ea64d3-7b0d2fe9 {"name":"projects/glucose-goose/locations/us-central1/operations/operation-1764787736763-64510aa275d76-65ea64d3-7b0d2fe9","metadata":{"@type":"type.googleapis.com/google.cloud.functions.v2.OperationMetadata","createTime":"2025-12-03T18:48:57.325704143Z","target":"projects/glucose-goose/locations/us-central1/functions/updateTreatment","verb":"update","cancelRequested":false,"apiVersion":"v2","requestResource":{"@type":"type.googleapis.com/google.cloud.functions.v2.Function","name":"projects/glucose-goose/locations/us-central1/functions/updateTreatment","buildConfig":{"runtime":"nodejs24","entryPoint":"updateTreatment","source":{"storageSource":{"bucket":"gcf-v2-sources-101841828420-us-central1","object":"updateTreatment/function-source.zip","generation":"1764787737282647"}},"environmentVariables":{"GOOGLE_NODE_RUN_SCRIPTS":""},"dockerRepository":"projects/glucose-goose/locations/us-central1/repositories/gcf-artifacts","serviceAccount":"projects/glucose-goose/serviceAccounts/101841828420-compute@developer.gserviceaccount.com","automaticUpdatePolicy":{}},"serviceConfig":{"service":"projects/glucose-goose/locations/us-central1/services/updatetreatment","timeoutSeconds":60,"environmentVariables":{"FIREBASE_CONFIG":"{\"projectId\":\"glucose-goose\",\"storageBucket\":\"glucose-goose.firebasestorage.app\"}","GCLOUD_PROJECT":"glucose-goose","EVENTARC_CLOUD_EVENT_SOURCE":"projects/glucose-goose/locations/us-central1/services/updateTreatment","FUNCTION_TARGET":"updateTreatment","LOG_EXECUTION_ID":"true","FUNCTION_SIGNATURE_TYPE":"http"},"ingressSettings":"ALLOW_ALL","uri":"https://updatetreatment-ft7us77rra-uc.a.run.app","serviceAccountEmail":"101841828420-compute@developer.gserviceaccount.com","availableMemory":"256Mi","allTrafficOnLatestRevision":true,"revision":"updatetreatment-00015-say","maxInstanceRequestConcurrency":80,"availableCpu":"1"},"state":"ACTIVE","labels":{"deployment-tool":"cli-firebase","firebase-functions-hash":"2503a7df87e0207037f5c1ac0e69a86deec4e126"},"environment":"GEN_2","url":"https://us-central1-glucose-goose.cloudfunctions.net/updateTreatment","satisfiesPzi":true},"stages":[{"name":"BUILD","message":"Build in progress","state":"IN_PROGRESS","resource":"projects/101841828420/locations/us-central1/builds/ca2d353f-89b4-4cd6-8757-3e63c92e4cb3","resourceUri":"https://console.cloud.google.com/cloud-build/builds;region=us-central1/ca2d353f-89b4-4cd6-8757-3e63c92e4cb3?project=101841828420"},{"name":"SERVICE","state":"NOT_STARTED"}],"operationType":"UPDATE_FUNCTION","buildName":"projects/101841828420/locations/us-central1/builds/ca2d353f-89b4-4cd6-8757-3e63c92e4cb3"},"done":false}
[debug] [2025-12-03T18:49:01.381Z] <<< [apiv2][status] GET https://cloudfunctions.googleapis.com/v2/projects/glucose-goose/locations/us-central1/operations/operation-1764787736809-64510aa280f39-3485537d-c91d4a75 200
[debug] [2025-12-03T18:49:01.382Z] <<< [apiv2][body] GET https://cloudfunctions.googleapis.com/v2/projects/glucose-goose/locations/us-central1/operations/operation-1764787736809-64510aa280f39-3485537d-c91d4a75 {"name":"projects/glucose-goose/locations/us-central1/operations/operation-1764787736809-64510aa280f39-3485537d-c91d4a75","metadata":{"@type":"type.googleapis.com/google.cloud.functions.v2.OperationMetadata","createTime":"2025-12-03T18:48:57.393265238Z","target":"projects/glucose-goose/locations/us-central1/functions/getNightscoutBundle","verb":"update","cancelRequested":false,"apiVersion":"v2","requestResource":{"@type":"type.googleapis.com/google.cloud.functions.v2.Function","name":"projects/glucose-goose/locations/us-central1/functions/getNightscoutBundle","buildConfig":{"runtime":"nodejs24","entryPoint":"getNightscoutBundle","source":{"storageSource":{"bucket":"gcf-v2-sources-101841828420-us-central1","object":"getNightscoutBundle/function-source.zip","generation":"1764787737343823"}},"environmentVariables":{"GOOGLE_NODE_RUN_SCRIPTS":""},"dockerRepository":"projects/glucose-goose/locations/us-central1/repositories/gcf-artifacts","serviceAccount":"projects/glucose-goose/serviceAccounts/101841828420-compute@developer.gserviceaccount.com","automaticUpdatePolicy":{}},"serviceConfig":{"service":"projects/glucose-goose/locations/us-central1/services/getnightscoutbundle","timeoutSeconds":60,"environmentVariables":{"FIREBASE_CONFIG":"{\"projectId\":\"glucose-goose\",\"storageBucket\":\"glucose-goose.firebasestorage.app\"}","GCLOUD_PROJECT":"glucose-goose","EVENTARC_CLOUD_EVENT_SOURCE":"projects/glucose-goose/locations/us-central1/services/getNightscoutBundle","FUNCTION_TARGET":"getNightscoutBundle","LOG_EXECUTION_ID":"true","FUNCTION_SIGNATURE_TYPE":"http"},"ingressSettings":"ALLOW_ALL","uri":"https://getnightscoutbundle-ft7us77rra-uc.a.run.app","serviceAccountEmail":"101841828420-compute@developer.gserviceaccount.com","availableMemory":"256Mi","allTrafficOnLatestRevision":true,"revision":"getnightscoutbundle-00024-rug","maxInstanceRequestConcurrency":80,"availableCpu":"1"},"state":"ACTIVE","labels":{"deployment-tool":"cli-firebase","firebase-functions-hash":"2503a7df87e0207037f5c1ac0e69a86deec4e126"},"environment":"GEN_2","url":"https://us-central1-glucose-goose.cloudfunctions.net/getNightscoutBundle","satisfiesPzi":true},"stages":[{"name":"BUILD","message":"Build in progress","state":"IN_PROGRESS","resource":"projects/101841828420/locations/us-central1/builds/076e798e-2272-48dc-95f2-93d821b0a053","resourceUri":"https://console.cloud.google.com/cloud-build/builds;region=us-central1/076e798e-2272-48dc-95f2-93d821b0a053?project=101841828420"},{"name":"SERVICE","state":"NOT_STARTED"}],"operationType":"UPDATE_FUNCTION","buildName":"projects/101841828420/locations/us-central1/builds/076e798e-2272-48dc-95f2-93d821b0a053"},"done":false}
[debug] [2025-12-03T18:49:02.657Z] [update-default-us-central1-deleteTreatment] Retrying task index 0
[debug] [2025-12-03T18:49:02.657Z] Checked if tokens are valid: true, expires at: 1764789425255
[debug] [2025-12-03T18:49:02.657Z] Checked if tokens are valid: true, expires at: 1764789425255
[debug] [2025-12-03T18:49:02.657Z] >>> [apiv2][query] GET https://cloudfunctions.googleapis.com/v2/projects/glucose-goose/locations/us-central1/operations/operation-1764787736643-64510aa2587bb-99ffc402-ee6ce262 [none]
[debug] [2025-12-03T18:49:02.806Z] [update-default-us-central1-simulateGlucose] Retrying task index 0
[debug] [2025-12-03T18:49:02.806Z] Checked if tokens are valid: true, expires at: 1764789425255
[debug] [2025-12-03T18:49:02.806Z] Checked if tokens are valid: true, expires at: 1764789425255
[debug] [2025-12-03T18:49:02.806Z] >>> [apiv2][query] GET https://cloudfunctions.googleapis.com/v2/projects/glucose-goose/locations/us-central1/operations/operation-1764787736765-64510aa276605-ad9c5253-a78eac3b [none]
[debug] [2025-12-03T18:49:03.323Z] [update-default-us-central1-updateTreatment] Retrying task index 0
[debug] [2025-12-03T18:49:03.323Z] Checked if tokens are valid: true, expires at: 1764789425255
[debug] [2025-12-03T18:49:03.323Z] Checked if tokens are valid: true, expires at: 1764789425255
[debug] [2025-12-03T18:49:03.324Z] >>> [apiv2][query] GET https://cloudfunctions.googleapis.com/v2/projects/glucose-goose/locations/us-central1/operations/operation-1764787736763-64510aa275d76-65ea64d3-7b0d2fe9 [none]
[debug] [2025-12-03T18:49:03.382Z] [update-default-us-central1-getNightscoutBundle] Retrying task index 0
[debug] [2025-12-03T18:49:03.383Z] Checked if tokens are valid: true, expires at: 1764789425255
[debug] [2025-12-03T18:49:03.383Z] Checked if tokens are valid: true, expires at: 1764789425255
[debug] [2025-12-03T18:49:03.384Z] >>> [apiv2][query] GET https://cloudfunctions.googleapis.com/v2/projects/glucose-goose/locations/us-central1/operations/operation-1764787736809-64510aa280f39-3485537d-c91d4a75 [none]
[debug] [2025-12-03T18:49:03.439Z] <<< [apiv2][status] GET https://cloudfunctions.googleapis.com/v2/projects/glucose-goose/locations/us-central1/operations/operation-1764787736643-64510aa2587bb-99ffc402-ee6ce262 200
[debug] [2025-12-03T18:49:03.439Z] <<< [apiv2][body] GET https://cloudfunctions.googleapis.com/v2/projects/glucose-goose/locations/us-central1/operations/operation-1764787736643-64510aa2587bb-99ffc402-ee6ce262 {"name":"projects/glucose-goose/locations/us-central1/operations/operation-1764787736643-64510aa2587bb-99ffc402-ee6ce262","metadata":{"@type":"type.googleapis.com/google.cloud.functions.v2.OperationMetadata","createTime":"2025-12-03T18:48:57.226871605Z","target":"projects/glucose-goose/locations/us-central1/functions/deleteTreatment","verb":"update","cancelRequested":false,"apiVersion":"v2","requestResource":{"@type":"type.googleapis.com/google.cloud.functions.v2.Function","name":"projects/glucose-goose/locations/us-central1/functions/deleteTreatment","buildConfig":{"runtime":"nodejs24","entryPoint":"deleteTreatment","source":{"storageSource":{"bucket":"gcf-v2-sources-101841828420-us-central1","object":"deleteTreatment/function-source.zip","generation":"1764787737181534"}},"environmentVariables":{"GOOGLE_NODE_RUN_SCRIPTS":""},"dockerRepository":"projects/glucose-goose/locations/us-central1/repositories/gcf-artifacts","serviceAccount":"projects/glucose-goose/serviceAccounts/101841828420-compute@developer.gserviceaccount.com","automaticUpdatePolicy":{}},"serviceConfig":{"service":"projects/glucose-goose/locations/us-central1/services/deletetreatment","timeoutSeconds":60,"environmentVariables":{"FIREBASE_CONFIG":"{\"projectId\":\"glucose-goose\",\"storageBucket\":\"glucose-goose.firebasestorage.app\"}","GCLOUD_PROJECT":"glucose-goose","EVENTARC_CLOUD_EVENT_SOURCE":"projects/glucose-goose/locations/us-central1/services/deleteTreatment","FUNCTION_TARGET":"deleteTreatment","LOG_EXECUTION_ID":"true","FUNCTION_SIGNATURE_TYPE":"http"},"ingressSettings":"ALLOW_ALL","uri":"https://deletetreatment-ft7us77rra-uc.a.run.app","serviceAccountEmail":"101841828420-compute@developer.gserviceaccount.com","availableMemory":"256Mi","allTrafficOnLatestRevision":true,"revision":"deletetreatment-00009-mek","maxInstanceRequestConcurrency":80,"availableCpu":"1"},"state":"ACTIVE","labels":{"deployment-tool":"cli-firebase","firebase-functions-hash":"2503a7df87e0207037f5c1ac0e69a86deec4e126"},"environment":"GEN_2","url":"https://us-central1-glucose-goose.cloudfunctions.net/deleteTreatment","satisfiesPzi":true},"stages":[{"name":"BUILD","message":"Build in progress","state":"IN_PROGRESS","resource":"projects/101841828420/locations/us-central1/builds/e551ca76-e8df-45b4-a9fb-6d8e74c47053","resourceUri":"https://console.cloud.google.com/cloud-build/builds;region=us-central1/e551ca76-e8df-45b4-a9fb-6d8e74c47053?project=101841828420"},{"name":"SERVICE","state":"NOT_STARTED"}],"operationType":"UPDATE_FUNCTION","buildName":"projects/101841828420/locations/us-central1/builds/e551ca76-e8df-45b4-a9fb-6d8e74c47053"},"done":false}
[debug] [2025-12-03T18:49:03.580Z] <<< [apiv2][status] GET https://cloudfunctions.googleapis.com/v2/projects/glucose-goose/locations/us-central1/operations/operation-1764787736765-64510aa276605-ad9c5253-a78eac3b 200
[debug] [2025-12-03T18:49:03.580Z] <<< [apiv2][body] GET https://cloudfunctions.googleapis.com/v2/projects/glucose-goose/locations/us-central1/operations/operation-1764787736765-64510aa276605-ad9c5253-a78eac3b {"name":"projects/glucose-goose/locations/us-central1/operations/operation-1764787736765-64510aa276605-ad9c5253-a78eac3b","metadata":{"@type":"type.googleapis.com/google.cloud.functions.v2.OperationMetadata","createTime":"2025-12-03T18:48:57.280574682Z","target":"projects/glucose-goose/locations/us-central1/functions/simulateGlucose","verb":"update","cancelRequested":false,"apiVersion":"v2","requestResource":{"@type":"type.googleapis.com/google.cloud.functions.v2.Function","name":"projects/glucose-goose/locations/us-central1/functions/simulateGlucose","buildConfig":{"runtime":"nodejs24","entryPoint":"simulateGlucose","source":{"storageSource":{"bucket":"gcf-v2-sources-101841828420-us-central1","object":"simulateGlucose/function-source.zip","generation":"1764787737234353"}},"environmentVariables":{"GOOGLE_NODE_RUN_SCRIPTS":""},"dockerRepository":"projects/glucose-goose/locations/us-central1/repositories/gcf-artifacts","serviceAccount":"projects/glucose-goose/serviceAccounts/101841828420-compute@developer.gserviceaccount.com","automaticUpdatePolicy":{}},"serviceConfig":{"service":"projects/glucose-goose/locations/us-central1/services/simulateglucose","timeoutSeconds":60,"environmentVariables":{"FIREBASE_CONFIG":"{\"projectId\":\"glucose-goose\",\"storageBucket\":\"glucose-goose.firebasestorage.app\"}","GCLOUD_PROJECT":"glucose-goose","EVENTARC_CLOUD_EVENT_SOURCE":"projects/glucose-goose/locations/us-central1/services/simulateGlucose","FUNCTION_TARGET":"simulateGlucose","LOG_EXECUTION_ID":"true","FUNCTION_SIGNATURE_TYPE":"http"},"ingressSettings":"ALLOW_ALL","uri":"https://simulateglucose-ft7us77rra-uc.a.run.app","serviceAccountEmail":"101841828420-compute@developer.gserviceaccount.com","availableMemory":"256Mi","allTrafficOnLatestRevision":true,"secretEnvironmentVariables":[{"key":"NIGHTSCOUT_API_SECRET","projectId":"glucose-goose","secret":"NIGHTSCOUT_API_SECRET","version":"2"},{"key":"NIGHTSCOUT_URL","projectId":"glucose-goose","secret":"NIGHTSCOUT_URL","version":"1"}],"revision":"simulateglucose-00004-poh","maxInstanceRequestConcurrency":80,"availableCpu":"1"},"state":"ACTIVE","labels":{"deployment-tool":"cli-firebase","deployment-scheduled":"true","firebase-functions-hash":"312d19ecc6e89dbcbf4786f242c586d4457fbda3"},"environment":"GEN_2","url":"https://us-central1-glucose-goose.cloudfunctions.net/simulateGlucose","satisfiesPzi":true},"stages":[{"name":"BUILD","message":"Build in progress","state":"IN_PROGRESS","resource":"projects/101841828420/locations/us-central1/builds/ffb9c277-161d-4dc5-8828-dfd4df09ad94","resourceUri":"https://console.cloud.google.com/cloud-build/builds;region=us-central1/ffb9c277-161d-4dc5-8828-dfd4df09ad94?project=101841828420"},{"name":"SERVICE","state":"NOT_STARTED"}],"operationType":"UPDATE_FUNCTION","buildName":"projects/101841828420/locations/us-central1/builds/ffb9c277-161d-4dc5-8828-dfd4df09ad94"},"done":false}
[debug] [2025-12-03T18:49:04.096Z] <<< [apiv2][status] GET https://cloudfunctions.googleapis.com/v2/projects/glucose-goose/locations/us-central1/operations/operation-1764787736763-64510aa275d76-65ea64d3-7b0d2fe9 200
[debug] [2025-12-03T18:49:04.097Z] <<< [apiv2][body] GET https://cloudfunctions.googleapis.com/v2/projects/glucose-goose/locations/us-central1/operations/operation-1764787736763-64510aa275d76-65ea64d3-7b0d2fe9 {"name":"projects/glucose-goose/locations/us-central1/operations/operation-1764787736763-64510aa275d76-65ea64d3-7b0d2fe9","metadata":{"@type":"type.googleapis.com/google.cloud.functions.v2.OperationMetadata","createTime":"2025-12-03T18:48:57.325704143Z","target":"projects/glucose-goose/locations/us-central1/functions/updateTreatment","verb":"update","cancelRequested":false,"apiVersion":"v2","requestResource":{"@type":"type.googleapis.com/google.cloud.functions.v2.Function","name":"projects/glucose-goose/locations/us-central1/functions/updateTreatment","buildConfig":{"runtime":"nodejs24","entryPoint":"updateTreatment","source":{"storageSource":{"bucket":"gcf-v2-sources-101841828420-us-central1","object":"updateTreatment/function-source.zip","generation":"1764787737282647"}},"environmentVariables":{"GOOGLE_NODE_RUN_SCRIPTS":""},"dockerRepository":"projects/glucose-goose/locations/us-central1/repositories/gcf-artifacts","serviceAccount":"projects/glucose-goose/serviceAccounts/101841828420-compute@developer.gserviceaccount.com","automaticUpdatePolicy":{}},"serviceConfig":{"service":"projects/glucose-goose/locations/us-central1/services/updatetreatment","timeoutSeconds":60,"environmentVariables":{"FIREBASE_CONFIG":"{\"projectId\":\"glucose-goose\",\"storageBucket\":\"glucose-goose.firebasestorage.app\"}","GCLOUD_PROJECT":"glucose-goose","EVENTARC_CLOUD_EVENT_SOURCE":"projects/glucose-goose/locations/us-central1/services/updateTreatment","FUNCTION_TARGET":"updateTreatment","LOG_EXECUTION_ID":"true","FUNCTION_SIGNATURE_TYPE":"http"},"ingressSettings":"ALLOW_ALL","uri":"https://updatetreatment-ft7us77rra-uc.a.run.app","serviceAccountEmail":"101841828420-compute@developer.gserviceaccount.com","availableMemory":"256Mi","allTrafficOnLatestRevision":true,"revision":"updatetreatment-00015-say","maxInstanceRequestConcurrency":80,"availableCpu":"1"},"state":"ACTIVE","labels":{"deployment-tool":"cli-firebase","firebase-functions-hash":"2503a7df87e0207037f5c1ac0e69a86deec4e126"},"environment":"GEN_2","url":"https://us-central1-glucose-goose.cloudfunctions.net/updateTreatment","satisfiesPzi":true},"stages":[{"name":"BUILD","message":"Build in progress","state":"IN_PROGRESS","resource":"projects/101841828420/locations/us-central1/builds/ca2d353f-89b4-4cd6-8757-3e63c92e4cb3","resourceUri":"https://console.cloud.google.com/cloud-build/builds;region=us-central1/ca2d353f-89b4-4cd6-8757-3e63c92e4cb3?project=101841828420"},{"name":"SERVICE","state":"NOT_STARTED"}],"operationType":"UPDATE_FUNCTION","buildName":"projects/101841828420/locations/us-central1/builds/ca2d353f-89b4-4cd6-8757-3e63c92e4cb3"},"done":false}
[debug] [2025-12-03T18:49:04.165Z] <<< [apiv2][status] GET https://cloudfunctions.googleapis.com/v2/projects/glucose-goose/locations/us-central1/operations/operation-1764787736809-64510aa280f39-3485537d-c91d4a75 200
[debug] [2025-12-03T18:49:04.166Z] <<< [apiv2][body] GET https://cloudfunctions.googleapis.com/v2/projects/glucose-goose/locations/us-central1/operations/operation-1764787736809-64510aa280f39-3485537d-c91d4a75 {"name":"projects/glucose-goose/locations/us-central1/operations/operation-1764787736809-64510aa280f39-3485537d-c91d4a75","metadata":{"@type":"type.googleapis.com/google.cloud.functions.v2.OperationMetadata","createTime":"2025-12-03T18:48:57.393265238Z","target":"projects/glucose-goose/locations/us-central1/functions/getNightscoutBundle","verb":"update","cancelRequested":false,"apiVersion":"v2","requestResource":{"@type":"type.googleapis.com/google.cloud.functions.v2.Function","name":"projects/glucose-goose/locations/us-central1/functions/getNightscoutBundle","buildConfig":{"runtime":"nodejs24","entryPoint":"getNightscoutBundle","source":{"storageSource":{"bucket":"gcf-v2-sources-101841828420-us-central1","object":"getNightscoutBundle/function-source.zip","generation":"1764787737343823"}},"environmentVariables":{"GOOGLE_NODE_RUN_SCRIPTS":""},"dockerRepository":"projects/glucose-goose/locations/us-central1/repositories/gcf-artifacts","serviceAccount":"projects/glucose-goose/serviceAccounts/101841828420-compute@developer.gserviceaccount.com","automaticUpdatePolicy":{}},"serviceConfig":{"service":"projects/glucose-goose/locations/us-central1/services/getnightscoutbundle","timeoutSeconds":60,"environmentVariables":{"FIREBASE_CONFIG":"{\"projectId\":\"glucose-goose\",\"storageBucket\":\"glucose-goose.firebasestorage.app\"}","GCLOUD_PROJECT":"glucose-goose","EVENTARC_CLOUD_EVENT_SOURCE":"projects/glucose-goose/locations/us-central1/services/getNightscoutBundle","FUNCTION_TARGET":"getNightscoutBundle","LOG_EXECUTION_ID":"true","FUNCTION_SIGNATURE_TYPE":"http"},"ingressSettings":"ALLOW_ALL","uri":"https://getnightscoutbundle-ft7us77rra-uc.a.run.app","serviceAccountEmail":"101841828420-compute@developer.gserviceaccount.com","availableMemory":"256Mi","allTrafficOnLatestRevision":true,"revision":"getnightscoutbundle-00024-rug","maxInstanceRequestConcurrency":80,"availableCpu":"1"},"state":"ACTIVE","labels":{"deployment-tool":"cli-firebase","firebase-functions-hash":"2503a7df87e0207037f5c1ac0e69a86deec4e126"},"environment":"GEN_2","url":"https://us-central1-glucose-goose.cloudfunctions.net/getNightscoutBundle","satisfiesPzi":true},"stages":[{"name":"BUILD","message":"Build in progress","state":"IN_PROGRESS","resource":"projects/101841828420/locations/us-central1/builds/076e798e-2272-48dc-95f2-93d821b0a053","resourceUri":"https://console.cloud.google.com/cloud-build/builds;region=us-central1/076e798e-2272-48dc-95f2-93d821b0a053?project=101841828420"},{"name":"SERVICE","state":"NOT_STARTED"}],"operationType":"UPDATE_FUNCTION","buildName":"projects/101841828420/locations/us-central1/builds/076e798e-2272-48dc-95f2-93d821b0a053"},"done":false}
[debug] [2025-12-03T18:49:07.443Z] [update-default-us-central1-deleteTreatment] Retrying task index 0
[debug] [2025-12-03T18:49:07.444Z] Checked if tokens are valid: true, expires at: 1764789425255
[debug] [2025-12-03T18:49:07.444Z] Checked if tokens are valid: true, expires at: 1764789425255
[debug] [2025-12-03T18:49:07.444Z] >>> [apiv2][query] GET https://cloudfunctions.googleapis.com/v2/projects/glucose-goose/locations/us-central1/operations/operation-1764787736643-64510aa2587bb-99ffc402-ee6ce262 [none]
[debug] [2025-12-03T18:49:07.581Z] [update-default-us-central1-simulateGlucose] Retrying task index 0
[debug] [2025-12-03T18:49:07.581Z] Checked if tokens are valid: true, expires at: 1764789425255
[debug] [2025-12-03T18:49:07.581Z] Checked if tokens are valid: true, expires at: 1764789425255
[debug] [2025-12-03T18:49:07.582Z] >>> [apiv2][query] GET https://cloudfunctions.googleapis.com/v2/projects/glucose-goose/locations/us-central1/operations/operation-1764787736765-64510aa276605-ad9c5253-a78eac3b [none]
[debug] [2025-12-03T18:49:08.098Z] [update-default-us-central1-updateTreatment] Retrying task index 0
[debug] [2025-12-03T18:49:08.099Z] Checked if tokens are valid: true, expires at: 1764789425255
[debug] [2025-12-03T18:49:08.099Z] Checked if tokens are valid: true, expires at: 1764789425255
[debug] [2025-12-03T18:49:08.100Z] >>> [apiv2][query] GET https://cloudfunctions.googleapis.com/v2/projects/glucose-goose/locations/us-central1/operations/operation-1764787736763-64510aa275d76-65ea64d3-7b0d2fe9 [none]
[debug] [2025-12-03T18:49:08.167Z] [update-default-us-central1-getNightscoutBundle] Retrying task index 0
[debug] [2025-12-03T18:49:08.168Z] Checked if tokens are valid: true, expires at: 1764789425255
[debug] [2025-12-03T18:49:08.168Z] Checked if tokens are valid: true, expires at: 1764789425255
[debug] [2025-12-03T18:49:08.168Z] >>> [apiv2][query] GET https://cloudfunctions.googleapis.com/v2/projects/glucose-goose/locations/us-central1/operations/operation-1764787736809-64510aa280f39-3485537d-c91d4a75 [none]
[debug] [2025-12-03T18:49:08.220Z] <<< [apiv2][status] GET https://cloudfunctions.googleapis.com/v2/projects/glucose-goose/locations/us-central1/operations/operation-1764787736643-64510aa2587bb-99ffc402-ee6ce262 200
[debug] [2025-12-03T18:49:08.221Z] <<< [apiv2][body] GET https://cloudfunctions.googleapis.com/v2/projects/glucose-goose/locations/us-central1/operations/operation-1764787736643-64510aa2587bb-99ffc402-ee6ce262 {"name":"projects/glucose-goose/locations/us-central1/operations/operation-1764787736643-64510aa2587bb-99ffc402-ee6ce262","metadata":{"@type":"type.googleapis.com/google.cloud.functions.v2.OperationMetadata","createTime":"2025-12-03T18:48:57.226871605Z","target":"projects/glucose-goose/locations/us-central1/functions/deleteTreatment","verb":"update","cancelRequested":false,"apiVersion":"v2","requestResource":{"@type":"type.googleapis.com/google.cloud.functions.v2.Function","name":"projects/glucose-goose/locations/us-central1/functions/deleteTreatment","buildConfig":{"runtime":"nodejs24","entryPoint":"deleteTreatment","source":{"storageSource":{"bucket":"gcf-v2-sources-101841828420-us-central1","object":"deleteTreatment/function-source.zip","generation":"1764787737181534"}},"environmentVariables":{"GOOGLE_NODE_RUN_SCRIPTS":""},"dockerRepository":"projects/glucose-goose/locations/us-central1/repositories/gcf-artifacts","serviceAccount":"projects/glucose-goose/serviceAccounts/101841828420-compute@developer.gserviceaccount.com","automaticUpdatePolicy":{}},"serviceConfig":{"service":"projects/glucose-goose/locations/us-central1/services/deletetreatment","timeoutSeconds":60,"environmentVariables":{"FIREBASE_CONFIG":"{\"projectId\":\"glucose-goose\",\"storageBucket\":\"glucose-goose.firebasestorage.app\"}","GCLOUD_PROJECT":"glucose-goose","EVENTARC_CLOUD_EVENT_SOURCE":"projects/glucose-goose/locations/us-central1/services/deleteTreatment","FUNCTION_TARGET":"deleteTreatment","LOG_EXECUTION_ID":"true","FUNCTION_SIGNATURE_TYPE":"http"},"ingressSettings":"ALLOW_ALL","uri":"https://deletetreatment-ft7us77rra-uc.a.run.app","serviceAccountEmail":"101841828420-compute@developer.gserviceaccount.com","availableMemory":"256Mi","allTrafficOnLatestRevision":true,"revision":"deletetreatment-00009-mek","maxInstanceRequestConcurrency":80,"availableCpu":"1"},"state":"ACTIVE","labels":{"deployment-tool":"cli-firebase","firebase-functions-hash":"2503a7df87e0207037f5c1ac0e69a86deec4e126"},"environment":"GEN_2","url":"https://us-central1-glucose-goose.cloudfunctions.net/deleteTreatment","satisfiesPzi":true},"stages":[{"name":"BUILD","message":"Build in progress","state":"IN_PROGRESS","resource":"projects/101841828420/locations/us-central1/builds/e551ca76-e8df-45b4-a9fb-6d8e74c47053","resourceUri":"https://console.cloud.google.com/cloud-build/builds;region=us-central1/e551ca76-e8df-45b4-a9fb-6d8e74c47053?project=101841828420"},{"name":"SERVICE","state":"NOT_STARTED"}],"operationType":"UPDATE_FUNCTION","buildName":"projects/101841828420/locations/us-central1/builds/e551ca76-e8df-45b4-a9fb-6d8e74c47053"},"done":false}
[debug] [2025-12-03T18:49:08.239Z] <<< [apiv2][status] GET https://cloudfunctions.googleapis.com/v2/projects/glucose-goose/locations/us-central1/operations/operation-1764787736765-64510aa276605-ad9c5253-a78eac3b 200
[debug] [2025-12-03T18:49:08.240Z] <<< [apiv2][body] GET https://cloudfunctions.googleapis.com/v2/projects/glucose-goose/locations/us-central1/operations/operation-1764787736765-64510aa276605-ad9c5253-a78eac3b {"name":"projects/glucose-goose/locations/us-central1/operations/operation-1764787736765-64510aa276605-ad9c5253-a78eac3b","metadata":{"@type":"type.googleapis.com/google.cloud.functions.v2.OperationMetadata","createTime":"2025-12-03T18:48:57.280574682Z","target":"projects/glucose-goose/locations/us-central1/functions/simulateGlucose","verb":"update","cancelRequested":false,"apiVersion":"v2","requestResource":{"@type":"type.googleapis.com/google.cloud.functions.v2.Function","name":"projects/glucose-goose/locations/us-central1/functions/simulateGlucose","buildConfig":{"runtime":"nodejs24","entryPoint":"simulateGlucose","source":{"storageSource":{"bucket":"gcf-v2-sources-101841828420-us-central1","object":"simulateGlucose/function-source.zip","generation":"1764787737234353"}},"environmentVariables":{"GOOGLE_NODE_RUN_SCRIPTS":""},"dockerRepository":"projects/glucose-goose/locations/us-central1/repositories/gcf-artifacts","serviceAccount":"projects/glucose-goose/serviceAccounts/101841828420-compute@developer.gserviceaccount.com","automaticUpdatePolicy":{}},"serviceConfig":{"service":"projects/glucose-goose/locations/us-central1/services/simulateglucose","timeoutSeconds":60,"environmentVariables":{"FIREBASE_CONFIG":"{\"projectId\":\"glucose-goose\",\"storageBucket\":\"glucose-goose.firebasestorage.app\"}","GCLOUD_PROJECT":"glucose-goose","EVENTARC_CLOUD_EVENT_SOURCE":"projects/glucose-goose/locations/us-central1/services/simulateGlucose","FUNCTION_TARGET":"simulateGlucose","LOG_EXECUTION_ID":"true","FUNCTION_SIGNATURE_TYPE":"http"},"ingressSettings":"ALLOW_ALL","uri":"https://simulateglucose-ft7us77rra-uc.a.run.app","serviceAccountEmail":"101841828420-compute@developer.gserviceaccount.com","availableMemory":"256Mi","allTrafficOnLatestRevision":true,"secretEnvironmentVariables":[{"key":"NIGHTSCOUT_API_SECRET","projectId":"glucose-goose","secret":"NIGHTSCOUT_API_SECRET","version":"2"},{"key":"NIGHTSCOUT_URL","projectId":"glucose-goose","secret":"NIGHTSCOUT_URL","version":"1"}],"revision":"simulateglucose-00004-poh","maxInstanceRequestConcurrency":80,"availableCpu":"1"},"state":"ACTIVE","labels":{"deployment-tool":"cli-firebase","deployment-scheduled":"true","firebase-functions-hash":"312d19ecc6e89dbcbf4786f242c586d4457fbda3"},"environment":"GEN_2","url":"https://us-central1-glucose-goose.cloudfunctions.net/simulateGlucose","satisfiesPzi":true},"stages":[{"name":"BUILD","message":"Build in progress","state":"IN_PROGRESS","resource":"projects/101841828420/locations/us-central1/builds/ffb9c277-161d-4dc5-8828-dfd4df09ad94","resourceUri":"https://console.cloud.google.com/cloud-build/builds;region=us-central1/ffb9c277-161d-4dc5-8828-dfd4df09ad94?project=101841828420"},{"name":"SERVICE","state":"NOT_STARTED"}],"operationType":"UPDATE_FUNCTION","buildName":"projects/101841828420/locations/us-central1/builds/ffb9c277-161d-4dc5-8828-dfd4df09ad94"},"done":false}
[debug] [2025-12-03T18:49:08.334Z] <<< [apiv2][status] GET https://cloudfunctions.googleapis.com/v2/projects/glucose-goose/locations/us-central1/operations/operation-1764787736763-64510aa275d76-65ea64d3-7b0d2fe9 200
[debug] [2025-12-03T18:49:08.335Z] <<< [apiv2][body] GET https://cloudfunctions.googleapis.com/v2/projects/glucose-goose/locations/us-central1/operations/operation-1764787736763-64510aa275d76-65ea64d3-7b0d2fe9 {"name":"projects/glucose-goose/locations/us-central1/operations/operation-1764787736763-64510aa275d76-65ea64d3-7b0d2fe9","metadata":{"@type":"type.googleapis.com/google.cloud.functions.v2.OperationMetadata","createTime":"2025-12-03T18:48:57.325704143Z","target":"projects/glucose-goose/locations/us-central1/functions/updateTreatment","verb":"update","cancelRequested":false,"apiVersion":"v2","requestResource":{"@type":"type.googleapis.com/google.cloud.functions.v2.Function","name":"projects/glucose-goose/locations/us-central1/functions/updateTreatment","buildConfig":{"runtime":"nodejs24","entryPoint":"updateTreatment","source":{"storageSource":{"bucket":"gcf-v2-sources-101841828420-us-central1","object":"updateTreatment/function-source.zip","generation":"1764787737282647"}},"environmentVariables":{"GOOGLE_NODE_RUN_SCRIPTS":""},"dockerRepository":"projects/glucose-goose/locations/us-central1/repositories/gcf-artifacts","serviceAccount":"projects/glucose-goose/serviceAccounts/101841828420-compute@developer.gserviceaccount.com","automaticUpdatePolicy":{}},"serviceConfig":{"service":"projects/glucose-goose/locations/us-central1/services/updatetreatment","timeoutSeconds":60,"environmentVariables":{"FIREBASE_CONFIG":"{\"projectId\":\"glucose-goose\",\"storageBucket\":\"glucose-goose.firebasestorage.app\"}","GCLOUD_PROJECT":"glucose-goose","EVENTARC_CLOUD_EVENT_SOURCE":"projects/glucose-goose/locations/us-central1/services/updateTreatment","FUNCTION_TARGET":"updateTreatment","LOG_EXECUTION_ID":"true","FUNCTION_SIGNATURE_TYPE":"http"},"ingressSettings":"ALLOW_ALL","uri":"https://updatetreatment-ft7us77rra-uc.a.run.app","serviceAccountEmail":"101841828420-compute@developer.gserviceaccount.com","availableMemory":"256Mi","allTrafficOnLatestRevision":true,"revision":"updatetreatment-00015-say","maxInstanceRequestConcurrency":80,"availableCpu":"1"},"state":"ACTIVE","labels":{"deployment-tool":"cli-firebase","firebase-functions-hash":"2503a7df87e0207037f5c1ac0e69a86deec4e126"},"environment":"GEN_2","url":"https://us-central1-glucose-goose.cloudfunctions.net/updateTreatment","satisfiesPzi":true},"stages":[{"name":"BUILD","message":"Build in progress","state":"IN_PROGRESS","resource":"projects/101841828420/locations/us-central1/builds/ca2d353f-89b4-4cd6-8757-3e63c92e4cb3","resourceUri":"https://console.cloud.google.com/cloud-build/builds;region=us-central1/ca2d353f-89b4-4cd6-8757-3e63c92e4cb3?project=101841828420"},{"name":"SERVICE","state":"NOT_STARTED"}],"operationType":"UPDATE_FUNCTION","buildName":"projects/101841828420/locations/us-central1/builds/ca2d353f-89b4-4cd6-8757-3e63c92e4cb3"},"done":false}
[debug] [2025-12-03T18:49:08.396Z] <<< [apiv2][status] GET https://cloudfunctions.googleapis.com/v2/projects/glucose-goose/locations/us-central1/operations/operation-1764787736809-64510aa280f39-3485537d-c91d4a75 200
[debug] [2025-12-03T18:49:08.396Z] <<< [apiv2][body] GET https://cloudfunctions.googleapis.com/v2/projects/glucose-goose/locations/us-central1/operations/operation-1764787736809-64510aa280f39-3485537d-c91d4a75 {"name":"projects/glucose-goose/locations/us-central1/operations/operation-1764787736809-64510aa280f39-3485537d-c91d4a75","metadata":{"@type":"type.googleapis.com/google.cloud.functions.v2.OperationMetadata","createTime":"2025-12-03T18:48:57.393265238Z","target":"projects/glucose-goose/locations/us-central1/functions/getNightscoutBundle","verb":"update","cancelRequested":false,"apiVersion":"v2","requestResource":{"@type":"type.googleapis.com/google.cloud.functions.v2.Function","name":"projects/glucose-goose/locations/us-central1/functions/getNightscoutBundle","buildConfig":{"runtime":"nodejs24","entryPoint":"getNightscoutBundle","source":{"storageSource":{"bucket":"gcf-v2-sources-101841828420-us-central1","object":"getNightscoutBundle/function-source.zip","generation":"1764787737343823"}},"environmentVariables":{"GOOGLE_NODE_RUN_SCRIPTS":""},"dockerRepository":"projects/glucose-goose/locations/us-central1/repositories/gcf-artifacts","serviceAccount":"projects/glucose-goose/serviceAccounts/101841828420-compute@developer.gserviceaccount.com","automaticUpdatePolicy":{}},"serviceConfig":{"service":"projects/glucose-goose/locations/us-central1/services/getnightscoutbundle","timeoutSeconds":60,"environmentVariables":{"FIREBASE_CONFIG":"{\"projectId\":\"glucose-goose\",\"storageBucket\":\"glucose-goose.firebasestorage.app\"}","GCLOUD_PROJECT":"glucose-goose","EVENTARC_CLOUD_EVENT_SOURCE":"projects/glucose-goose/locations/us-central1/services/getNightscoutBundle","FUNCTION_TARGET":"getNightscoutBundle","LOG_EXECUTION_ID":"true","FUNCTION_SIGNATURE_TYPE":"http"},"ingressSettings":"ALLOW_ALL","uri":"https://getnightscoutbundle-ft7us77rra-uc.a.run.app","serviceAccountEmail":"101841828420-compute@developer.gserviceaccount.com","availableMemory":"256Mi","allTrafficOnLatestRevision":true,"revision":"getnightscoutbundle-00024-rug","maxInstanceRequestConcurrency":80,"availableCpu":"1"},"state":"ACTIVE","labels":{"deployment-tool":"cli-firebase","firebase-functions-hash":"2503a7df87e0207037f5c1ac0e69a86deec4e126"},"environment":"GEN_2","url":"https://us-central1-glucose-goose.cloudfunctions.net/getNightscoutBundle","satisfiesPzi":true},"stages":[{"name":"BUILD","message":"Build in progress","state":"IN_PROGRESS","resource":"projects/101841828420/locations/us-central1/builds/076e798e-2272-48dc-95f2-93d821b0a053","resourceUri":"https://console.cloud.google.com/cloud-build/builds;region=us-central1/076e798e-2272-48dc-95f2-93d821b0a053?project=101841828420"},{"name":"SERVICE","state":"NOT_STARTED"}],"operationType":"UPDATE_FUNCTION","buildName":"projects/101841828420/locations/us-central1/builds/076e798e-2272-48dc-95f2-93d821b0a053"},"done":false}
[debug] [2025-12-03T18:49:16.224Z] [update-default-us-central1-deleteTreatment] Retrying task index 0
[debug] [2025-12-03T18:49:16.225Z] Checked if tokens are valid: true, expires at: 1764789425255
[debug] [2025-12-03T18:49:16.225Z] Checked if tokens are valid: true, expires at: 1764789425255
[debug] [2025-12-03T18:49:16.225Z] >>> [apiv2][query] GET https://cloudfunctions.googleapis.com/v2/projects/glucose-goose/locations/us-central1/operations/operation-1764787736643-64510aa2587bb-99ffc402-ee6ce262 [none]
[debug] [2025-12-03T18:49:16.241Z] [update-default-us-central1-simulateGlucose] Retrying task index 0
[debug] [2025-12-03T18:49:16.241Z] Checked if tokens are valid: true, expires at: 1764789425255
[debug] [2025-12-03T18:49:16.242Z] Checked if tokens are valid: true, expires at: 1764789425255
[debug] [2025-12-03T18:49:16.242Z] >>> [apiv2][query] GET https://cloudfunctions.googleapis.com/v2/projects/glucose-goose/locations/us-central1/operations/operation-1764787736765-64510aa276605-ad9c5253-a78eac3b [none]
[debug] [2025-12-03T18:49:16.338Z] [update-default-us-central1-updateTreatment] Retrying task index 0
[debug] [2025-12-03T18:49:16.339Z] Checked if tokens are valid: true, expires at: 1764789425255
[debug] [2025-12-03T18:49:16.339Z] Checked if tokens are valid: true, expires at: 1764789425255
[debug] [2025-12-03T18:49:16.339Z] >>> [apiv2][query] GET https://cloudfunctions.googleapis.com/v2/projects/glucose-goose/locations/us-central1/operations/operation-1764787736763-64510aa275d76-65ea64d3-7b0d2fe9 [none]
[debug] [2025-12-03T18:49:16.397Z] [update-default-us-central1-getNightscoutBundle] Retrying task index 0
[debug] [2025-12-03T18:49:16.399Z] Checked if tokens are valid: true, expires at: 1764789425255
[debug] [2025-12-03T18:49:16.399Z] Checked if tokens are valid: true, expires at: 1764789425255
[debug] [2025-12-03T18:49:16.400Z] >>> [apiv2][query] GET https://cloudfunctions.googleapis.com/v2/projects/glucose-goose/locations/us-central1/operations/operation-1764787736809-64510aa280f39-3485537d-c91d4a75 [none]
[debug] [2025-12-03T18:49:17.050Z] <<< [apiv2][status] GET https://cloudfunctions.googleapis.com/v2/projects/glucose-goose/locations/us-central1/operations/operation-1764787736643-64510aa2587bb-99ffc402-ee6ce262 200
[debug] [2025-12-03T18:49:17.051Z] <<< [apiv2][body] GET https://cloudfunctions.googleapis.com/v2/projects/glucose-goose/locations/us-central1/operations/operation-1764787736643-64510aa2587bb-99ffc402-ee6ce262 {"name":"projects/glucose-goose/locations/us-central1/operations/operation-1764787736643-64510aa2587bb-99ffc402-ee6ce262","metadata":{"@type":"type.googleapis.com/google.cloud.functions.v2.OperationMetadata","createTime":"2025-12-03T18:48:57.226871605Z","target":"projects/glucose-goose/locations/us-central1/functions/deleteTreatment","verb":"update","cancelRequested":false,"apiVersion":"v2","requestResource":{"@type":"type.googleapis.com/google.cloud.functions.v2.Function","name":"projects/glucose-goose/locations/us-central1/functions/deleteTreatment","buildConfig":{"runtime":"nodejs24","entryPoint":"deleteTreatment","source":{"storageSource":{"bucket":"gcf-v2-sources-101841828420-us-central1","object":"deleteTreatment/function-source.zip","generation":"1764787737181534"}},"environmentVariables":{"GOOGLE_NODE_RUN_SCRIPTS":""},"dockerRepository":"projects/glucose-goose/locations/us-central1/repositories/gcf-artifacts","serviceAccount":"projects/glucose-goose/serviceAccounts/101841828420-compute@developer.gserviceaccount.com","automaticUpdatePolicy":{}},"serviceConfig":{"service":"projects/glucose-goose/locations/us-central1/services/deletetreatment","timeoutSeconds":60,"environmentVariables":{"FIREBASE_CONFIG":"{\"projectId\":\"glucose-goose\",\"storageBucket\":\"glucose-goose.firebasestorage.app\"}","GCLOUD_PROJECT":"glucose-goose","EVENTARC_CLOUD_EVENT_SOURCE":"projects/glucose-goose/locations/us-central1/services/deleteTreatment","FUNCTION_TARGET":"deleteTreatment","LOG_EXECUTION_ID":"true","FUNCTION_SIGNATURE_TYPE":"http"},"ingressSettings":"ALLOW_ALL","uri":"https://deletetreatment-ft7us77rra-uc.a.run.app","serviceAccountEmail":"101841828420-compute@developer.gserviceaccount.com","availableMemory":"256Mi","allTrafficOnLatestRevision":true,"revision":"deletetreatment-00009-mek","maxInstanceRequestConcurrency":80,"availableCpu":"1"},"state":"ACTIVE","labels":{"deployment-tool":"cli-firebase","firebase-functions-hash":"2503a7df87e0207037f5c1ac0e69a86deec4e126"},"environment":"GEN_2","url":"https://us-central1-glucose-goose.cloudfunctions.net/deleteTreatment","satisfiesPzi":true},"stages":[{"name":"BUILD","message":"Build in progress","state":"IN_PROGRESS","resource":"projects/101841828420/locations/us-central1/builds/e551ca76-e8df-45b4-a9fb-6d8e74c47053","resourceUri":"https://console.cloud.google.com/cloud-build/builds;region=us-central1/e551ca76-e8df-45b4-a9fb-6d8e74c47053?project=101841828420"},{"name":"SERVICE","state":"NOT_STARTED"}],"operationType":"UPDATE_FUNCTION","buildName":"projects/101841828420/locations/us-central1/builds/e551ca76-e8df-45b4-a9fb-6d8e74c47053"},"done":false}
[debug] [2025-12-03T18:49:17.093Z] <<< [apiv2][status] GET https://cloudfunctions.googleapis.com/v2/projects/glucose-goose/locations/us-central1/operations/operation-1764787736765-64510aa276605-ad9c5253-a78eac3b 200
[debug] [2025-12-03T18:49:17.094Z] <<< [apiv2][body] GET https://cloudfunctions.googleapis.com/v2/projects/glucose-goose/locations/us-central1/operations/operation-1764787736765-64510aa276605-ad9c5253-a78eac3b {"name":"projects/glucose-goose/locations/us-central1/operations/operation-1764787736765-64510aa276605-ad9c5253-a78eac3b","metadata":{"@type":"type.googleapis.com/google.cloud.functions.v2.OperationMetadata","createTime":"2025-12-03T18:48:57.280574682Z","target":"projects/glucose-goose/locations/us-central1/functions/simulateGlucose","verb":"update","cancelRequested":false,"apiVersion":"v2","requestResource":{"@type":"type.googleapis.com/google.cloud.functions.v2.Function","name":"projects/glucose-goose/locations/us-central1/functions/simulateGlucose","buildConfig":{"runtime":"nodejs24","entryPoint":"simulateGlucose","source":{"storageSource":{"bucket":"gcf-v2-sources-101841828420-us-central1","object":"simulateGlucose/function-source.zip","generation":"1764787737234353"}},"environmentVariables":{"GOOGLE_NODE_RUN_SCRIPTS":""},"dockerRepository":"projects/glucose-goose/locations/us-central1/repositories/gcf-artifacts","serviceAccount":"projects/glucose-goose/serviceAccounts/101841828420-compute@developer.gserviceaccount.com","automaticUpdatePolicy":{}},"serviceConfig":{"service":"projects/glucose-goose/locations/us-central1/services/simulateglucose","timeoutSeconds":60,"environmentVariables":{"FIREBASE_CONFIG":"{\"projectId\":\"glucose-goose\",\"storageBucket\":\"glucose-goose.firebasestorage.app\"}","GCLOUD_PROJECT":"glucose-goose","EVENTARC_CLOUD_EVENT_SOURCE":"projects/glucose-goose/locations/us-central1/services/simulateGlucose","FUNCTION_TARGET":"simulateGlucose","LOG_EXECUTION_ID":"true","FUNCTION_SIGNATURE_TYPE":"http"},"ingressSettings":"ALLOW_ALL","uri":"https://simulateglucose-ft7us77rra-uc.a.run.app","serviceAccountEmail":"101841828420-compute@developer.gserviceaccount.com","availableMemory":"256Mi","allTrafficOnLatestRevision":true,"secretEnvironmentVariables":[{"key":"NIGHTSCOUT_API_SECRET","projectId":"glucose-goose","secret":"NIGHTSCOUT_API_SECRET","version":"2"},{"key":"NIGHTSCOUT_URL","projectId":"glucose-goose","secret":"NIGHTSCOUT_URL","version":"1"}],"revision":"simulateglucose-00004-poh","maxInstanceRequestConcurrency":80,"availableCpu":"1"},"state":"ACTIVE","labels":{"deployment-tool":"cli-firebase","deployment-scheduled":"true","firebase-functions-hash":"312d19ecc6e89dbcbf4786f242c586d4457fbda3"},"environment":"GEN_2","url":"https://us-central1-glucose-goose.cloudfunctions.net/simulateGlucose","satisfiesPzi":true},"stages":[{"name":"BUILD","message":"Build in progress","state":"IN_PROGRESS","resource":"projects/101841828420/locations/us-central1/builds/ffb9c277-161d-4dc5-8828-dfd4df09ad94","resourceUri":"https://console.cloud.google.com/cloud-build/builds;region=us-central1/ffb9c277-161d-4dc5-8828-dfd4df09ad94?project=101841828420"},{"name":"SERVICE","state":"NOT_STARTED"}],"operationType":"UPDATE_FUNCTION","buildName":"projects/101841828420/locations/us-central1/builds/ffb9c277-161d-4dc5-8828-dfd4df09ad94"},"done":false}
[debug] [2025-12-03T18:49:17.222Z] <<< [apiv2][status] GET https://cloudfunctions.googleapis.com/v2/projects/glucose-goose/locations/us-central1/operations/operation-1764787736763-64510aa275d76-65ea64d3-7b0d2fe9 200
[debug] [2025-12-03T18:49:17.222Z] <<< [apiv2][body] GET https://cloudfunctions.googleapis.com/v2/projects/glucose-goose/locations/us-central1/operations/operation-1764787736763-64510aa275d76-65ea64d3-7b0d2fe9 {"name":"projects/glucose-goose/locations/us-central1/operations/operation-1764787736763-64510aa275d76-65ea64d3-7b0d2fe9","metadata":{"@type":"type.googleapis.com/google.cloud.functions.v2.OperationMetadata","createTime":"2025-12-03T18:48:57.325704143Z","target":"projects/glucose-goose/locations/us-central1/functions/updateTreatment","verb":"update","cancelRequested":false,"apiVersion":"v2","requestResource":{"@type":"type.googleapis.com/google.cloud.functions.v2.Function","name":"projects/glucose-goose/locations/us-central1/functions/updateTreatment","buildConfig":{"runtime":"nodejs24","entryPoint":"updateTreatment","source":{"storageSource":{"bucket":"gcf-v2-sources-101841828420-us-central1","object":"updateTreatment/function-source.zip","generation":"1764787737282647"}},"environmentVariables":{"GOOGLE_NODE_RUN_SCRIPTS":""},"dockerRepository":"projects/glucose-goose/locations/us-central1/repositories/gcf-artifacts","serviceAccount":"projects/glucose-goose/serviceAccounts/101841828420-compute@developer.gserviceaccount.com","automaticUpdatePolicy":{}},"serviceConfig":{"service":"projects/glucose-goose/locations/us-central1/services/updatetreatment","timeoutSeconds":60,"environmentVariables":{"FIREBASE_CONFIG":"{\"projectId\":\"glucose-goose\",\"storageBucket\":\"glucose-goose.firebasestorage.app\"}","GCLOUD_PROJECT":"glucose-goose","EVENTARC_CLOUD_EVENT_SOURCE":"projects/glucose-goose/locations/us-central1/services/updateTreatment","FUNCTION_TARGET":"updateTreatment","LOG_EXECUTION_ID":"true","FUNCTION_SIGNATURE_TYPE":"http"},"ingressSettings":"ALLOW_ALL","uri":"https://updatetreatment-ft7us77rra-uc.a.run.app","serviceAccountEmail":"101841828420-compute@developer.gserviceaccount.com","availableMemory":"256Mi","allTrafficOnLatestRevision":true,"revision":"updatetreatment-00015-say","maxInstanceRequestConcurrency":80,"availableCpu":"1"},"state":"ACTIVE","labels":{"deployment-tool":"cli-firebase","firebase-functions-hash":"2503a7df87e0207037f5c1ac0e69a86deec4e126"},"environment":"GEN_2","url":"https://us-central1-glucose-goose.cloudfunctions.net/updateTreatment","satisfiesPzi":true},"stages":[{"name":"BUILD","message":"Build in progress","state":"IN_PROGRESS","resource":"projects/101841828420/locations/us-central1/builds/ca2d353f-89b4-4cd6-8757-3e63c92e4cb3","resourceUri":"https://console.cloud.google.com/cloud-build/builds;region=us-central1/ca2d353f-89b4-4cd6-8757-3e63c92e4cb3?project=101841828420"},{"name":"SERVICE","state":"NOT_STARTED"}],"operationType":"UPDATE_FUNCTION","buildName":"projects/101841828420/locations/us-central1/builds/ca2d353f-89b4-4cd6-8757-3e63c92e4cb3"},"done":false}
[debug] [2025-12-03T18:49:17.276Z] <<< [apiv2][status] GET https://cloudfunctions.googleapis.com/v2/projects/glucose-goose/locations/us-central1/operations/operation-1764787736809-64510aa280f39-3485537d-c91d4a75 200
[debug] [2025-12-03T18:49:17.276Z] <<< [apiv2][body] GET https://cloudfunctions.googleapis.com/v2/projects/glucose-goose/locations/us-central1/operations/operation-1764787736809-64510aa280f39-3485537d-c91d4a75 {"name":"projects/glucose-goose/locations/us-central1/operations/operation-1764787736809-64510aa280f39-3485537d-c91d4a75","metadata":{"@type":"type.googleapis.com/google.cloud.functions.v2.OperationMetadata","createTime":"2025-12-03T18:48:57.393265238Z","target":"projects/glucose-goose/locations/us-central1/functions/getNightscoutBundle","verb":"update","cancelRequested":false,"apiVersion":"v2","requestResource":{"@type":"type.googleapis.com/google.cloud.functions.v2.Function","name":"projects/glucose-goose/locations/us-central1/functions/getNightscoutBundle","buildConfig":{"runtime":"nodejs24","entryPoint":"getNightscoutBundle","source":{"storageSource":{"bucket":"gcf-v2-sources-101841828420-us-central1","object":"getNightscoutBundle/function-source.zip","generation":"1764787737343823"}},"environmentVariables":{"GOOGLE_NODE_RUN_SCRIPTS":""},"dockerRepository":"projects/glucose-goose/locations/us-central1/repositories/gcf-artifacts","serviceAccount":"projects/glucose-goose/serviceAccounts/101841828420-compute@developer.gserviceaccount.com","automaticUpdatePolicy":{}},"serviceConfig":{"service":"projects/glucose-goose/locations/us-central1/services/getnightscoutbundle","timeoutSeconds":60,"environmentVariables":{"FIREBASE_CONFIG":"{\"projectId\":\"glucose-goose\",\"storageBucket\":\"glucose-goose.firebasestorage.app\"}","GCLOUD_PROJECT":"glucose-goose","EVENTARC_CLOUD_EVENT_SOURCE":"projects/glucose-goose/locations/us-central1/services/getNightscoutBundle","FUNCTION_TARGET":"getNightscoutBundle","LOG_EXECUTION_ID":"true","FUNCTION_SIGNATURE_TYPE":"http"},"ingressSettings":"ALLOW_ALL","uri":"https://getnightscoutbundle-ft7us77rra-uc.a.run.app","serviceAccountEmail":"101841828420-compute@developer.gserviceaccount.com","availableMemory":"256Mi","allTrafficOnLatestRevision":true,"revision":"getnightscoutbundle-00024-rug","maxInstanceRequestConcurrency":80,"availableCpu":"1"},"state":"ACTIVE","labels":{"deployment-tool":"cli-firebase","firebase-functions-hash":"2503a7df87e0207037f5c1ac0e69a86deec4e126"},"environment":"GEN_2","url":"https://us-central1-glucose-goose.cloudfunctions.net/getNightscoutBundle","satisfiesPzi":true},"stages":[{"name":"BUILD","message":"Build in progress","state":"IN_PROGRESS","resource":"projects/101841828420/locations/us-central1/builds/076e798e-2272-48dc-95f2-93d821b0a053","resourceUri":"https://console.cloud.google.com/cloud-build/builds;region=us-central1/076e798e-2272-48dc-95f2-93d821b0a053?project=101841828420"},{"name":"SERVICE","state":"NOT_STARTED"}],"operationType":"UPDATE_FUNCTION","buildName":"projects/101841828420/locations/us-central1/builds/076e798e-2272-48dc-95f2-93d821b0a053"},"done":false}
[debug] [2025-12-03T18:49:27.056Z] [update-default-us-central1-deleteTreatment] Retrying task index 0
[debug] [2025-12-03T18:49:27.056Z] Checked if tokens are valid: true, expires at: 1764789425255
[debug] [2025-12-03T18:49:27.056Z] Checked if tokens are valid: true, expires at: 1764789425255
[debug] [2025-12-03T18:49:27.057Z] >>> [apiv2][query] GET https://cloudfunctions.googleapis.com/v2/projects/glucose-goose/locations/us-central1/operations/operation-1764787736643-64510aa2587bb-99ffc402-ee6ce262 [none]
[debug] [2025-12-03T18:49:27.095Z] [update-default-us-central1-simulateGlucose] Retrying task index 0
[debug] [2025-12-03T18:49:27.096Z] Checked if tokens are valid: true, expires at: 1764789425255
[debug] [2025-12-03T18:49:27.096Z] Checked if tokens are valid: true, expires at: 1764789425255
[debug] [2025-12-03T18:49:27.096Z] >>> [apiv2][query] GET https://cloudfunctions.googleapis.com/v2/projects/glucose-goose/locations/us-central1/operations/operation-1764787736765-64510aa276605-ad9c5253-a78eac3b [none]
[debug] [2025-12-03T18:49:27.223Z] [update-default-us-central1-updateTreatment] Retrying task index 0
[debug] [2025-12-03T18:49:27.224Z] Checked if tokens are valid: true, expires at: 1764789425255
[debug] [2025-12-03T18:49:27.224Z] Checked if tokens are valid: true, expires at: 1764789425255
[debug] [2025-12-03T18:49:27.225Z] >>> [apiv2][query] GET https://cloudfunctions.googleapis.com/v2/projects/glucose-goose/locations/us-central1/operations/operation-1764787736763-64510aa275d76-65ea64d3-7b0d2fe9 [none]
[debug] [2025-12-03T18:49:27.277Z] [update-default-us-central1-getNightscoutBundle] Retrying task index 0
[debug] [2025-12-03T18:49:27.278Z] Checked if tokens are valid: true, expires at: 1764789425255
[debug] [2025-12-03T18:49:27.278Z] Checked if tokens are valid: true, expires at: 1764789425255
[debug] [2025-12-03T18:49:27.278Z] >>> [apiv2][query] GET https://cloudfunctions.googleapis.com/v2/projects/glucose-goose/locations/us-central1/operations/operation-1764787736809-64510aa280f39-3485537d-c91d4a75 [none]
[debug] [2025-12-03T18:49:27.950Z] <<< [apiv2][status] GET https://cloudfunctions.googleapis.com/v2/projects/glucose-goose/locations/us-central1/operations/operation-1764787736643-64510aa2587bb-99ffc402-ee6ce262 200
[debug] [2025-12-03T18:49:27.950Z] <<< [apiv2][body] GET https://cloudfunctions.googleapis.com/v2/projects/glucose-goose/locations/us-central1/operations/operation-1764787736643-64510aa2587bb-99ffc402-ee6ce262 {"name":"projects/glucose-goose/locations/us-central1/operations/operation-1764787736643-64510aa2587bb-99ffc402-ee6ce262","metadata":{"@type":"type.googleapis.com/google.cloud.functions.v2.OperationMetadata","createTime":"2025-12-03T18:48:57.226871605Z","target":"projects/glucose-goose/locations/us-central1/functions/deleteTreatment","verb":"update","cancelRequested":false,"apiVersion":"v2","requestResource":{"@type":"type.googleapis.com/google.cloud.functions.v2.Function","name":"projects/glucose-goose/locations/us-central1/functions/deleteTreatment","buildConfig":{"runtime":"nodejs24","entryPoint":"deleteTreatment","source":{"storageSource":{"bucket":"gcf-v2-sources-101841828420-us-central1","object":"deleteTreatment/function-source.zip","generation":"1764787737181534"}},"environmentVariables":{"GOOGLE_NODE_RUN_SCRIPTS":""},"dockerRepository":"projects/glucose-goose/locations/us-central1/repositories/gcf-artifacts","serviceAccount":"projects/glucose-goose/serviceAccounts/101841828420-compute@developer.gserviceaccount.com","automaticUpdatePolicy":{}},"serviceConfig":{"service":"projects/glucose-goose/locations/us-central1/services/deletetreatment","timeoutSeconds":60,"environmentVariables":{"FIREBASE_CONFIG":"{\"projectId\":\"glucose-goose\",\"storageBucket\":\"glucose-goose.firebasestorage.app\"}","GCLOUD_PROJECT":"glucose-goose","EVENTARC_CLOUD_EVENT_SOURCE":"projects/glucose-goose/locations/us-central1/services/deleteTreatment","FUNCTION_TARGET":"deleteTreatment","LOG_EXECUTION_ID":"true","FUNCTION_SIGNATURE_TYPE":"http"},"ingressSettings":"ALLOW_ALL","uri":"https://deletetreatment-ft7us77rra-uc.a.run.app","serviceAccountEmail":"101841828420-compute@developer.gserviceaccount.com","availableMemory":"256Mi","allTrafficOnLatestRevision":true,"revision":"deletetreatment-00009-mek","maxInstanceRequestConcurrency":80,"availableCpu":"1"},"state":"ACTIVE","labels":{"deployment-tool":"cli-firebase","firebase-functions-hash":"2503a7df87e0207037f5c1ac0e69a86deec4e126"},"environment":"GEN_2","url":"https://us-central1-glucose-goose.cloudfunctions.net/deleteTreatment","satisfiesPzi":true},"stages":[{"name":"BUILD","message":"Build in progress","state":"IN_PROGRESS","resource":"projects/101841828420/locations/us-central1/builds/e551ca76-e8df-45b4-a9fb-6d8e74c47053","resourceUri":"https://console.cloud.google.com/cloud-build/builds;region=us-central1/e551ca76-e8df-45b4-a9fb-6d8e74c47053?project=101841828420"},{"name":"SERVICE","state":"NOT_STARTED"}],"operationType":"UPDATE_FUNCTION","buildName":"projects/101841828420/locations/us-central1/builds/e551ca76-e8df-45b4-a9fb-6d8e74c47053"},"done":false}
[debug] [2025-12-03T18:49:27.985Z] <<< [apiv2][status] GET https://cloudfunctions.googleapis.com/v2/projects/glucose-goose/locations/us-central1/operations/operation-1764787736765-64510aa276605-ad9c5253-a78eac3b 200
[debug] [2025-12-03T18:49:27.986Z] <<< [apiv2][body] GET https://cloudfunctions.googleapis.com/v2/projects/glucose-goose/locations/us-central1/operations/operation-1764787736765-64510aa276605-ad9c5253-a78eac3b {"name":"projects/glucose-goose/locations/us-central1/operations/operation-1764787736765-64510aa276605-ad9c5253-a78eac3b","metadata":{"@type":"type.googleapis.com/google.cloud.functions.v2.OperationMetadata","createTime":"2025-12-03T18:48:57.280574682Z","target":"projects/glucose-goose/locations/us-central1/functions/simulateGlucose","verb":"update","cancelRequested":false,"apiVersion":"v2","requestResource":{"@type":"type.googleapis.com/google.cloud.functions.v2.Function","name":"projects/glucose-goose/locations/us-central1/functions/simulateGlucose","buildConfig":{"runtime":"nodejs24","entryPoint":"simulateGlucose","source":{"storageSource":{"bucket":"gcf-v2-sources-101841828420-us-central1","object":"simulateGlucose/function-source.zip","generation":"1764787737234353"}},"environmentVariables":{"GOOGLE_NODE_RUN_SCRIPTS":""},"dockerRepository":"projects/glucose-goose/locations/us-central1/repositories/gcf-artifacts","serviceAccount":"projects/glucose-goose/serviceAccounts/101841828420-compute@developer.gserviceaccount.com","automaticUpdatePolicy":{}},"serviceConfig":{"service":"projects/glucose-goose/locations/us-central1/services/simulateglucose","timeoutSeconds":60,"environmentVariables":{"FIREBASE_CONFIG":"{\"projectId\":\"glucose-goose\",\"storageBucket\":\"glucose-goose.firebasestorage.app\"}","GCLOUD_PROJECT":"glucose-goose","EVENTARC_CLOUD_EVENT_SOURCE":"projects/glucose-goose/locations/us-central1/services/simulateGlucose","FUNCTION_TARGET":"simulateGlucose","LOG_EXECUTION_ID":"true","FUNCTION_SIGNATURE_TYPE":"http"},"ingressSettings":"ALLOW_ALL","uri":"https://simulateglucose-ft7us77rra-uc.a.run.app","serviceAccountEmail":"101841828420-compute@developer.gserviceaccount.com","availableMemory":"256Mi","allTrafficOnLatestRevision":true,"secretEnvironmentVariables":[{"key":"NIGHTSCOUT_API_SECRET","projectId":"glucose-goose","secret":"NIGHTSCOUT_API_SECRET","version":"2"},{"key":"NIGHTSCOUT_URL","projectId":"glucose-goose","secret":"NIGHTSCOUT_URL","version":"1"}],"revision":"simulateglucose-00004-poh","maxInstanceRequestConcurrency":80,"availableCpu":"1"},"state":"ACTIVE","labels":{"deployment-tool":"cli-firebase","deployment-scheduled":"true","firebase-functions-hash":"312d19ecc6e89dbcbf4786f242c586d4457fbda3"},"environment":"GEN_2","url":"https://us-central1-glucose-goose.cloudfunctions.net/simulateGlucose","satisfiesPzi":true},"stages":[{"name":"BUILD","message":"Build in progress","state":"IN_PROGRESS","resource":"projects/101841828420/locations/us-central1/builds/ffb9c277-161d-4dc5-8828-dfd4df09ad94","resourceUri":"https://console.cloud.google.com/cloud-build/builds;region=us-central1/ffb9c277-161d-4dc5-8828-dfd4df09ad94?project=101841828420"},{"name":"SERVICE","state":"NOT_STARTED"}],"operationType":"UPDATE_FUNCTION","buildName":"projects/101841828420/locations/us-central1/builds/ffb9c277-161d-4dc5-8828-dfd4df09ad94"},"done":false}
[debug] [2025-12-03T18:49:28.088Z] <<< [apiv2][status] GET https://cloudfunctions.googleapis.com/v2/projects/glucose-goose/locations/us-central1/operations/operation-1764787736763-64510aa275d76-65ea64d3-7b0d2fe9 200
[debug] [2025-12-03T18:49:28.088Z] <<< [apiv2][body] GET https://cloudfunctions.googleapis.com/v2/projects/glucose-goose/locations/us-central1/operations/operation-1764787736763-64510aa275d76-65ea64d3-7b0d2fe9 {"name":"projects/glucose-goose/locations/us-central1/operations/operation-1764787736763-64510aa275d76-65ea64d3-7b0d2fe9","metadata":{"@type":"type.googleapis.com/google.cloud.functions.v2.OperationMetadata","createTime":"2025-12-03T18:48:57.325704143Z","target":"projects/glucose-goose/locations/us-central1/functions/updateTreatment","verb":"update","cancelRequested":false,"apiVersion":"v2","requestResource":{"@type":"type.googleapis.com/google.cloud.functions.v2.Function","name":"projects/glucose-goose/locations/us-central1/functions/updateTreatment","buildConfig":{"runtime":"nodejs24","entryPoint":"updateTreatment","source":{"storageSource":{"bucket":"gcf-v2-sources-101841828420-us-central1","object":"updateTreatment/function-source.zip","generation":"1764787737282647"}},"environmentVariables":{"GOOGLE_NODE_RUN_SCRIPTS":""},"dockerRepository":"projects/glucose-goose/locations/us-central1/repositories/gcf-artifacts","serviceAccount":"projects/glucose-goose/serviceAccounts/101841828420-compute@developer.gserviceaccount.com","automaticUpdatePolicy":{}},"serviceConfig":{"service":"projects/glucose-goose/locations/us-central1/services/updatetreatment","timeoutSeconds":60,"environmentVariables":{"FIREBASE_CONFIG":"{\"projectId\":\"glucose-goose\",\"storageBucket\":\"glucose-goose.firebasestorage.app\"}","GCLOUD_PROJECT":"glucose-goose","EVENTARC_CLOUD_EVENT_SOURCE":"projects/glucose-goose/locations/us-central1/services/updateTreatment","FUNCTION_TARGET":"updateTreatment","LOG_EXECUTION_ID":"true","FUNCTION_SIGNATURE_TYPE":"http"},"ingressSettings":"ALLOW_ALL","uri":"https://updatetreatment-ft7us77rra-uc.a.run.app","serviceAccountEmail":"101841828420-compute@developer.gserviceaccount.com","availableMemory":"256Mi","allTrafficOnLatestRevision":true,"revision":"updatetreatment-00015-say","maxInstanceRequestConcurrency":80,"availableCpu":"1"},"state":"ACTIVE","labels":{"deployment-tool":"cli-firebase","firebase-functions-hash":"2503a7df87e0207037f5c1ac0e69a86deec4e126"},"environment":"GEN_2","url":"https://us-central1-glucose-goose.cloudfunctions.net/updateTreatment","satisfiesPzi":true},"stages":[{"name":"BUILD","message":"Build in progress","state":"IN_PROGRESS","resource":"projects/101841828420/locations/us-central1/builds/ca2d353f-89b4-4cd6-8757-3e63c92e4cb3","resourceUri":"https://console.cloud.google.com/cloud-build/builds;region=us-central1/ca2d353f-89b4-4cd6-8757-3e63c92e4cb3?project=101841828420"},{"name":"SERVICE","state":"NOT_STARTED"}],"operationType":"UPDATE_FUNCTION","buildName":"projects/101841828420/locations/us-central1/builds/ca2d353f-89b4-4cd6-8757-3e63c92e4cb3"},"done":false}
[debug] [2025-12-03T18:49:28.171Z] <<< [apiv2][status] GET https://cloudfunctions.googleapis.com/v2/projects/glucose-goose/locations/us-central1/operations/operation-1764787736809-64510aa280f39-3485537d-c91d4a75 200
[debug] [2025-12-03T18:49:28.172Z] <<< [apiv2][body] GET https://cloudfunctions.googleapis.com/v2/projects/glucose-goose/locations/us-central1/operations/operation-1764787736809-64510aa280f39-3485537d-c91d4a75 {"name":"projects/glucose-goose/locations/us-central1/operations/operation-1764787736809-64510aa280f39-3485537d-c91d4a75","metadata":{"@type":"type.googleapis.com/google.cloud.functions.v2.OperationMetadata","createTime":"2025-12-03T18:48:57.393265238Z","target":"projects/glucose-goose/locations/us-central1/functions/getNightscoutBundle","verb":"update","cancelRequested":false,"apiVersion":"v2","requestResource":{"@type":"type.googleapis.com/google.cloud.functions.v2.Function","name":"projects/glucose-goose/locations/us-central1/functions/getNightscoutBundle","buildConfig":{"runtime":"nodejs24","entryPoint":"getNightscoutBundle","source":{"storageSource":{"bucket":"gcf-v2-sources-101841828420-us-central1","object":"getNightscoutBundle/function-source.zip","generation":"1764787737343823"}},"environmentVariables":{"GOOGLE_NODE_RUN_SCRIPTS":""},"dockerRepository":"projects/glucose-goose/locations/us-central1/repositories/gcf-artifacts","serviceAccount":"projects/glucose-goose/serviceAccounts/101841828420-compute@developer.gserviceaccount.com","automaticUpdatePolicy":{}},"serviceConfig":{"service":"projects/glucose-goose/locations/us-central1/services/getnightscoutbundle","timeoutSeconds":60,"environmentVariables":{"FIREBASE_CONFIG":"{\"projectId\":\"glucose-goose\",\"storageBucket\":\"glucose-goose.firebasestorage.app\"}","GCLOUD_PROJECT":"glucose-goose","EVENTARC_CLOUD_EVENT_SOURCE":"projects/glucose-goose/locations/us-central1/services/getNightscoutBundle","FUNCTION_TARGET":"getNightscoutBundle","LOG_EXECUTION_ID":"true","FUNCTION_SIGNATURE_TYPE":"http"},"ingressSettings":"ALLOW_ALL","uri":"https://getnightscoutbundle-ft7us77rra-uc.a.run.app","serviceAccountEmail":"101841828420-compute@developer.gserviceaccount.com","availableMemory":"256Mi","allTrafficOnLatestRevision":true,"revision":"getnightscoutbundle-00024-rug","maxInstanceRequestConcurrency":80,"availableCpu":"1"},"state":"ACTIVE","labels":{"deployment-tool":"cli-firebase","firebase-functions-hash":"2503a7df87e0207037f5c1ac0e69a86deec4e126"},"environment":"GEN_2","url":"https://us-central1-glucose-goose.cloudfunctions.net/getNightscoutBundle","satisfiesPzi":true},"stages":[{"name":"BUILD","message":"Build in progress","state":"IN_PROGRESS","resource":"projects/101841828420/locations/us-central1/builds/076e798e-2272-48dc-95f2-93d821b0a053","resourceUri":"https://console.cloud.google.com/cloud-build/builds;region=us-central1/076e798e-2272-48dc-95f2-93d821b0a053?project=101841828420"},{"name":"SERVICE","state":"NOT_STARTED"}],"operationType":"UPDATE_FUNCTION","buildName":"projects/101841828420/locations/us-central1/builds/076e798e-2272-48dc-95f2-93d821b0a053"},"done":false}
[debug] [2025-12-03T18:49:37.956Z] [update-default-us-central1-deleteTreatment] Retrying task index 0
[debug] [2025-12-03T18:49:37.957Z] Checked if tokens are valid: true, expires at: 1764789425255
[debug] [2025-12-03T18:49:37.958Z] Checked if tokens are valid: true, expires at: 1764789425255
[debug] [2025-12-03T18:49:37.958Z] >>> [apiv2][query] GET https://cloudfunctions.googleapis.com/v2/projects/glucose-goose/locations/us-central1/operations/operation-1764787736643-64510aa2587bb-99ffc402-ee6ce262 [none]
[debug] [2025-12-03T18:49:37.987Z] [update-default-us-central1-simulateGlucose] Retrying task index 0
[debug] [2025-12-03T18:49:37.988Z] Checked if tokens are valid: true, expires at: 1764789425255
[debug] [2025-12-03T18:49:37.988Z] Checked if tokens are valid: true, expires at: 1764789425255
[debug] [2025-12-03T18:49:37.989Z] >>> [apiv2][query] GET https://cloudfunctions.googleapis.com/v2/projects/glucose-goose/locations/us-central1/operations/operation-1764787736765-64510aa276605-ad9c5253-a78eac3b [none]
[debug] [2025-12-03T18:49:38.090Z] [update-default-us-central1-updateTreatment] Retrying task index 0
[debug] [2025-12-03T18:49:38.091Z] Checked if tokens are valid: true, expires at: 1764789425255
[debug] [2025-12-03T18:49:38.091Z] Checked if tokens are valid: true, expires at: 1764789425255
[debug] [2025-12-03T18:49:38.092Z] >>> [apiv2][query] GET https://cloudfunctions.googleapis.com/v2/projects/glucose-goose/locations/us-central1/operations/operation-1764787736763-64510aa275d76-65ea64d3-7b0d2fe9 [none]
[debug] [2025-12-03T18:49:38.173Z] [update-default-us-central1-getNightscoutBundle] Retrying task index 0
[debug] [2025-12-03T18:49:38.174Z] Checked if tokens are valid: true, expires at: 1764789425255
[debug] [2025-12-03T18:49:38.174Z] Checked if tokens are valid: true, expires at: 1764789425255
[debug] [2025-12-03T18:49:38.174Z] >>> [apiv2][query] GET https://cloudfunctions.googleapis.com/v2/projects/glucose-goose/locations/us-central1/operations/operation-1764787736809-64510aa280f39-3485537d-c91d4a75 [none]
[debug] [2025-12-03T18:49:38.842Z] <<< [apiv2][status] GET https://cloudfunctions.googleapis.com/v2/projects/glucose-goose/locations/us-central1/operations/operation-1764787736765-64510aa276605-ad9c5253-a78eac3b 200
[debug] [2025-12-03T18:49:38.843Z] <<< [apiv2][body] GET https://cloudfunctions.googleapis.com/v2/projects/glucose-goose/locations/us-central1/operations/operation-1764787736765-64510aa276605-ad9c5253-a78eac3b {"name":"projects/glucose-goose/locations/us-central1/operations/operation-1764787736765-64510aa276605-ad9c5253-a78eac3b","metadata":{"@type":"type.googleapis.com/google.cloud.functions.v2.OperationMetadata","createTime":"2025-12-03T18:48:57.280574682Z","target":"projects/glucose-goose/locations/us-central1/functions/simulateGlucose","verb":"update","cancelRequested":false,"apiVersion":"v2","requestResource":{"@type":"type.googleapis.com/google.cloud.functions.v2.Function","name":"projects/glucose-goose/locations/us-central1/functions/simulateGlucose","buildConfig":{"runtime":"nodejs24","entryPoint":"simulateGlucose","source":{"storageSource":{"bucket":"gcf-v2-sources-101841828420-us-central1","object":"simulateGlucose/function-source.zip","generation":"1764787737234353"}},"environmentVariables":{"GOOGLE_NODE_RUN_SCRIPTS":""},"dockerRepository":"projects/glucose-goose/locations/us-central1/repositories/gcf-artifacts","serviceAccount":"projects/glucose-goose/serviceAccounts/101841828420-compute@developer.gserviceaccount.com","automaticUpdatePolicy":{}},"serviceConfig":{"service":"projects/glucose-goose/locations/us-central1/services/simulateglucose","timeoutSeconds":60,"environmentVariables":{"FIREBASE_CONFIG":"{\"projectId\":\"glucose-goose\",\"storageBucket\":\"glucose-goose.firebasestorage.app\"}","GCLOUD_PROJECT":"glucose-goose","EVENTARC_CLOUD_EVENT_SOURCE":"projects/glucose-goose/locations/us-central1/services/simulateGlucose","FUNCTION_TARGET":"simulateGlucose","LOG_EXECUTION_ID":"true","FUNCTION_SIGNATURE_TYPE":"http"},"ingressSettings":"ALLOW_ALL","uri":"https://simulateglucose-ft7us77rra-uc.a.run.app","serviceAccountEmail":"101841828420-compute@developer.gserviceaccount.com","availableMemory":"256Mi","allTrafficOnLatestRevision":true,"secretEnvironmentVariables":[{"key":"NIGHTSCOUT_API_SECRET","projectId":"glucose-goose","secret":"NIGHTSCOUT_API_SECRET","version":"2"},{"key":"NIGHTSCOUT_URL","projectId":"glucose-goose","secret":"NIGHTSCOUT_URL","version":"1"}],"revision":"simulateglucose-00004-poh","maxInstanceRequestConcurrency":80,"availableCpu":"1"},"state":"ACTIVE","labels":{"deployment-tool":"cli-firebase","deployment-scheduled":"true","firebase-functions-hash":"312d19ecc6e89dbcbf4786f242c586d4457fbda3"},"environment":"GEN_2","url":"https://us-central1-glucose-goose.cloudfunctions.net/simulateGlucose","satisfiesPzi":true},"stages":[{"name":"BUILD","message":"Build finished","state":"COMPLETE","resource":"projects/101841828420/locations/us-central1/builds/ffb9c277-161d-4dc5-8828-dfd4df09ad94","resourceUri":"https://console.cloud.google.com/cloud-build/builds;region=us-central1/ffb9c277-161d-4dc5-8828-dfd4df09ad94?project=101841828420"},{"name":"SERVICE","message":"Updating Cloud Run service","state":"IN_PROGRESS","resource":"projects/glucose-goose/locations/us-central1/services/simulateglucose","resourceUri":"https://console.cloud.google.com/run/detail/us-central1/simulateglucose?project=glucose-goose","stateMessages":[{"severity":"INFO","type":"CloudRunServiceNewRevisionTrafficInfo","message":"A new revision will be deployed serving with 100% traffic."}]}],"sourceToken":"Cldwcm9qZWN0cy8xMDE4NDE4Mjg0MjAvbG9jYXRpb25zL3VzLWNlbnRyYWwxL2J1aWxkcy9mZmI5YzI3Ny0xNjFkLTRkYzUtODgyOC1kZmQ0ZGYwOWFkOTQSb3VzLWNlbnRyYWwxLWRvY2tlci5wa2cuZGV2L2dsdWNvc2UtZ29vc2UvZ2NmLWFydGlmYWN0cy9nbHVjb3NlLS1nb29zZV9fdXMtLWNlbnRyYWwxX19zaW11bGF0ZV9nbHVjb3NlOnZlcnNpb25fMRjE9Pux+wIiRnByb2plY3RzL2dsdWNvc2UtZ29vc2UvbG9jYXRpb25zL3VzLWNlbnRyYWwxL2Z1bmN0aW9ucy9zaW11bGF0ZUdsdWNvc2UqDAi+jMLJBhCY36nTATIIbm9kZWpzMjQ6dgojZ2NyLmlvL2dhZS1ydW50aW1lcy9ub2RlanMyNDpzdGFibGUST3VzLWNlbnRyYWwxLWRvY2tlci5wa2cuZGV2L3NlcnZlcmxlc3MtcnVudGltZXMvZ29vZ2xlLTI0LWZ1bGwvcnVudGltZXMvbm9kZWpzMjRAAQ==","operationType":"UPDATE_FUNCTION","buildName":"projects/101841828420/locations/us-central1/builds/ffb9c277-161d-4dc5-8828-dfd4df09ad94"},"done":false}
[debug] [2025-12-03T18:49:38.843Z] Got source token Cldwcm9qZWN0cy8xMDE4NDE4Mjg0MjAvbG9jYXRpb25zL3VzLWNlbnRyYWwxL2J1aWxkcy9mZmI5YzI3Ny0xNjFkLTRkYzUtODgyOC1kZmQ0ZGYwOWFkOTQSb3VzLWNlbnRyYWwxLWRvY2tlci5wa2cuZGV2L2dsdWNvc2UtZ29vc2UvZ2NmLWFydGlmYWN0cy9nbHVjb3NlLS1nb29zZV9fdXMtLWNlbnRyYWwxX19zaW11bGF0ZV9nbHVjb3NlOnZlcnNpb25fMRjE9Pux+wIiRnByb2plY3RzL2dsdWNvc2UtZ29vc2UvbG9jYXRpb25zL3VzLWNlbnRyYWwxL2Z1bmN0aW9ucy9zaW11bGF0ZUdsdWNvc2UqDAi+jMLJBhCY36nTATIIbm9kZWpzMjQ6dgojZ2NyLmlvL2dhZS1ydW50aW1lcy9ub2RlanMyNDpzdGFibGUST3VzLWNlbnRyYWwxLWRvY2tlci5wa2cuZGV2L3NlcnZlcmxlc3MtcnVudGltZXMvZ29vZ2xlLTI0LWZ1bGwvcnVudGltZXMvbm9kZWpzMjRAAQ== for region us-central1
[debug] [2025-12-03T18:49:38.848Z] <<< [apiv2][status] GET https://cloudfunctions.googleapis.com/v2/projects/glucose-goose/locations/us-central1/operations/operation-1764787736643-64510aa2587bb-99ffc402-ee6ce262 200
[debug] [2025-12-03T18:49:38.848Z] <<< [apiv2][body] GET https://cloudfunctions.googleapis.com/v2/projects/glucose-goose/locations/us-central1/operations/operation-1764787736643-64510aa2587bb-99ffc402-ee6ce262 {"name":"projects/glucose-goose/locations/us-central1/operations/operation-1764787736643-64510aa2587bb-99ffc402-ee6ce262","metadata":{"@type":"type.googleapis.com/google.cloud.functions.v2.OperationMetadata","createTime":"2025-12-03T18:48:57.226871605Z","target":"projects/glucose-goose/locations/us-central1/functions/deleteTreatment","verb":"update","cancelRequested":false,"apiVersion":"v2","requestResource":{"@type":"type.googleapis.com/google.cloud.functions.v2.Function","name":"projects/glucose-goose/locations/us-central1/functions/deleteTreatment","buildConfig":{"runtime":"nodejs24","entryPoint":"deleteTreatment","source":{"storageSource":{"bucket":"gcf-v2-sources-101841828420-us-central1","object":"deleteTreatment/function-source.zip","generation":"1764787737181534"}},"environmentVariables":{"GOOGLE_NODE_RUN_SCRIPTS":""},"dockerRepository":"projects/glucose-goose/locations/us-central1/repositories/gcf-artifacts","serviceAccount":"projects/glucose-goose/serviceAccounts/101841828420-compute@developer.gserviceaccount.com","automaticUpdatePolicy":{}},"serviceConfig":{"service":"projects/glucose-goose/locations/us-central1/services/deletetreatment","timeoutSeconds":60,"environmentVariables":{"FIREBASE_CONFIG":"{\"projectId\":\"glucose-goose\",\"storageBucket\":\"glucose-goose.firebasestorage.app\"}","GCLOUD_PROJECT":"glucose-goose","EVENTARC_CLOUD_EVENT_SOURCE":"projects/glucose-goose/locations/us-central1/services/deleteTreatment","FUNCTION_TARGET":"deleteTreatment","LOG_EXECUTION_ID":"true","FUNCTION_SIGNATURE_TYPE":"http"},"ingressSettings":"ALLOW_ALL","uri":"https://deletetreatment-ft7us77rra-uc.a.run.app","serviceAccountEmail":"101841828420-compute@developer.gserviceaccount.com","availableMemory":"256Mi","allTrafficOnLatestRevision":true,"revision":"deletetreatment-00009-mek","maxInstanceRequestConcurrency":80,"availableCpu":"1"},"state":"ACTIVE","labels":{"deployment-tool":"cli-firebase","firebase-functions-hash":"2503a7df87e0207037f5c1ac0e69a86deec4e126"},"environment":"GEN_2","url":"https://us-central1-glucose-goose.cloudfunctions.net/deleteTreatment","satisfiesPzi":true},"stages":[{"name":"BUILD","message":"Build in progress","state":"IN_PROGRESS","resource":"projects/101841828420/locations/us-central1/builds/e551ca76-e8df-45b4-a9fb-6d8e74c47053","resourceUri":"https://console.cloud.google.com/cloud-build/builds;region=us-central1/e551ca76-e8df-45b4-a9fb-6d8e74c47053?project=101841828420"},{"name":"SERVICE","state":"NOT_STARTED"}],"operationType":"UPDATE_FUNCTION","buildName":"projects/101841828420/locations/us-central1/builds/e551ca76-e8df-45b4-a9fb-6d8e74c47053"},"done":false}
[debug] [2025-12-03T18:49:38.967Z] <<< [apiv2][status] GET https://cloudfunctions.googleapis.com/v2/projects/glucose-goose/locations/us-central1/operations/operation-1764787736763-64510aa275d76-65ea64d3-7b0d2fe9 200
[debug] [2025-12-03T18:49:38.967Z] <<< [apiv2][body] GET https://cloudfunctions.googleapis.com/v2/projects/glucose-goose/locations/us-central1/operations/operation-1764787736763-64510aa275d76-65ea64d3-7b0d2fe9 {"name":"projects/glucose-goose/locations/us-central1/operations/operation-1764787736763-64510aa275d76-65ea64d3-7b0d2fe9","metadata":{"@type":"type.googleapis.com/google.cloud.functions.v2.OperationMetadata","createTime":"2025-12-03T18:48:57.325704143Z","target":"projects/glucose-goose/locations/us-central1/functions/updateTreatment","verb":"update","cancelRequested":false,"apiVersion":"v2","requestResource":{"@type":"type.googleapis.com/google.cloud.functions.v2.Function","name":"projects/glucose-goose/locations/us-central1/functions/updateTreatment","buildConfig":{"runtime":"nodejs24","entryPoint":"updateTreatment","source":{"storageSource":{"bucket":"gcf-v2-sources-101841828420-us-central1","object":"updateTreatment/function-source.zip","generation":"1764787737282647"}},"environmentVariables":{"GOOGLE_NODE_RUN_SCRIPTS":""},"dockerRepository":"projects/glucose-goose/locations/us-central1/repositories/gcf-artifacts","serviceAccount":"projects/glucose-goose/serviceAccounts/101841828420-compute@developer.gserviceaccount.com","automaticUpdatePolicy":{}},"serviceConfig":{"service":"projects/glucose-goose/locations/us-central1/services/updatetreatment","timeoutSeconds":60,"environmentVariables":{"FIREBASE_CONFIG":"{\"projectId\":\"glucose-goose\",\"storageBucket\":\"glucose-goose.firebasestorage.app\"}","GCLOUD_PROJECT":"glucose-goose","EVENTARC_CLOUD_EVENT_SOURCE":"projects/glucose-goose/locations/us-central1/services/updateTreatment","FUNCTION_TARGET":"updateTreatment","LOG_EXECUTION_ID":"true","FUNCTION_SIGNATURE_TYPE":"http"},"ingressSettings":"ALLOW_ALL","uri":"https://updatetreatment-ft7us77rra-uc.a.run.app","serviceAccountEmail":"101841828420-compute@developer.gserviceaccount.com","availableMemory":"256Mi","allTrafficOnLatestRevision":true,"revision":"updatetreatment-00015-say","maxInstanceRequestConcurrency":80,"availableCpu":"1"},"state":"ACTIVE","labels":{"deployment-tool":"cli-firebase","firebase-functions-hash":"2503a7df87e0207037f5c1ac0e69a86deec4e126"},"environment":"GEN_2","url":"https://us-central1-glucose-goose.cloudfunctions.net/updateTreatment","satisfiesPzi":true},"stages":[{"name":"BUILD","message":"Build in progress","state":"IN_PROGRESS","resource":"projects/101841828420/locations/us-central1/builds/ca2d353f-89b4-4cd6-8757-3e63c92e4cb3","resourceUri":"https://console.cloud.google.com/cloud-build/builds;region=us-central1/ca2d353f-89b4-4cd6-8757-3e63c92e4cb3?project=101841828420"},{"name":"SERVICE","state":"NOT_STARTED"}],"operationType":"UPDATE_FUNCTION","buildName":"projects/101841828420/locations/us-central1/builds/ca2d353f-89b4-4cd6-8757-3e63c92e4cb3"},"done":false}
[debug] [2025-12-03T18:49:39.042Z] <<< [apiv2][status] GET https://cloudfunctions.googleapis.com/v2/projects/glucose-goose/locations/us-central1/operations/operation-1764787736809-64510aa280f39-3485537d-c91d4a75 200
[debug] [2025-12-03T18:49:39.042Z] <<< [apiv2][body] GET https://cloudfunctions.googleapis.com/v2/projects/glucose-goose/locations/us-central1/operations/operation-1764787736809-64510aa280f39-3485537d-c91d4a75 {"name":"projects/glucose-goose/locations/us-central1/operations/operation-1764787736809-64510aa280f39-3485537d-c91d4a75","metadata":{"@type":"type.googleapis.com/google.cloud.functions.v2.OperationMetadata","createTime":"2025-12-03T18:48:57.393265238Z","target":"projects/glucose-goose/locations/us-central1/functions/getNightscoutBundle","verb":"update","cancelRequested":false,"apiVersion":"v2","requestResource":{"@type":"type.googleapis.com/google.cloud.functions.v2.Function","name":"projects/glucose-goose/locations/us-central1/functions/getNightscoutBundle","buildConfig":{"runtime":"nodejs24","entryPoint":"getNightscoutBundle","source":{"storageSource":{"bucket":"gcf-v2-sources-101841828420-us-central1","object":"getNightscoutBundle/function-source.zip","generation":"1764787737343823"}},"environmentVariables":{"GOOGLE_NODE_RUN_SCRIPTS":""},"dockerRepository":"projects/glucose-goose/locations/us-central1/repositories/gcf-artifacts","serviceAccount":"projects/glucose-goose/serviceAccounts/101841828420-compute@developer.gserviceaccount.com","automaticUpdatePolicy":{}},"serviceConfig":{"service":"projects/glucose-goose/locations/us-central1/services/getnightscoutbundle","timeoutSeconds":60,"environmentVariables":{"FIREBASE_CONFIG":"{\"projectId\":\"glucose-goose\",\"storageBucket\":\"glucose-goose.firebasestorage.app\"}","GCLOUD_PROJECT":"glucose-goose","EVENTARC_CLOUD_EVENT_SOURCE":"projects/glucose-goose/locations/us-central1/services/getNightscoutBundle","FUNCTION_TARGET":"getNightscoutBundle","LOG_EXECUTION_ID":"true","FUNCTION_SIGNATURE_TYPE":"http"},"ingressSettings":"ALLOW_ALL","uri":"https://getnightscoutbundle-ft7us77rra-uc.a.run.app","serviceAccountEmail":"101841828420-compute@developer.gserviceaccount.com","availableMemory":"256Mi","allTrafficOnLatestRevision":true,"revision":"getnightscoutbundle-00024-rug","maxInstanceRequestConcurrency":80,"availableCpu":"1"},"state":"ACTIVE","labels":{"deployment-tool":"cli-firebase","firebase-functions-hash":"2503a7df87e0207037f5c1ac0e69a86deec4e126"},"environment":"GEN_2","url":"https://us-central1-glucose-goose.cloudfunctions.net/getNightscoutBundle","satisfiesPzi":true},"stages":[{"name":"BUILD","message":"Build in progress","state":"IN_PROGRESS","resource":"projects/101841828420/locations/us-central1/builds/076e798e-2272-48dc-95f2-93d821b0a053","resourceUri":"https://console.cloud.google.com/cloud-build/builds;region=us-central1/076e798e-2272-48dc-95f2-93d821b0a053?project=101841828420"},{"name":"SERVICE","state":"NOT_STARTED"}],"operationType":"UPDATE_FUNCTION","buildName":"projects/101841828420/locations/us-central1/builds/076e798e-2272-48dc-95f2-93d821b0a053"},"done":false}
[debug] [2025-12-03T18:49:48.848Z] [update-default-us-central1-simulateGlucose] Retrying task index 0
[debug] [2025-12-03T18:49:48.849Z] Checked if tokens are valid: true, expires at: 1764789425255
[debug] [2025-12-03T18:49:48.849Z] Checked if tokens are valid: true, expires at: 1764789425255
[debug] [2025-12-03T18:49:48.849Z] >>> [apiv2][query] GET https://cloudfunctions.googleapis.com/v2/projects/glucose-goose/locations/us-central1/operations/operation-1764787736765-64510aa276605-ad9c5253-a78eac3b [none]
[debug] [2025-12-03T18:49:48.854Z] [update-default-us-central1-deleteTreatment] Retrying task index 0
[debug] [2025-12-03T18:49:48.855Z] Checked if tokens are valid: true, expires at: 1764789425255
[debug] [2025-12-03T18:49:48.856Z] Checked if tokens are valid: true, expires at: 1764789425255
[debug] [2025-12-03T18:49:48.857Z] >>> [apiv2][query] GET https://cloudfunctions.googleapis.com/v2/projects/glucose-goose/locations/us-central1/operations/operation-1764787736643-64510aa2587bb-99ffc402-ee6ce262 [none]
[debug] [2025-12-03T18:49:48.968Z] [update-default-us-central1-updateTreatment] Retrying task index 0
[debug] [2025-12-03T18:49:48.969Z] Checked if tokens are valid: true, expires at: 1764789425255
[debug] [2025-12-03T18:49:48.969Z] Checked if tokens are valid: true, expires at: 1764789425255
[debug] [2025-12-03T18:49:48.969Z] >>> [apiv2][query] GET https://cloudfunctions.googleapis.com/v2/projects/glucose-goose/locations/us-central1/operations/operation-1764787736763-64510aa275d76-65ea64d3-7b0d2fe9 [none]
[debug] [2025-12-03T18:49:49.043Z] [update-default-us-central1-getNightscoutBundle] Retrying task index 0
[debug] [2025-12-03T18:49:49.043Z] Checked if tokens are valid: true, expires at: 1764789425255
[debug] [2025-12-03T18:49:49.044Z] Checked if tokens are valid: true, expires at: 1764789425255
[debug] [2025-12-03T18:49:49.044Z] >>> [apiv2][query] GET https://cloudfunctions.googleapis.com/v2/projects/glucose-goose/locations/us-central1/operations/operation-1764787736809-64510aa280f39-3485537d-c91d4a75 [none]
[debug] [2025-12-03T18:49:49.669Z] <<< [apiv2][status] GET https://cloudfunctions.googleapis.com/v2/projects/glucose-goose/locations/us-central1/operations/operation-1764787736765-64510aa276605-ad9c5253-a78eac3b 200
[debug] [2025-12-03T18:49:49.670Z] <<< [apiv2][body] GET https://cloudfunctions.googleapis.com/v2/projects/glucose-goose/locations/us-central1/operations/operation-1764787736765-64510aa276605-ad9c5253-a78eac3b {"name":"projects/glucose-goose/locations/us-central1/operations/operation-1764787736765-64510aa276605-ad9c5253-a78eac3b","metadata":{"@type":"type.googleapis.com/google.cloud.functions.v2.OperationMetadata","createTime":"2025-12-03T18:48:57.280574682Z","endTime":"2025-12-03T18:49:42.365792165Z","target":"projects/glucose-goose/locations/us-central1/functions/simulateGlucose","verb":"update","cancelRequested":false,"apiVersion":"v2","requestResource":{"@type":"type.googleapis.com/google.cloud.functions.v2.Function","name":"projects/glucose-goose/locations/us-central1/functions/simulateGlucose","buildConfig":{"runtime":"nodejs24","entryPoint":"simulateGlucose","source":{"storageSource":{"bucket":"gcf-v2-sources-101841828420-us-central1","object":"simulateGlucose/function-source.zip","generation":"1764787737234353"}},"environmentVariables":{"GOOGLE_NODE_RUN_SCRIPTS":""},"dockerRepository":"projects/glucose-goose/locations/us-central1/repositories/gcf-artifacts","serviceAccount":"projects/glucose-goose/serviceAccounts/101841828420-compute@developer.gserviceaccount.com","automaticUpdatePolicy":{}},"serviceConfig":{"service":"projects/glucose-goose/locations/us-central1/services/simulateglucose","timeoutSeconds":60,"environmentVariables":{"FIREBASE_CONFIG":"{\"projectId\":\"glucose-goose\",\"storageBucket\":\"glucose-goose.firebasestorage.app\"}","GCLOUD_PROJECT":"glucose-goose","EVENTARC_CLOUD_EVENT_SOURCE":"projects/glucose-goose/locations/us-central1/services/simulateGlucose","FUNCTION_TARGET":"simulateGlucose","LOG_EXECUTION_ID":"true","FUNCTION_SIGNATURE_TYPE":"http"},"ingressSettings":"ALLOW_ALL","uri":"https://simulateglucose-ft7us77rra-uc.a.run.app","serviceAccountEmail":"101841828420-compute@developer.gserviceaccount.com","availableMemory":"256Mi","allTrafficOnLatestRevision":true,"secretEnvironmentVariables":[{"key":"NIGHTSCOUT_API_SECRET","projectId":"glucose-goose","secret":"NIGHTSCOUT_API_SECRET","version":"2"},{"key":"NIGHTSCOUT_URL","projectId":"glucose-goose","secret":"NIGHTSCOUT_URL","version":"1"}],"revision":"simulateglucose-00004-poh","maxInstanceRequestConcurrency":80,"availableCpu":"1"},"state":"ACTIVE","labels":{"deployment-tool":"cli-firebase","deployment-scheduled":"true","firebase-functions-hash":"312d19ecc6e89dbcbf4786f242c586d4457fbda3"},"environment":"GEN_2","url":"https://us-central1-glucose-goose.cloudfunctions.net/simulateGlucose","satisfiesPzi":true},"stages":[{"name":"SERVICE","state":"NOT_STARTED"}],"operationType":"UPDATE_FUNCTION"},"done":true,"error":{"code":3,"message":"Could not create or update Cloud Run service simulateglucose, Container Healthcheck failed. Revision 'simulateglucose-00005-xor' is not ready and cannot serve traffic. The user-provided container failed to start and listen on the port defined provided by the PORT=8080 environment variable within the allocated timeout. This can happen when the container port is misconfigured or if the timeout is too short. The health check timeout can be extended. Logs for this revision might contain more information.\n\nLogs URL: https://console.cloud.google.com/logs/viewer?project=glucose-goose&resource=cloud_run_revision/service_name/simulateglucose/revision_name/simulateglucose-00005-xor&advancedFilter=resource.type%3D%22cloud_run_revision%22%0Aresource.labels.service_name%3D%22simulateglucose%22%0Aresource.labels.revision_name%3D%22simulateglucose-00005-xor%22 \nFor more troubleshooting guidance, see https://cloud.google.com/run/docs/troubleshooting#container-failed-to-start"}}
[debug] [2025-12-03T18:49:49.670Z] Got source token undefined for region us-central1
[error] Could not create or update Cloud Run service simulateglucose, Container Healthcheck failed. Revision 'simulateglucose-00005-xor' is not ready and cannot serve traffic. The user-provided container failed to start and listen on the port defined provided by the PORT=8080 environment variable within the allocated timeout. This can happen when the container port is misconfigured or if the timeout is too short. The health check timeout can be extended. Logs for this revision might contain more information.

Logs URL: https://console.cloud.google.com/logs/viewer?project=glucose-goose&resource=cloud_run_revision/service_name/simulateglucose/revision_name/simulateglucose-00005-xor&advancedFilter=resource.type%3D%22cloud_run_revision%22%0Aresource.labels.service_name%3D%22simulateglucose%22%0Aresource.labels.revision_name%3D%22simulateglucose-00005-xor%22 
For more troubleshooting guidance, see https://cloud.google.com/run/docs/troubleshooting#container-failed-to-start
[debug] [2025-12-03T18:49:49.758Z] <<< [apiv2][status] GET https://cloudfunctions.googleapis.com/v2/projects/glucose-goose/locations/us-central1/operations/operation-1764787736643-64510aa2587bb-99ffc402-ee6ce262 200
[debug] [2025-12-03T18:49:49.758Z] <<< [apiv2][body] GET https://cloudfunctions.googleapis.com/v2/projects/glucose-goose/locations/us-central1/operations/operation-1764787736643-64510aa2587bb-99ffc402-ee6ce262 {"name":"projects/glucose-goose/locations/us-central1/operations/operation-1764787736643-64510aa2587bb-99ffc402-ee6ce262","metadata":{"@type":"type.googleapis.com/google.cloud.functions.v2.OperationMetadata","createTime":"2025-12-03T18:48:57.226871605Z","target":"projects/glucose-goose/locations/us-central1/functions/deleteTreatment","verb":"update","cancelRequested":false,"apiVersion":"v2","requestResource":{"@type":"type.googleapis.com/google.cloud.functions.v2.Function","name":"projects/glucose-goose/locations/us-central1/functions/deleteTreatment","buildConfig":{"runtime":"nodejs24","entryPoint":"deleteTreatment","source":{"storageSource":{"bucket":"gcf-v2-sources-101841828420-us-central1","object":"deleteTreatment/function-source.zip","generation":"1764787737181534"}},"environmentVariables":{"GOOGLE_NODE_RUN_SCRIPTS":""},"dockerRepository":"projects/glucose-goose/locations/us-central1/repositories/gcf-artifacts","serviceAccount":"projects/glucose-goose/serviceAccounts/101841828420-compute@developer.gserviceaccount.com","automaticUpdatePolicy":{}},"serviceConfig":{"service":"projects/glucose-goose/locations/us-central1/services/deletetreatment","timeoutSeconds":60,"environmentVariables":{"FIREBASE_CONFIG":"{\"projectId\":\"glucose-goose\",\"storageBucket\":\"glucose-goose.firebasestorage.app\"}","GCLOUD_PROJECT":"glucose-goose","EVENTARC_CLOUD_EVENT_SOURCE":"projects/glucose-goose/locations/us-central1/services/deleteTreatment","FUNCTION_TARGET":"deleteTreatment","LOG_EXECUTION_ID":"true","FUNCTION_SIGNATURE_TYPE":"http"},"ingressSettings":"ALLOW_ALL","uri":"https://deletetreatment-ft7us77rra-uc.a.run.app","serviceAccountEmail":"101841828420-compute@developer.gserviceaccount.com","availableMemory":"256Mi","allTrafficOnLatestRevision":true,"revision":"deletetreatment-00009-mek","maxInstanceRequestConcurrency":80,"availableCpu":"1"},"state":"ACTIVE","labels":{"deployment-tool":"cli-firebase","firebase-functions-hash":"2503a7df87e0207037f5c1ac0e69a86deec4e126"},"environment":"GEN_2","url":"https://us-central1-glucose-goose.cloudfunctions.net/deleteTreatment","satisfiesPzi":true},"stages":[{"name":"BUILD","message":"Build in progress","state":"IN_PROGRESS","resource":"projects/101841828420/locations/us-central1/builds/e551ca76-e8df-45b4-a9fb-6d8e74c47053","resourceUri":"https://console.cloud.google.com/cloud-build/builds;region=us-central1/e551ca76-e8df-45b4-a9fb-6d8e74c47053?project=101841828420"},{"name":"SERVICE","state":"NOT_STARTED"}],"operationType":"UPDATE_FUNCTION","buildName":"projects/101841828420/locations/us-central1/builds/e551ca76-e8df-45b4-a9fb-6d8e74c47053"},"done":false}
[debug] [2025-12-03T18:49:49.825Z] <<< [apiv2][status] GET https://cloudfunctions.googleapis.com/v2/projects/glucose-goose/locations/us-central1/operations/operation-1764787736763-64510aa275d76-65ea64d3-7b0d2fe9 200
[debug] [2025-12-03T18:49:49.825Z] <<< [apiv2][body] GET https://cloudfunctions.googleapis.com/v2/projects/glucose-goose/locations/us-central1/operations/operation-1764787736763-64510aa275d76-65ea64d3-7b0d2fe9 {"name":"projects/glucose-goose/locations/us-central1/operations/operation-1764787736763-64510aa275d76-65ea64d3-7b0d2fe9","metadata":{"@type":"type.googleapis.com/google.cloud.functions.v2.OperationMetadata","createTime":"2025-12-03T18:48:57.325704143Z","target":"projects/glucose-goose/locations/us-central1/functions/updateTreatment","verb":"update","cancelRequested":false,"apiVersion":"v2","requestResource":{"@type":"type.googleapis.com/google.cloud.functions.v2.Function","name":"projects/glucose-goose/locations/us-central1/functions/updateTreatment","buildConfig":{"runtime":"nodejs24","entryPoint":"updateTreatment","source":{"storageSource":{"bucket":"gcf-v2-sources-101841828420-us-central1","object":"updateTreatment/function-source.zip","generation":"1764787737282647"}},"environmentVariables":{"GOOGLE_NODE_RUN_SCRIPTS":""},"dockerRepository":"projects/glucose-goose/locations/us-central1/repositories/gcf-artifacts","serviceAccount":"projects/glucose-goose/serviceAccounts/101841828420-compute@developer.gserviceaccount.com","automaticUpdatePolicy":{}},"serviceConfig":{"service":"projects/glucose-goose/locations/us-central1/services/updatetreatment","timeoutSeconds":60,"environmentVariables":{"FIREBASE_CONFIG":"{\"projectId\":\"glucose-goose\",\"storageBucket\":\"glucose-goose.firebasestorage.app\"}","GCLOUD_PROJECT":"glucose-goose","EVENTARC_CLOUD_EVENT_SOURCE":"projects/glucose-goose/locations/us-central1/services/updateTreatment","FUNCTION_TARGET":"updateTreatment","LOG_EXECUTION_ID":"true","FUNCTION_SIGNATURE_TYPE":"http"},"ingressSettings":"ALLOW_ALL","uri":"https://updatetreatment-ft7us77rra-uc.a.run.app","serviceAccountEmail":"101841828420-compute@developer.gserviceaccount.com","availableMemory":"256Mi","allTrafficOnLatestRevision":true,"revision":"updatetreatment-00015-say","maxInstanceRequestConcurrency":80,"availableCpu":"1"},"state":"ACTIVE","labels":{"deployment-tool":"cli-firebase","firebase-functions-hash":"2503a7df87e0207037f5c1ac0e69a86deec4e126"},"environment":"GEN_2","url":"https://us-central1-glucose-goose.cloudfunctions.net/updateTreatment","satisfiesPzi":true},"stages":[{"name":"BUILD","message":"Build finished","state":"COMPLETE","resource":"projects/101841828420/locations/us-central1/builds/ca2d353f-89b4-4cd6-8757-3e63c92e4cb3","resourceUri":"https://console.cloud.google.com/cloud-build/builds;region=us-central1/ca2d353f-89b4-4cd6-8757-3e63c92e4cb3?project=101841828420"},{"name":"SERVICE","message":"Updating Cloud Run service","state":"IN_PROGRESS","resource":"projects/glucose-goose/locations/us-central1/services/updatetreatment","resourceUri":"https://console.cloud.google.com/run/detail/us-central1/updatetreatment?project=glucose-goose","stateMessages":[{"severity":"INFO","type":"CloudRunServiceNewRevisionTrafficInfo","message":"A new revision will be deployed serving with 100% traffic."}]}],"sourceToken":"Cldwcm9qZWN0cy8xMDE4NDE4Mjg0MjAvbG9jYXRpb25zL3VzLWNlbnRyYWwxL2J1aWxkcy9jYTJkMzUzZi04OWI0LTRjZDYtODc1Ny0zZTYzYzkyZTRjYjMSb3VzLWNlbnRyYWwxLWRvY2tlci5wa2cuZGV2L2dsdWNvc2UtZ29vc2UvZ2NmLWFydGlmYWN0cy9nbHVjb3NlLS1nb29zZV9fdXMtLWNlbnRyYWwxX191cGRhdGVfdHJlYXRtZW50OnZlcnNpb25fMRjE9Pux+wIiRnByb2plY3RzL2dsdWNvc2UtZ29vc2UvbG9jYXRpb25zL3VzLWNlbnRyYWwxL2Z1bmN0aW9ucy91cGRhdGVUcmVhdG1lbnQqCwjLjMLJBhCAgN1eMghub2RlanMyNDp2CiNnY3IuaW8vZ2FlLXJ1bnRpbWVzL25vZGVqczI0OnN0YWJsZRJPdXMtY2VudHJhbDEtZG9ja2VyLnBrZy5kZXYvc2VydmVybGVzcy1ydW50aW1lcy9nb29nbGUtMjQtZnVsbC9ydW50aW1lcy9ub2RlanMyNEAB","operationType":"UPDATE_FUNCTION","buildName":"projects/101841828420/locations/us-central1/builds/ca2d353f-89b4-4cd6-8757-3e63c92e4cb3"},"done":false}
[debug] [2025-12-03T18:49:49.826Z] Got source token Cldwcm9qZWN0cy8xMDE4NDE4Mjg0MjAvbG9jYXRpb25zL3VzLWNlbnRyYWwxL2J1aWxkcy9jYTJkMzUzZi04OWI0LTRjZDYtODc1Ny0zZTYzYzkyZTRjYjMSb3VzLWNlbnRyYWwxLWRvY2tlci5wa2cuZGV2L2dsdWNvc2UtZ29vc2UvZ2NmLWFydGlmYWN0cy9nbHVjb3NlLS1nb29zZV9fdXMtLWNlbnRyYWwxX191cGRhdGVfdHJlYXRtZW50OnZlcnNpb25fMRjE9Pux+wIiRnByb2plY3RzL2dsdWNvc2UtZ29vc2UvbG9jYXRpb25zL3VzLWNlbnRyYWwxL2Z1bmN0aW9ucy91cGRhdGVUcmVhdG1lbnQqCwjLjMLJBhCAgN1eMghub2RlanMyNDp2CiNnY3IuaW8vZ2FlLXJ1bnRpbWVzL25vZGVqczI0OnN0YWJsZRJPdXMtY2VudHJhbDEtZG9ja2VyLnBrZy5kZXYvc2VydmVybGVzcy1ydW50aW1lcy9nb29nbGUtMjQtZnVsbC9ydW50aW1lcy9ub2RlanMyNEAB for region us-central1
[debug] [2025-12-03T18:49:49.900Z] <<< [apiv2][status] GET https://cloudfunctions.googleapis.com/v2/projects/glucose-goose/locations/us-central1/operations/operation-1764787736809-64510aa280f39-3485537d-c91d4a75 200
[debug] [2025-12-03T18:49:49.901Z] <<< [apiv2][body] GET https://cloudfunctions.googleapis.com/v2/projects/glucose-goose/locations/us-central1/operations/operation-1764787736809-64510aa280f39-3485537d-c91d4a75 {"name":"projects/glucose-goose/locations/us-central1/operations/operation-1764787736809-64510aa280f39-3485537d-c91d4a75","metadata":{"@type":"type.googleapis.com/google.cloud.functions.v2.OperationMetadata","createTime":"2025-12-03T18:48:57.393265238Z","target":"projects/glucose-goose/locations/us-central1/functions/getNightscoutBundle","verb":"update","cancelRequested":false,"apiVersion":"v2","requestResource":{"@type":"type.googleapis.com/google.cloud.functions.v2.Function","name":"projects/glucose-goose/locations/us-central1/functions/getNightscoutBundle","buildConfig":{"runtime":"nodejs24","entryPoint":"getNightscoutBundle","source":{"storageSource":{"bucket":"gcf-v2-sources-101841828420-us-central1","object":"getNightscoutBundle/function-source.zip","generation":"1764787737343823"}},"environmentVariables":{"GOOGLE_NODE_RUN_SCRIPTS":""},"dockerRepository":"projects/glucose-goose/locations/us-central1/repositories/gcf-artifacts","serviceAccount":"projects/glucose-goose/serviceAccounts/101841828420-compute@developer.gserviceaccount.com","automaticUpdatePolicy":{}},"serviceConfig":{"service":"projects/glucose-goose/locations/us-central1/services/getnightscoutbundle","timeoutSeconds":60,"environmentVariables":{"FIREBASE_CONFIG":"{\"projectId\":\"glucose-goose\",\"storageBucket\":\"glucose-goose.firebasestorage.app\"}","GCLOUD_PROJECT":"glucose-goose","EVENTARC_CLOUD_EVENT_SOURCE":"projects/glucose-goose/locations/us-central1/services/getNightscoutBundle","FUNCTION_TARGET":"getNightscoutBundle","LOG_EXECUTION_ID":"true","FUNCTION_SIGNATURE_TYPE":"http"},"ingressSettings":"ALLOW_ALL","uri":"https://getnightscoutbundle-ft7us77rra-uc.a.run.app","serviceAccountEmail":"101841828420-compute@developer.gserviceaccount.com","availableMemory":"256Mi","allTrafficOnLatestRevision":true,"revision":"getnightscoutbundle-00024-rug","maxInstanceRequestConcurrency":80,"availableCpu":"1"},"state":"ACTIVE","labels":{"deployment-tool":"cli-firebase","firebase-functions-hash":"2503a7df87e0207037f5c1ac0e69a86deec4e126"},"environment":"GEN_2","url":"https://us-central1-glucose-goose.cloudfunctions.net/getNightscoutBundle","satisfiesPzi":true},"stages":[{"name":"BUILD","message":"Build finished","state":"COMPLETE","resource":"projects/101841828420/locations/us-central1/builds/076e798e-2272-48dc-95f2-93d821b0a053","resourceUri":"https://console.cloud.google.com/cloud-build/builds;region=us-central1/076e798e-2272-48dc-95f2-93d821b0a053?project=101841828420"},{"name":"SERVICE","message":"Updating Cloud Run service","state":"IN_PROGRESS","resource":"projects/glucose-goose/locations/us-central1/services/getnightscoutbundle","resourceUri":"https://console.cloud.google.com/run/detail/us-central1/getnightscoutbundle?project=glucose-goose","stateMessages":[{"severity":"INFO","type":"CloudRunServiceNewRevisionTrafficInfo","message":"A new revision will be deployed serving with 100% traffic."}]}],"sourceToken":"Cldwcm9qZWN0cy8xMDE4NDE4Mjg0MjAvbG9jYXRpb25zL3VzLWNlbnRyYWwxL2J1aWxkcy8wNzZlNzk4ZS0yMjcyLTQ4ZGMtOTVmMi05M2Q4MjFiMGEwNTMSdHVzLWNlbnRyYWwxLWRvY2tlci5wa2cuZGV2L2dsdWNvc2UtZ29vc2UvZ2NmLWFydGlmYWN0cy9nbHVjb3NlLS1nb29zZV9fdXMtLWNlbnRyYWwxX19nZXRfbmlnaHRzY291dF9idW5kbGU6dmVyc2lvbl8xGMT0+7H7AiJKcHJvamVjdHMvZ2x1Y29zZS1nb29zZS9sb2NhdGlvbnMvdXMtY2VudHJhbDEvZnVuY3Rpb25zL2dldE5pZ2h0c2NvdXRCdW5kbGUqDAjIjMLJBhDwh/KCAjIIbm9kZWpzMjQ6dgojZ2NyLmlvL2dhZS1ydW50aW1lcy9ub2RlanMyNDpzdGFibGUST3VzLWNlbnRyYWwxLWRvY2tlci5wa2cuZGV2L3NlcnZlcmxlc3MtcnVudGltZXMvZ29vZ2xlLTI0LWZ1bGwvcnVudGltZXMvbm9kZWpzMjRAAQ==","operationType":"UPDATE_FUNCTION","buildName":"projects/101841828420/locations/us-central1/builds/076e798e-2272-48dc-95f2-93d821b0a053"},"done":false}
[debug] [2025-12-03T18:49:49.901Z] Got source token Cldwcm9qZWN0cy8xMDE4NDE4Mjg0MjAvbG9jYXRpb25zL3VzLWNlbnRyYWwxL2J1aWxkcy8wNzZlNzk4ZS0yMjcyLTQ4ZGMtOTVmMi05M2Q4MjFiMGEwNTMSdHVzLWNlbnRyYWwxLWRvY2tlci5wa2cuZGV2L2dsdWNvc2UtZ29vc2UvZ2NmLWFydGlmYWN0cy9nbHVjb3NlLS1nb29zZV9fdXMtLWNlbnRyYWwxX19nZXRfbmlnaHRzY291dF9idW5kbGU6dmVyc2lvbl8xGMT0+7H7AiJKcHJvamVjdHMvZ2x1Y29zZS1nb29zZS9sb2NhdGlvbnMvdXMtY2VudHJhbDEvZnVuY3Rpb25zL2dldE5pZ2h0c2NvdXRCdW5kbGUqDAjIjMLJBhDwh/KCAjIIbm9kZWpzMjQ6dgojZ2NyLmlvL2dhZS1ydW50aW1lcy9ub2RlanMyNDpzdGFibGUST3VzLWNlbnRyYWwxLWRvY2tlci5wa2cuZGV2L3NlcnZlcmxlc3MtcnVudGltZXMvZ29vZ2xlLTI0LWZ1bGwvcnVudGltZXMvbm9kZWpzMjRAAQ== for region us-central1
[debug] [2025-12-03T18:49:59.763Z] [update-default-us-central1-deleteTreatment] Retrying task index 0
[debug] [2025-12-03T18:49:59.764Z] Checked if tokens are valid: true, expires at: 1764789425255
[debug] [2025-12-03T18:49:59.764Z] Checked if tokens are valid: true, expires at: 1764789425255
[debug] [2025-12-03T18:49:59.764Z] >>> [apiv2][query] GET https://cloudfunctions.googleapis.com/v2/projects/glucose-goose/locations/us-central1/operations/operation-1764787736643-64510aa2587bb-99ffc402-ee6ce262 [none]
[debug] [2025-12-03T18:49:59.826Z] [update-default-us-central1-updateTreatment] Retrying task index 0
[debug] [2025-12-03T18:49:59.827Z] Checked if tokens are valid: true, expires at: 1764789425255
[debug] [2025-12-03T18:49:59.827Z] Checked if tokens are valid: true, expires at: 1764789425255
[debug] [2025-12-03T18:49:59.828Z] >>> [apiv2][query] GET https://cloudfunctions.googleapis.com/v2/projects/glucose-goose/locations/us-central1/operations/operation-1764787736763-64510aa275d76-65ea64d3-7b0d2fe9 [none]
[debug] [2025-12-03T18:49:59.902Z] [update-default-us-central1-getNightscoutBundle] Retrying task index 0
[debug] [2025-12-03T18:49:59.902Z] Checked if tokens are valid: true, expires at: 1764789425255
[debug] [2025-12-03T18:49:59.902Z] Checked if tokens are valid: true, expires at: 1764789425255
[debug] [2025-12-03T18:49:59.903Z] >>> [apiv2][query] GET https://cloudfunctions.googleapis.com/v2/projects/glucose-goose/locations/us-central1/operations/operation-1764787736809-64510aa280f39-3485537d-c91d4a75 [none]
[debug] [2025-12-03T18:50:00.677Z] <<< [apiv2][status] GET https://cloudfunctions.googleapis.com/v2/projects/glucose-goose/locations/us-central1/operations/operation-1764787736643-64510aa2587bb-99ffc402-ee6ce262 200
[debug] [2025-12-03T18:50:00.677Z] <<< [apiv2][body] GET https://cloudfunctions.googleapis.com/v2/projects/glucose-goose/locations/us-central1/operations/operation-1764787736643-64510aa2587bb-99ffc402-ee6ce262 {"name":"projects/glucose-goose/locations/us-central1/operations/operation-1764787736643-64510aa2587bb-99ffc402-ee6ce262","metadata":{"@type":"type.googleapis.com/google.cloud.functions.v2.OperationMetadata","createTime":"2025-12-03T18:48:57.226871605Z","target":"projects/glucose-goose/locations/us-central1/functions/deleteTreatment","verb":"update","cancelRequested":false,"apiVersion":"v2","requestResource":{"@type":"type.googleapis.com/google.cloud.functions.v2.Function","name":"projects/glucose-goose/locations/us-central1/functions/deleteTreatment","buildConfig":{"runtime":"nodejs24","entryPoint":"deleteTreatment","source":{"storageSource":{"bucket":"gcf-v2-sources-101841828420-us-central1","object":"deleteTreatment/function-source.zip","generation":"1764787737181534"}},"environmentVariables":{"GOOGLE_NODE_RUN_SCRIPTS":""},"dockerRepository":"projects/glucose-goose/locations/us-central1/repositories/gcf-artifacts","serviceAccount":"projects/glucose-goose/serviceAccounts/101841828420-compute@developer.gserviceaccount.com","automaticUpdatePolicy":{}},"serviceConfig":{"service":"projects/glucose-goose/locations/us-central1/services/deletetreatment","timeoutSeconds":60,"environmentVariables":{"FIREBASE_CONFIG":"{\"projectId\":\"glucose-goose\",\"storageBucket\":\"glucose-goose.firebasestorage.app\"}","GCLOUD_PROJECT":"glucose-goose","EVENTARC_CLOUD_EVENT_SOURCE":"projects/glucose-goose/locations/us-central1/services/deleteTreatment","FUNCTION_TARGET":"deleteTreatment","LOG_EXECUTION_ID":"true","FUNCTION_SIGNATURE_TYPE":"http"},"ingressSettings":"ALLOW_ALL","uri":"https://deletetreatment-ft7us77rra-uc.a.run.app","serviceAccountEmail":"101841828420-compute@developer.gserviceaccount.com","availableMemory":"256Mi","allTrafficOnLatestRevision":true,"revision":"deletetreatment-00009-mek","maxInstanceRequestConcurrency":80,"availableCpu":"1"},"state":"ACTIVE","labels":{"deployment-tool":"cli-firebase","firebase-functions-hash":"2503a7df87e0207037f5c1ac0e69a86deec4e126"},"environment":"GEN_2","url":"https://us-central1-glucose-goose.cloudfunctions.net/deleteTreatment","satisfiesPzi":true},"stages":[{"name":"BUILD","message":"Build finished","state":"COMPLETE","resource":"projects/101841828420/locations/us-central1/builds/e551ca76-e8df-45b4-a9fb-6d8e74c47053","resourceUri":"https://console.cloud.google.com/cloud-build/builds;region=us-central1/e551ca76-e8df-45b4-a9fb-6d8e74c47053?project=101841828420"},{"name":"SERVICE","message":"Updating Cloud Run service","state":"IN_PROGRESS","resource":"projects/glucose-goose/locations/us-central1/services/deletetreatment","resourceUri":"https://console.cloud.google.com/run/detail/us-central1/deletetreatment?project=glucose-goose","stateMessages":[{"severity":"INFO","type":"CloudRunServiceNewRevisionTrafficInfo","message":"A new revision will be deployed serving with 100% traffic."}]}],"sourceToken":"Cldwcm9qZWN0cy8xMDE4NDE4Mjg0MjAvbG9jYXRpb25zL3VzLWNlbnRyYWwxL2J1aWxkcy9lNTUxY2E3Ni1lOGRmLTQ1YjQtYTlmYi02ZDhlNzRjNDcwNTMSb3VzLWNlbnRyYWwxLWRvY2tlci5wa2cuZGV2L2dsdWNvc2UtZ29vc2UvZ2NmLWFydGlmYWN0cy9nbHVjb3NlLS1nb29zZV9fdXMtLWNlbnRyYWwxX19kZWxldGVfdHJlYXRtZW50OnZlcnNpb25fMRjE9Pux+wIiRnByb2plY3RzL2dsdWNvc2UtZ29vc2UvbG9jYXRpb25zL3VzLWNlbnRyYWwxL2Z1bmN0aW9ucy9kZWxldGVUcmVhdG1lbnQqDAjRjMLJBhCQoPa5AjIIbm9kZWpzMjQ6dgojZ2NyLmlvL2dhZS1ydW50aW1lcy9ub2RlanMyNDpzdGFibGUST3VzLWNlbnRyYWwxLWRvY2tlci5wa2cuZGV2L3NlcnZlcmxlc3MtcnVudGltZXMvZ29vZ2xlLTI0LWZ1bGwvcnVudGltZXMvbm9kZWpzMjRAAQ==","operationType":"UPDATE_FUNCTION","buildName":"projects/101841828420/locations/us-central1/builds/e551ca76-e8df-45b4-a9fb-6d8e74c47053"},"done":false}
[debug] [2025-12-03T18:50:00.678Z] Got source token Cldwcm9qZWN0cy8xMDE4NDE4Mjg0MjAvbG9jYXRpb25zL3VzLWNlbnRyYWwxL2J1aWxkcy9lNTUxY2E3Ni1lOGRmLTQ1YjQtYTlmYi02ZDhlNzRjNDcwNTMSb3VzLWNlbnRyYWwxLWRvY2tlci5wa2cuZGV2L2dsdWNvc2UtZ29vc2UvZ2NmLWFydGlmYWN0cy9nbHVjb3NlLS1nb29zZV9fdXMtLWNlbnRyYWwxX19kZWxldGVfdHJlYXRtZW50OnZlcnNpb25fMRjE9Pux+wIiRnByb2plY3RzL2dsdWNvc2UtZ29vc2UvbG9jYXRpb25zL3VzLWNlbnRyYWwxL2Z1bmN0aW9ucy9kZWxldGVUcmVhdG1lbnQqDAjRjMLJBhCQoPa5AjIIbm9kZWpzMjQ6dgojZ2NyLmlvL2dhZS1ydW50aW1lcy9ub2RlanMyNDpzdGFibGUST3VzLWNlbnRyYWwxLWRvY2tlci5wa2cuZGV2L3NlcnZlcmxlc3MtcnVudGltZXMvZ29vZ2xlLTI0LWZ1bGwvcnVudGltZXMvbm9kZWpzMjRAAQ== for region us-central1
[debug] [2025-12-03T18:50:00.685Z] <<< [apiv2][status] GET https://cloudfunctions.googleapis.com/v2/projects/glucose-goose/locations/us-central1/operations/operation-1764787736763-64510aa275d76-65ea64d3-7b0d2fe9 200
[debug] [2025-12-03T18:50:00.685Z] <<< [apiv2][body] GET https://cloudfunctions.googleapis.com/v2/projects/glucose-goose/locations/us-central1/operations/operation-1764787736763-64510aa275d76-65ea64d3-7b0d2fe9 {"name":"projects/glucose-goose/locations/us-central1/operations/operation-1764787736763-64510aa275d76-65ea64d3-7b0d2fe9","metadata":{"@type":"type.googleapis.com/google.cloud.functions.v2.OperationMetadata","createTime":"2025-12-03T18:48:57.325704143Z","target":"projects/glucose-goose/locations/us-central1/functions/updateTreatment","verb":"update","cancelRequested":false,"apiVersion":"v2","requestResource":{"@type":"type.googleapis.com/google.cloud.functions.v2.Function","name":"projects/glucose-goose/locations/us-central1/functions/updateTreatment","buildConfig":{"runtime":"nodejs24","entryPoint":"updateTreatment","source":{"storageSource":{"bucket":"gcf-v2-sources-101841828420-us-central1","object":"updateTreatment/function-source.zip","generation":"1764787737282647"}},"environmentVariables":{"GOOGLE_NODE_RUN_SCRIPTS":""},"dockerRepository":"projects/glucose-goose/locations/us-central1/repositories/gcf-artifacts","serviceAccount":"projects/glucose-goose/serviceAccounts/101841828420-compute@developer.gserviceaccount.com","automaticUpdatePolicy":{}},"serviceConfig":{"service":"projects/glucose-goose/locations/us-central1/services/updatetreatment","timeoutSeconds":60,"environmentVariables":{"FIREBASE_CONFIG":"{\"projectId\":\"glucose-goose\",\"storageBucket\":\"glucose-goose.firebasestorage.app\"}","GCLOUD_PROJECT":"glucose-goose","EVENTARC_CLOUD_EVENT_SOURCE":"projects/glucose-goose/locations/us-central1/services/updateTreatment","FUNCTION_TARGET":"updateTreatment","LOG_EXECUTION_ID":"true","FUNCTION_SIGNATURE_TYPE":"http"},"ingressSettings":"ALLOW_ALL","uri":"https://updatetreatment-ft7us77rra-uc.a.run.app","serviceAccountEmail":"101841828420-compute@developer.gserviceaccount.com","availableMemory":"256Mi","allTrafficOnLatestRevision":true,"revision":"updatetreatment-00015-say","maxInstanceRequestConcurrency":80,"availableCpu":"1"},"state":"ACTIVE","labels":{"deployment-tool":"cli-firebase","firebase-functions-hash":"2503a7df87e0207037f5c1ac0e69a86deec4e126"},"environment":"GEN_2","url":"https://us-central1-glucose-goose.cloudfunctions.net/updateTreatment","satisfiesPzi":true},"stages":[{"name":"BUILD","message":"Build finished","state":"COMPLETE","resource":"projects/101841828420/locations/us-central1/builds/ca2d353f-89b4-4cd6-8757-3e63c92e4cb3","resourceUri":"https://console.cloud.google.com/cloud-build/builds;region=us-central1/ca2d353f-89b4-4cd6-8757-3e63c92e4cb3?project=101841828420"},{"name":"SERVICE","message":"Updating Cloud Run service","state":"IN_PROGRESS","resource":"projects/glucose-goose/locations/us-central1/services/updatetreatment","resourceUri":"https://console.cloud.google.com/run/detail/us-central1/updatetreatment?project=glucose-goose","stateMessages":[{"severity":"INFO","type":"CloudRunServiceNewRevisionTrafficInfo","message":"A new revision will be deployed serving with 100% traffic."}]}],"sourceToken":"Cldwcm9qZWN0cy8xMDE4NDE4Mjg0MjAvbG9jYXRpb25zL3VzLWNlbnRyYWwxL2J1aWxkcy9jYTJkMzUzZi04OWI0LTRjZDYtODc1Ny0zZTYzYzkyZTRjYjMSb3VzLWNlbnRyYWwxLWRvY2tlci5wa2cuZGV2L2dsdWNvc2UtZ29vc2UvZ2NmLWFydGlmYWN0cy9nbHVjb3NlLS1nb29zZV9fdXMtLWNlbnRyYWwxX191cGRhdGVfdHJlYXRtZW50OnZlcnNpb25fMRjE9Pux+wIiRnByb2plY3RzL2dsdWNvc2UtZ29vc2UvbG9jYXRpb25zL3VzLWNlbnRyYWwxL2Z1bmN0aW9ucy91cGRhdGVUcmVhdG1lbnQqCwjLjMLJBhCAgN1eMghub2RlanMyNDp2CiNnY3IuaW8vZ2FlLXJ1bnRpbWVzL25vZGVqczI0OnN0YWJsZRJPdXMtY2VudHJhbDEtZG9ja2VyLnBrZy5kZXYvc2VydmVybGVzcy1ydW50aW1lcy9nb29nbGUtMjQtZnVsbC9ydW50aW1lcy9ub2RlanMyNEAB","operationType":"UPDATE_FUNCTION","buildName":"projects/101841828420/locations/us-central1/builds/ca2d353f-89b4-4cd6-8757-3e63c92e4cb3"},"done":false}
[debug] [2025-12-03T18:50:00.685Z] Got source token Cldwcm9qZWN0cy8xMDE4NDE4Mjg0MjAvbG9jYXRpb25zL3VzLWNlbnRyYWwxL2J1aWxkcy9jYTJkMzUzZi04OWI0LTRjZDYtODc1Ny0zZTYzYzkyZTRjYjMSb3VzLWNlbnRyYWwxLWRvY2tlci5wa2cuZGV2L2dsdWNvc2UtZ29vc2UvZ2NmLWFydGlmYWN0cy9nbHVjb3NlLS1nb29zZV9fdXMtLWNlbnRyYWwxX191cGRhdGVfdHJlYXRtZW50OnZlcnNpb25fMRjE9Pux+wIiRnByb2plY3RzL2dsdWNvc2UtZ29vc2UvbG9jYXRpb25zL3VzLWNlbnRyYWwxL2Z1bmN0aW9ucy91cGRhdGVUcmVhdG1lbnQqCwjLjMLJBhCAgN1eMghub2RlanMyNDp2CiNnY3IuaW8vZ2FlLXJ1bnRpbWVzL25vZGVqczI0OnN0YWJsZRJPdXMtY2VudHJhbDEtZG9ja2VyLnBrZy5kZXYvc2VydmVybGVzcy1ydW50aW1lcy9nb29nbGUtMjQtZnVsbC9ydW50aW1lcy9ub2RlanMyNEAB for region us-central1
[debug] [2025-12-03T18:50:00.769Z] <<< [apiv2][status] GET https://cloudfunctions.googleapis.com/v2/projects/glucose-goose/locations/us-central1/operations/operation-1764787736809-64510aa280f39-3485537d-c91d4a75 200
[debug] [2025-12-03T18:50:00.769Z] <<< [apiv2][body] GET https://cloudfunctions.googleapis.com/v2/projects/glucose-goose/locations/us-central1/operations/operation-1764787736809-64510aa280f39-3485537d-c91d4a75 {"name":"projects/glucose-goose/locations/us-central1/operations/operation-1764787736809-64510aa280f39-3485537d-c91d4a75","metadata":{"@type":"type.googleapis.com/google.cloud.functions.v2.OperationMetadata","createTime":"2025-12-03T18:48:57.393265238Z","target":"projects/glucose-goose/locations/us-central1/functions/getNightscoutBundle","verb":"update","cancelRequested":false,"apiVersion":"v2","requestResource":{"@type":"type.googleapis.com/google.cloud.functions.v2.Function","name":"projects/glucose-goose/locations/us-central1/functions/getNightscoutBundle","buildConfig":{"runtime":"nodejs24","entryPoint":"getNightscoutBundle","source":{"storageSource":{"bucket":"gcf-v2-sources-101841828420-us-central1","object":"getNightscoutBundle/function-source.zip","generation":"1764787737343823"}},"environmentVariables":{"GOOGLE_NODE_RUN_SCRIPTS":""},"dockerRepository":"projects/glucose-goose/locations/us-central1/repositories/gcf-artifacts","serviceAccount":"projects/glucose-goose/serviceAccounts/101841828420-compute@developer.gserviceaccount.com","automaticUpdatePolicy":{}},"serviceConfig":{"service":"projects/glucose-goose/locations/us-central1/services/getnightscoutbundle","timeoutSeconds":60,"environmentVariables":{"FIREBASE_CONFIG":"{\"projectId\":\"glucose-goose\",\"storageBucket\":\"glucose-goose.firebasestorage.app\"}","GCLOUD_PROJECT":"glucose-goose","EVENTARC_CLOUD_EVENT_SOURCE":"projects/glucose-goose/locations/us-central1/services/getNightscoutBundle","FUNCTION_TARGET":"getNightscoutBundle","LOG_EXECUTION_ID":"true","FUNCTION_SIGNATURE_TYPE":"http"},"ingressSettings":"ALLOW_ALL","uri":"https://getnightscoutbundle-ft7us77rra-uc.a.run.app","serviceAccountEmail":"101841828420-compute@developer.gserviceaccount.com","availableMemory":"256Mi","allTrafficOnLatestRevision":true,"revision":"getnightscoutbundle-00024-rug","maxInstanceRequestConcurrency":80,"availableCpu":"1"},"state":"ACTIVE","labels":{"deployment-tool":"cli-firebase","firebase-functions-hash":"2503a7df87e0207037f5c1ac0e69a86deec4e126"},"environment":"GEN_2","url":"https://us-central1-glucose-goose.cloudfunctions.net/getNightscoutBundle","satisfiesPzi":true},"stages":[{"name":"BUILD","message":"Build finished","state":"COMPLETE","resource":"projects/101841828420/locations/us-central1/builds/076e798e-2272-48dc-95f2-93d821b0a053","resourceUri":"https://console.cloud.google.com/cloud-build/builds;region=us-central1/076e798e-2272-48dc-95f2-93d821b0a053?project=101841828420"},{"name":"SERVICE","message":"Updating Cloud Run service","state":"IN_PROGRESS","resource":"projects/glucose-goose/locations/us-central1/services/getnightscoutbundle","resourceUri":"https://console.cloud.google.com/run/detail/us-central1/getnightscoutbundle?project=glucose-goose","stateMessages":[{"severity":"INFO","type":"CloudRunServiceNewRevisionTrafficInfo","message":"A new revision will be deployed serving with 100% traffic."}]}],"sourceToken":"Cldwcm9qZWN0cy8xMDE4NDE4Mjg0MjAvbG9jYXRpb25zL3VzLWNlbnRyYWwxL2J1aWxkcy8wNzZlNzk4ZS0yMjcyLTQ4ZGMtOTVmMi05M2Q4MjFiMGEwNTMSdHVzLWNlbnRyYWwxLWRvY2tlci5wa2cuZGV2L2dsdWNvc2UtZ29vc2UvZ2NmLWFydGlmYWN0cy9nbHVjb3NlLS1nb29zZV9fdXMtLWNlbnRyYWwxX19nZXRfbmlnaHRzY291dF9idW5kbGU6dmVyc2lvbl8xGMT0+7H7AiJKcHJvamVjdHMvZ2x1Y29zZS1nb29zZS9sb2NhdGlvbnMvdXMtY2VudHJhbDEvZnVuY3Rpb25zL2dldE5pZ2h0c2NvdXRCdW5kbGUqDAjIjMLJBhDwh/KCAjIIbm9kZWpzMjQ6dgojZ2NyLmlvL2dhZS1ydW50aW1lcy9ub2RlanMyNDpzdGFibGUST3VzLWNlbnRyYWwxLWRvY2tlci5wa2cuZGV2L3NlcnZlcmxlc3MtcnVudGltZXMvZ29vZ2xlLTI0LWZ1bGwvcnVudGltZXMvbm9kZWpzMjRAAQ==","operationType":"UPDATE_FUNCTION","buildName":"projects/101841828420/locations/us-central1/builds/076e798e-2272-48dc-95f2-93d821b0a053"},"done":false}
[debug] [2025-12-03T18:50:00.769Z] Got source token Cldwcm9qZWN0cy8xMDE4NDE4Mjg0MjAvbG9jYXRpb25zL3VzLWNlbnRyYWwxL2J1aWxkcy8wNzZlNzk4ZS0yMjcyLTQ4ZGMtOTVmMi05M2Q4MjFiMGEwNTMSdHVzLWNlbnRyYWwxLWRvY2tlci5wa2cuZGV2L2dsdWNvc2UtZ29vc2UvZ2NmLWFydGlmYWN0cy9nbHVjb3NlLS1nb29zZV9fdXMtLWNlbnRyYWwxX19nZXRfbmlnaHRzY291dF9idW5kbGU6dmVyc2lvbl8xGMT0+7H7AiJKcHJvamVjdHMvZ2x1Y29zZS1nb29zZS9sb2NhdGlvbnMvdXMtY2VudHJhbDEvZnVuY3Rpb25zL2dldE5pZ2h0c2NvdXRCdW5kbGUqDAjIjMLJBhDwh/KCAjIIbm9kZWpzMjQ6dgojZ2NyLmlvL2dhZS1ydW50aW1lcy9ub2RlanMyNDpzdGFibGUST3VzLWNlbnRyYWwxLWRvY2tlci5wa2cuZGV2L3NlcnZlcmxlc3MtcnVudGltZXMvZ29vZ2xlLTI0LWZ1bGwvcnVudGltZXMvbm9kZWpzMjRAAQ== for region us-central1
[debug] [2025-12-03T18:50:10.683Z] [update-default-us-central1-deleteTreatment] Retrying task index 0
[debug] [2025-12-03T18:50:10.684Z] Checked if tokens are valid: true, expires at: 1764789425255
[debug] [2025-12-03T18:50:10.684Z] Checked if tokens are valid: true, expires at: 1764789425255
[debug] [2025-12-03T18:50:10.684Z] >>> [apiv2][query] GET https://cloudfunctions.googleapis.com/v2/projects/glucose-goose/locations/us-central1/operations/operation-1764787736643-64510aa2587bb-99ffc402-ee6ce262 [none]
[debug] [2025-12-03T18:50:10.688Z] [update-default-us-central1-updateTreatment] Retrying task index 0
[debug] [2025-12-03T18:50:10.688Z] Checked if tokens are valid: true, expires at: 1764789425255
[debug] [2025-12-03T18:50:10.689Z] Checked if tokens are valid: true, expires at: 1764789425255
[debug] [2025-12-03T18:50:10.690Z] >>> [apiv2][query] GET https://cloudfunctions.googleapis.com/v2/projects/glucose-goose/locations/us-central1/operations/operation-1764787736763-64510aa275d76-65ea64d3-7b0d2fe9 [none]
[debug] [2025-12-03T18:50:10.771Z] [update-default-us-central1-getNightscoutBundle] Retrying task index 0
[debug] [2025-12-03T18:50:10.771Z] Checked if tokens are valid: true, expires at: 1764789425255
[debug] [2025-12-03T18:50:10.772Z] Checked if tokens are valid: true, expires at: 1764789425255
[debug] [2025-12-03T18:50:10.772Z] >>> [apiv2][query] GET https://cloudfunctions.googleapis.com/v2/projects/glucose-goose/locations/us-central1/operations/operation-1764787736809-64510aa280f39-3485537d-c91d4a75 [none]
[debug] [2025-12-03T18:50:11.540Z] <<< [apiv2][status] GET https://cloudfunctions.googleapis.com/v2/projects/glucose-goose/locations/us-central1/operations/operation-1764787736763-64510aa275d76-65ea64d3-7b0d2fe9 200
[debug] [2025-12-03T18:50:11.541Z] <<< [apiv2][body] GET https://cloudfunctions.googleapis.com/v2/projects/glucose-goose/locations/us-central1/operations/operation-1764787736763-64510aa275d76-65ea64d3-7b0d2fe9 {"name":"projects/glucose-goose/locations/us-central1/operations/operation-1764787736763-64510aa275d76-65ea64d3-7b0d2fe9","metadata":{"@type":"type.googleapis.com/google.cloud.functions.v2.OperationMetadata","createTime":"2025-12-03T18:48:57.325704143Z","endTime":"2025-12-03T18:50:02.788886092Z","target":"projects/glucose-goose/locations/us-central1/functions/updateTreatment","verb":"update","cancelRequested":false,"apiVersion":"v2","requestResource":{"@type":"type.googleapis.com/google.cloud.functions.v2.Function","name":"projects/glucose-goose/locations/us-central1/functions/updateTreatment","buildConfig":{"runtime":"nodejs24","entryPoint":"updateTreatment","source":{"storageSource":{"bucket":"gcf-v2-sources-101841828420-us-central1","object":"updateTreatment/function-source.zip","generation":"1764787737282647"}},"environmentVariables":{"GOOGLE_NODE_RUN_SCRIPTS":""},"dockerRepository":"projects/glucose-goose/locations/us-central1/repositories/gcf-artifacts","serviceAccount":"projects/glucose-goose/serviceAccounts/101841828420-compute@developer.gserviceaccount.com","automaticUpdatePolicy":{}},"serviceConfig":{"service":"projects/glucose-goose/locations/us-central1/services/updatetreatment","timeoutSeconds":60,"environmentVariables":{"FIREBASE_CONFIG":"{\"projectId\":\"glucose-goose\",\"storageBucket\":\"glucose-goose.firebasestorage.app\"}","GCLOUD_PROJECT":"glucose-goose","EVENTARC_CLOUD_EVENT_SOURCE":"projects/glucose-goose/locations/us-central1/services/updateTreatment","FUNCTION_TARGET":"updateTreatment","LOG_EXECUTION_ID":"true","FUNCTION_SIGNATURE_TYPE":"http"},"ingressSettings":"ALLOW_ALL","uri":"https://updatetreatment-ft7us77rra-uc.a.run.app","serviceAccountEmail":"101841828420-compute@developer.gserviceaccount.com","availableMemory":"256Mi","allTrafficOnLatestRevision":true,"revision":"updatetreatment-00015-say","maxInstanceRequestConcurrency":80,"availableCpu":"1"},"state":"ACTIVE","labels":{"deployment-tool":"cli-firebase","firebase-functions-hash":"2503a7df87e0207037f5c1ac0e69a86deec4e126"},"environment":"GEN_2","url":"https://us-central1-glucose-goose.cloudfunctions.net/updateTreatment","satisfiesPzi":true},"stages":[{"name":"SERVICE","state":"NOT_STARTED"}],"operationType":"UPDATE_FUNCTION"},"done":true,"error":{"code":3,"message":"Could not create or update Cloud Run service updatetreatment, Container Healthcheck failed. The user-provided container failed to start and listen on the port defined provided by the PORT=8080 environment variable within the allocated timeout. This can happen when the container port is misconfigured or if the timeout is too short. The health check timeout can be extended. Logs for this revision might contain more information.\n\nLogs URL: https://console.cloud.google.com/logs/viewer?project=glucose-goose&resource=cloud_run_revision/service_name/updatetreatment/revision_name/updatetreatment-00016-hit&advancedFilter=resource.type%3D%22cloud_run_revision%22%0Aresource.labels.service_name%3D%22updatetreatment%22%0Aresource.labels.revision_name%3D%22updatetreatment-00016-hit%22 \nFor more troubleshooting guidance, see https://cloud.google.com/run/docs/troubleshooting#container-failed-to-start"}}
[debug] [2025-12-03T18:50:11.541Z] Got source token undefined for region us-central1
[error] Could not create or update Cloud Run service updatetreatment, Container Healthcheck failed. The user-provided container failed to start and listen on the port defined provided by the PORT=8080 environment variable within the allocated timeout. This can happen when the container port is misconfigured or if the timeout is too short. The health check timeout can be extended. Logs for this revision might contain more information.

Logs URL: https://console.cloud.google.com/logs/viewer?project=glucose-goose&resource=cloud_run_revision/service_name/updatetreatment/revision_name/updatetreatment-00016-hit&advancedFilter=resource.type%3D%22cloud_run_revision%22%0Aresource.labels.service_name%3D%22updatetreatment%22%0Aresource.labels.revision_name%3D%22updatetreatment-00016-hit%22 
For more troubleshooting guidance, see https://cloud.google.com/run/docs/troubleshooting#container-failed-to-start
[debug] [2025-12-03T18:50:11.560Z] <<< [apiv2][status] GET https://cloudfunctions.googleapis.com/v2/projects/glucose-goose/locations/us-central1/operations/operation-1764787736643-64510aa2587bb-99ffc402-ee6ce262 200
[debug] [2025-12-03T18:50:11.561Z] <<< [apiv2][body] GET https://cloudfunctions.googleapis.com/v2/projects/glucose-goose/locations/us-central1/operations/operation-1764787736643-64510aa2587bb-99ffc402-ee6ce262 {"name":"projects/glucose-goose/locations/us-central1/operations/operation-1764787736643-64510aa2587bb-99ffc402-ee6ce262","metadata":{"@type":"type.googleapis.com/google.cloud.functions.v2.OperationMetadata","createTime":"2025-12-03T18:48:57.226871605Z","endTime":"2025-12-03T18:50:04.600060657Z","target":"projects/glucose-goose/locations/us-central1/functions/deleteTreatment","verb":"update","cancelRequested":false,"apiVersion":"v2","requestResource":{"@type":"type.googleapis.com/google.cloud.functions.v2.Function","name":"projects/glucose-goose/locations/us-central1/functions/deleteTreatment","buildConfig":{"runtime":"nodejs24","entryPoint":"deleteTreatment","source":{"storageSource":{"bucket":"gcf-v2-sources-101841828420-us-central1","object":"deleteTreatment/function-source.zip","generation":"1764787737181534"}},"environmentVariables":{"GOOGLE_NODE_RUN_SCRIPTS":""},"dockerRepository":"projects/glucose-goose/locations/us-central1/repositories/gcf-artifacts","serviceAccount":"projects/glucose-goose/serviceAccounts/101841828420-compute@developer.gserviceaccount.com","automaticUpdatePolicy":{}},"serviceConfig":{"service":"projects/glucose-goose/locations/us-central1/services/deletetreatment","timeoutSeconds":60,"environmentVariables":{"FIREBASE_CONFIG":"{\"projectId\":\"glucose-goose\",\"storageBucket\":\"glucose-goose.firebasestorage.app\"}","GCLOUD_PROJECT":"glucose-goose","EVENTARC_CLOUD_EVENT_SOURCE":"projects/glucose-goose/locations/us-central1/services/deleteTreatment","FUNCTION_TARGET":"deleteTreatment","LOG_EXECUTION_ID":"true","FUNCTION_SIGNATURE_TYPE":"http"},"ingressSettings":"ALLOW_ALL","uri":"https://deletetreatment-ft7us77rra-uc.a.run.app","serviceAccountEmail":"101841828420-compute@developer.gserviceaccount.com","availableMemory":"256Mi","allTrafficOnLatestRevision":true,"revision":"deletetreatment-00009-mek","maxInstanceRequestConcurrency":80,"availableCpu":"1"},"state":"ACTIVE","labels":{"deployment-tool":"cli-firebase","firebase-functions-hash":"2503a7df87e0207037f5c1ac0e69a86deec4e126"},"environment":"GEN_2","url":"https://us-central1-glucose-goose.cloudfunctions.net/deleteTreatment","satisfiesPzi":true},"stages":[{"name":"SERVICE","state":"NOT_STARTED"}],"operationType":"UPDATE_FUNCTION"},"done":true,"error":{"code":3,"message":"Could not create or update Cloud Run service deletetreatment, Container Healthcheck failed. The user-provided container failed to start and listen on the port defined provided by the PORT=8080 environment variable within the allocated timeout. This can happen when the container port is misconfigured or if the timeout is too short. The health check timeout can be extended. Logs for this revision might contain more information.\n\nLogs URL: https://console.cloud.google.com/logs/viewer?project=glucose-goose&resource=cloud_run_revision/service_name/deletetreatment/revision_name/deletetreatment-00010-fer&advancedFilter=resource.type%3D%22cloud_run_revision%22%0Aresource.labels.service_name%3D%22deletetreatment%22%0Aresource.labels.revision_name%3D%22deletetreatment-00010-fer%22 \nFor more troubleshooting guidance, see https://cloud.google.com/run/docs/troubleshooting#container-failed-to-start"}}
[debug] [2025-12-03T18:50:11.561Z] Got source token undefined for region us-central1
[error] Could not create or update Cloud Run service deletetreatment, Container Healthcheck failed. The user-provided container failed to start and listen on the port defined provided by the PORT=8080 environment variable within the allocated timeout. This can happen when the container port is misconfigured or if the timeout is too short. The health check timeout can be extended. Logs for this revision might contain more information.

Logs URL: https://console.cloud.google.com/logs/viewer?project=glucose-goose&resource=cloud_run_revision/service_name/deletetreatment/revision_name/deletetreatment-00010-fer&advancedFilter=resource.type%3D%22cloud_run_revision%22%0Aresource.labels.service_name%3D%22deletetreatment%22%0Aresource.labels.revision_name%3D%22deletetreatment-00010-fer%22 
For more troubleshooting guidance, see https://cloud.google.com/run/docs/troubleshooting#container-failed-to-start
[debug] [2025-12-03T18:50:11.640Z] <<< [apiv2][status] GET https://cloudfunctions.googleapis.com/v2/projects/glucose-goose/locations/us-central1/operations/operation-1764787736809-64510aa280f39-3485537d-c91d4a75 200
[debug] [2025-12-03T18:50:11.641Z] <<< [apiv2][body] GET https://cloudfunctions.googleapis.com/v2/projects/glucose-goose/locations/us-central1/operations/operation-1764787736809-64510aa280f39-3485537d-c91d4a75 {"name":"projects/glucose-goose/locations/us-central1/operations/operation-1764787736809-64510aa280f39-3485537d-c91d4a75","metadata":{"@type":"type.googleapis.com/google.cloud.functions.v2.OperationMetadata","createTime":"2025-12-03T18:48:57.393265238Z","endTime":"2025-12-03T18:50:05.229193700Z","target":"projects/glucose-goose/locations/us-central1/functions/getNightscoutBundle","verb":"update","cancelRequested":false,"apiVersion":"v2","requestResource":{"@type":"type.googleapis.com/google.cloud.functions.v2.Function","name":"projects/glucose-goose/locations/us-central1/functions/getNightscoutBundle","buildConfig":{"runtime":"nodejs24","entryPoint":"getNightscoutBundle","source":{"storageSource":{"bucket":"gcf-v2-sources-101841828420-us-central1","object":"getNightscoutBundle/function-source.zip","generation":"1764787737343823"}},"environmentVariables":{"GOOGLE_NODE_RUN_SCRIPTS":""},"dockerRepository":"projects/glucose-goose/locations/us-central1/repositories/gcf-artifacts","serviceAccount":"projects/glucose-goose/serviceAccounts/101841828420-compute@developer.gserviceaccount.com","automaticUpdatePolicy":{}},"serviceConfig":{"service":"projects/glucose-goose/locations/us-central1/services/getnightscoutbundle","timeoutSeconds":60,"environmentVariables":{"FIREBASE_CONFIG":"{\"projectId\":\"glucose-goose\",\"storageBucket\":\"glucose-goose.firebasestorage.app\"}","GCLOUD_PROJECT":"glucose-goose","EVENTARC_CLOUD_EVENT_SOURCE":"projects/glucose-goose/locations/us-central1/services/getNightscoutBundle","FUNCTION_TARGET":"getNightscoutBundle","LOG_EXECUTION_ID":"true","FUNCTION_SIGNATURE_TYPE":"http"},"ingressSettings":"ALLOW_ALL","uri":"https://getnightscoutbundle-ft7us77rra-uc.a.run.app","serviceAccountEmail":"101841828420-compute@developer.gserviceaccount.com","availableMemory":"256Mi","allTrafficOnLatestRevision":true,"revision":"getnightscoutbundle-00024-rug","maxInstanceRequestConcurrency":80,"availableCpu":"1"},"state":"ACTIVE","labels":{"deployment-tool":"cli-firebase","firebase-functions-hash":"2503a7df87e0207037f5c1ac0e69a86deec4e126"},"environment":"GEN_2","url":"https://us-central1-glucose-goose.cloudfunctions.net/getNightscoutBundle","satisfiesPzi":true},"stages":[{"name":"SERVICE","state":"NOT_STARTED"}],"operationType":"UPDATE_FUNCTION"},"done":true,"error":{"code":3,"message":"Could not create or update Cloud Run service getnightscoutbundle, Container Healthcheck failed. The user-provided container failed to start and listen on the port defined provided by the PORT=8080 environment variable within the allocated timeout. This can happen when the container port is misconfigured or if the timeout is too short. The health check timeout can be extended. Logs for this revision might contain more information.\n\nLogs URL: https://console.cloud.google.com/logs/viewer?project=glucose-goose&resource=cloud_run_revision/service_name/getnightscoutbundle/revision_name/getnightscoutbundle-00025-biw&advancedFilter=resource.type%3D%22cloud_run_revision%22%0Aresource.labels.service_name%3D%22getnightscoutbundle%22%0Aresource.labels.revision_name%3D%22getnightscoutbundle-00025-biw%22 \nFor more troubleshooting guidance, see https://cloud.google.com/run/docs/troubleshooting#container-failed-to-start"}}
[debug] [2025-12-03T18:50:11.641Z] Got source token undefined for region us-central1
[error] Could not create or update Cloud Run service getnightscoutbundle, Container Healthcheck failed. The user-provided container failed to start and listen on the port defined provided by the PORT=8080 environment variable within the allocated timeout. This can happen when the container port is misconfigured or if the timeout is too short. The health check timeout can be extended. Logs for this revision might contain more information.

Logs URL: https://console.cloud.google.com/logs/viewer?project=glucose-goose&resource=cloud_run_revision/service_name/getnightscoutbundle/revision_name/getnightscoutbundle-00025-biw&advancedFilter=resource.type%3D%22cloud_run_revision%22%0Aresource.labels.service_name%3D%22getnightscoutbundle%22%0Aresource.labels.revision_name%3D%22getnightscoutbundle-00025-biw%22 
For more troubleshooting guidance, see https://cloud.google.com/run/docs/troubleshooting#container-failed-to-start
[debug] [2025-12-03T18:50:11.645Z] Total Function Deployment time: 119521
[debug] [2025-12-03T18:50:11.645Z] 6 Functions Deployed
[debug] [2025-12-03T18:50:11.645Z] 5 Functions Errored
[debug] [2025-12-03T18:50:11.645Z] 0 Function Deployments Aborted
[debug] [2025-12-03T18:50:11.645Z] Average Function Deployment time: 84097
[info] 
[info] Functions deploy had errors with the following functions:
	addTreatment(us-central1)
	deleteTreatment(us-central1)
	getNightscoutBundle(us-central1)
	simulateGlucose(us-central1)
	updateTreatment(us-central1)
[debug] [2025-12-03T18:50:11.648Z] Not printing URL for HTTPS function. Typically this means it didn't match a filter or we failed deployment
[debug] [2025-12-03T18:50:11.648Z] Not printing URL for HTTPS function. Typically this means it didn't match a filter or we failed deployment
[debug] [2025-12-03T18:50:11.649Z] Not printing URL for HTTPS function. Typically this means it didn't match a filter or we failed deployment
[debug] [2025-12-03T18:50:11.649Z] Not printing URL for HTTPS function. Typically this means it didn't match a filter or we failed deployment
[debug] [2025-12-03T18:50:11.651Z] Checked if tokens are valid: true, expires at: 1764789425255
[debug] [2025-12-03T18:50:11.651Z] Checked if tokens are valid: true, expires at: 1764789425255
[debug] [2025-12-03T18:50:11.651Z] >>> [apiv2][query] GET https://artifactregistry.googleapis.com/v1/projects/glucose-goose/locations/us-central1/repositories/gcf-artifacts [none]
[debug] [2025-12-03T18:50:12.506Z] <<< [apiv2][status] GET https://artifactregistry.googleapis.com/v1/projects/glucose-goose/locations/us-central1/repositories/gcf-artifacts 200
[debug] [2025-12-03T18:50:12.507Z] <<< [apiv2][body] GET https://artifactregistry.googleapis.com/v1/projects/glucose-goose/locations/us-central1/repositories/gcf-artifacts {"name":"projects/glucose-goose/locations/us-central1/repositories/gcf-artifacts","format":"DOCKER","description":"This repository is created and used by Cloud Functions for storing function docker images.","labels":{"goog-managed-by":"cloudfunctions"},"createTime":"2025-11-24T21:30:11.745693Z","updateTime":"2025-12-03T18:49:46.887030Z","mode":"STANDARD_REPOSITORY","cleanupPolicies":{"firebase-functions-cleanup":{"id":"firebase-functions-cleanup","action":"DELETE","condition":{"tagState":"ANY","olderThan":"86400s"}}},"sizeBytes":"160888445","vulnerabilityScanningConfig":{"lastEnableTime":"2025-11-24T21:30:03.295976032Z","enablementState":"SCANNING_DISABLED","enablementStateReason":"API containerscanning.googleapis.com is not enabled."},"satisfiesPzi":true,"registryUri":"us-central1-docker.pkg.dev/glucose-goose/gcf-artifacts"}
[debug] [2025-12-03T18:50:12.508Z] Functions deploy failed.
[debug] [2025-12-03T18:50:12.508Z] {
  "endpoint": {
    "id": "addTreatment",
    "project": "glucose-goose",
    "region": "us-central1",
    "entryPoint": "addTreatment",
    "platform": "gcfv2",
    "runtime": "nodejs24",
    "httpsTrigger": {},
    "labels": {
      "deployment-tool": "cli-firebase"
    },
    "serviceAccount": null,
    "ingressSettings": null,
    "availableMemoryMb": null,
    "timeoutSeconds": null,
    "maxInstances": null,
    "minInstances": null,
    "concurrency": 80,
    "vpc": null,
    "environmentVariables": {
      "FIREBASE_CONFIG": "{\"projectId\":\"glucose-goose\",\"storageBucket\":\"glucose-goose.firebasestorage.app\"}",
      "GCLOUD_PROJECT": "glucose-goose",
      "EVENTARC_CLOUD_EVENT_SOURCE": "projects/glucose-goose/locations/us-central1/services/addTreatment",
      "FUNCTION_TARGET": "addTreatment",
      "LOG_EXECUTION_ID": "true",
      "FUNCTION_SIGNATURE_TYPE": "http"
    },
    "codebase": "default",
    "runServiceId": "addtreatment",
    "cpu": 1,
    "securityLevel": "SECURE_ALWAYS",
    "targetedByOnly": false,
    "hash": "2503a7df87e0207037f5c1ac0e69a86deec4e126"
  },
  "op": "update",
  "original": {
    "name": "FirebaseError",
    "children": [],
    "exit": 1,
    "message": "Could not create or update Cloud Run service addtreatment, Container Healthcheck failed. The user-provided container failed to start and listen on the port defined provided by the PORT=8080 environment variable within the allocated timeout. This can happen when the container port is misconfigured or if the timeout is too short. The health check timeout can be extended. Logs for this revision might contain more information.\n\nLogs URL: https://console.cloud.google.com/logs/viewer?project=glucose-goose&resource=cloud_run_revision/service_name/addtreatment/revision_name/addtreatment-00023-xex&advancedFilter=resource.type%3D%22cloud_run_revision%22%0Aresource.labels.service_name%3D%22addtreatment%22%0Aresource.labels.revision_name%3D%22addtreatment-00023-xex%22 \nFor more troubleshooting guidance, see https://cloud.google.com/run/docs/troubleshooting#container-failed-to-start",
    "original": {
      "code": 3,
      "message": "Could not create or update Cloud Run service addtreatment, Container Healthcheck failed. The user-provided container failed to start and listen on the port defined provided by the PORT=8080 environment variable within the allocated timeout. This can happen when the container port is misconfigured or if the timeout is too short. The health check timeout can be extended. Logs for this revision might contain more information.\n\nLogs URL: https://console.cloud.google.com/logs/viewer?project=glucose-goose&resource=cloud_run_revision/service_name/addtreatment/revision_name/addtreatment-00023-xex&advancedFilter=resource.type%3D%22cloud_run_revision%22%0Aresource.labels.service_name%3D%22addtreatment%22%0Aresource.labels.revision_name%3D%22addtreatment-00023-xex%22 \nFor more troubleshooting guidance, see https://cloud.google.com/run/docs/troubleshooting#container-failed-to-start"
    },
    "status": 3,
    "code": 3
  }
}
[debug] [2025-12-03T18:50:12.508Z] {
  "endpoint": {
    "id": "simulateGlucose",
    "project": "glucose-goose",
    "region": "us-central1",
    "entryPoint": "simulateGlucose",
    "platform": "gcfv2",
    "runtime": "nodejs24",
    "scheduleTrigger": {
      "schedule": "every 5 minutes",
      "timeZone": null,
      "retryConfig": {}
    },
    "labels": {
      "deployment-tool": "cli-firebase"
    },
    "secretEnvironmentVariables": [
      {
        "key": "NIGHTSCOUT_API_SECRET",
        "secret": "NIGHTSCOUT_API_SECRET",
        "projectId": "glucose-goose",
        "version": "2"
      },
      {
        "key": "NIGHTSCOUT_URL",
        "secret": "NIGHTSCOUT_URL",
        "projectId": "glucose-goose",
        "version": "1"
      }
    ],
    "serviceAccount": null,
    "ingressSettings": null,
    "availableMemoryMb": null,
    "timeoutSeconds": null,
    "maxInstances": null,
    "minInstances": null,
    "concurrency": 80,
    "vpc": null,
    "environmentVariables": {
      "FIREBASE_CONFIG": "{\"projectId\":\"glucose-goose\",\"storageBucket\":\"glucose-goose.firebasestorage.app\"}",
      "GCLOUD_PROJECT": "glucose-goose",
      "EVENTARC_CLOUD_EVENT_SOURCE": "projects/glucose-goose/locations/us-central1/services/simulateGlucose",
      "FUNCTION_TARGET": "simulateGlucose",
      "LOG_EXECUTION_ID": "true",
      "FUNCTION_SIGNATURE_TYPE": "http"
    },
    "codebase": "default",
    "runServiceId": "simulateglucose",
    "cpu": 1,
    "securityLevel": "SECURE_ALWAYS",
    "targetedByOnly": false,
    "hash": "312d19ecc6e89dbcbf4786f242c586d4457fbda3"
  },
  "op": "update",
  "original": {
    "name": "FirebaseError",
    "children": [],
    "exit": 1,
    "message": "Could not create or update Cloud Run service simulateglucose, Container Healthcheck failed. Revision 'simulateglucose-00005-xor' is not ready and cannot serve traffic. The user-provided container failed to start and listen on the port defined provided by the PORT=8080 environment variable within the allocated timeout. This can happen when the container port is misconfigured or if the timeout is too short. The health check timeout can be extended. Logs for this revision might contain more information.\n\nLogs URL: https://console.cloud.google.com/logs/viewer?project=glucose-goose&resource=cloud_run_revision/service_name/simulateglucose/revision_name/simulateglucose-00005-xor&advancedFilter=resource.type%3D%22cloud_run_revision%22%0Aresource.labels.service_name%3D%22simulateglucose%22%0Aresource.labels.revision_name%3D%22simulateglucose-00005-xor%22 \nFor more troubleshooting guidance, see https://cloud.google.com/run/docs/troubleshooting#container-failed-to-start",
    "original": {
      "code": 3,
      "message": "Could not create or update Cloud Run service simulateglucose, Container Healthcheck failed. Revision 'simulateglucose-00005-xor' is not ready and cannot serve traffic. The user-provided container failed to start and listen on the port defined provided by the PORT=8080 environment variable within the allocated timeout. This can happen when the container port is misconfigured or if the timeout is too short. The health check timeout can be extended. Logs for this revision might contain more information.\n\nLogs URL: https://console.cloud.google.com/logs/viewer?project=glucose-goose&resource=cloud_run_revision/service_name/simulateglucose/revision_name/simulateglucose-00005-xor&advancedFilter=resource.type%3D%22cloud_run_revision%22%0Aresource.labels.service_name%3D%22simulateglucose%22%0Aresource.labels.revision_name%3D%22simulateglucose-00005-xor%22 \nFor more troubleshooting guidance, see https://cloud.google.com/run/docs/troubleshooting#container-failed-to-start"
    },
    "status": 3,
    "code": 3
  }
}
[debug] [2025-12-03T18:50:12.509Z] {
  "endpoint": {
    "id": "updateTreatment",
    "project": "glucose-goose",
    "region": "us-central1",
    "entryPoint": "updateTreatment",
    "platform": "gcfv2",
    "runtime": "nodejs24",
    "httpsTrigger": {},
    "labels": {
      "deployment-tool": "cli-firebase"
    },
    "serviceAccount": null,
    "ingressSettings": null,
    "availableMemoryMb": null,
    "timeoutSeconds": null,
    "maxInstances": null,
    "minInstances": null,
    "concurrency": 80,
    "vpc": null,
    "environmentVariables": {
      "FIREBASE_CONFIG": "{\"projectId\":\"glucose-goose\",\"storageBucket\":\"glucose-goose.firebasestorage.app\"}",
      "GCLOUD_PROJECT": "glucose-goose",
      "EVENTARC_CLOUD_EVENT_SOURCE": "projects/glucose-goose/locations/us-central1/services/updateTreatment",
      "FUNCTION_TARGET": "updateTreatment",
      "LOG_EXECUTION_ID": "true",
      "FUNCTION_SIGNATURE_TYPE": "http"
    },
    "codebase": "default",
    "runServiceId": "updatetreatment",
    "cpu": 1,
    "securityLevel": "SECURE_ALWAYS",
    "targetedByOnly": false,
    "hash": "2503a7df87e0207037f5c1ac0e69a86deec4e126"
  },
  "op": "update",
  "original": {
    "name": "FirebaseError",
    "children": [],
    "exit": 1,
    "message": "Could not create or update Cloud Run service updatetreatment, Container Healthcheck failed. The user-provided container failed to start and listen on the port defined provided by the PORT=8080 environment variable within the allocated timeout. This can happen when the container port is misconfigured or if the timeout is too short. The health check timeout can be extended. Logs for this revision might contain more information.\n\nLogs URL: https://console.cloud.google.com/logs/viewer?project=glucose-goose&resource=cloud_run_revision/service_name/updatetreatment/revision_name/updatetreatment-00016-hit&advancedFilter=resource.type%3D%22cloud_run_revision%22%0Aresource.labels.service_name%3D%22updatetreatment%22%0Aresource.labels.revision_name%3D%22updatetreatment-00016-hit%22 \nFor more troubleshooting guidance, see https://cloud.google.com/run/docs/troubleshooting#container-failed-to-start",
    "original": {
      "code": 3,
      "message": "Could not create or update Cloud Run service updatetreatment, Container Healthcheck failed. The user-provided container failed to start and listen on the port defined provided by the PORT=8080 environment variable within the allocated timeout. This can happen when the container port is misconfigured or if the timeout is too short. The health check timeout can be extended. Logs for this revision might contain more information.\n\nLogs URL: https://console.cloud.google.com/logs/viewer?project=glucose-goose&resource=cloud_run_revision/service_name/updatetreatment/revision_name/updatetreatment-00016-hit&advancedFilter=resource.type%3D%22cloud_run_revision%22%0Aresource.labels.service_name%3D%22updatetreatment%22%0Aresource.labels.revision_name%3D%22updatetreatment-00016-hit%22 \nFor more troubleshooting guidance, see https://cloud.google.com/run/docs/troubleshooting#container-failed-to-start"
    },
    "status": 3,
    "code": 3
  }
}
[debug] [2025-12-03T18:50:12.509Z] {
  "endpoint": {
    "id": "deleteTreatment",
    "project": "glucose-goose",
    "region": "us-central1",
    "entryPoint": "deleteTreatment",
    "platform": "gcfv2",
    "runtime": "nodejs24",
    "httpsTrigger": {},
    "labels": {
      "deployment-tool": "cli-firebase"
    },
    "serviceAccount": null,
    "ingressSettings": null,
    "availableMemoryMb": null,
    "timeoutSeconds": null,
    "maxInstances": null,
    "minInstances": null,
    "concurrency": 80,
    "vpc": null,
    "environmentVariables": {
      "FIREBASE_CONFIG": "{\"projectId\":\"glucose-goose\",\"storageBucket\":\"glucose-goose.firebasestorage.app\"}",
      "GCLOUD_PROJECT": "glucose-goose",
      "EVENTARC_CLOUD_EVENT_SOURCE": "projects/glucose-goose/locations/us-central1/services/deleteTreatment",
      "FUNCTION_TARGET": "deleteTreatment",
      "LOG_EXECUTION_ID": "true",
      "FUNCTION_SIGNATURE_TYPE": "http"
    },
    "codebase": "default",
    "runServiceId": "deletetreatment",
    "cpu": 1,
    "securityLevel": "SECURE_ALWAYS",
    "targetedByOnly": false,
    "hash": "2503a7df87e0207037f5c1ac0e69a86deec4e126"
  },
  "op": "update",
  "original": {
    "name": "FirebaseError",
    "children": [],
    "exit": 1,
    "message": "Could not create or update Cloud Run service deletetreatment, Container Healthcheck failed. The user-provided container failed to start and listen on the port defined provided by the PORT=8080 environment variable within the allocated timeout. This can happen when the container port is misconfigured or if the timeout is too short. The health check timeout can be extended. Logs for this revision might contain more information.\n\nLogs URL: https://console.cloud.google.com/logs/viewer?project=glucose-goose&resource=cloud_run_revision/service_name/deletetreatment/revision_name/deletetreatment-00010-fer&advancedFilter=resource.type%3D%22cloud_run_revision%22%0Aresource.labels.service_name%3D%22deletetreatment%22%0Aresource.labels.revision_name%3D%22deletetreatment-00010-fer%22 \nFor more troubleshooting guidance, see https://cloud.google.com/run/docs/troubleshooting#container-failed-to-start",
    "original": {
      "code": 3,
      "message": "Could not create or update Cloud Run service deletetreatment, Container Healthcheck failed. The user-provided container failed to start and listen on the port defined provided by the PORT=8080 environment variable within the allocated timeout. This can happen when the container port is misconfigured or if the timeout is too short. The health check timeout can be extended. Logs for this revision might contain more information.\n\nLogs URL: https://console.cloud.google.com/logs/viewer?project=glucose-goose&resource=cloud_run_revision/service_name/deletetreatment/revision_name/deletetreatment-00010-fer&advancedFilter=resource.type%3D%22cloud_run_revision%22%0Aresource.labels.service_name%3D%22deletetreatment%22%0Aresource.labels.revision_name%3D%22deletetreatment-00010-fer%22 \nFor more troubleshooting guidance, see https://cloud.google.com/run/docs/troubleshooting#container-failed-to-start"
    },
    "status": 3,
    "code": 3
  }
}
[debug] [2025-12-03T18:50:12.509Z] {
  "endpoint": {
    "id": "getNightscoutBundle",
    "project": "glucose-goose",
    "region": "us-central1",
    "entryPoint": "getNightscoutBundle",
    "platform": "gcfv2",
    "runtime": "nodejs24",
    "httpsTrigger": {},
    "labels": {
      "deployment-tool": "cli-firebase"
    },
    "serviceAccount": null,
    "ingressSettings": null,
    "availableMemoryMb": null,
    "timeoutSeconds": null,
    "maxInstances": null,
    "minInstances": null,
    "concurrency": 80,
    "vpc": null,
    "environmentVariables": {
      "FIREBASE_CONFIG": "{\"projectId\":\"glucose-goose\",\"storageBucket\":\"glucose-goose.firebasestorage.app\"}",
      "GCLOUD_PROJECT": "glucose-goose",
      "EVENTARC_CLOUD_EVENT_SOURCE": "projects/glucose-goose/locations/us-central1/services/getNightscoutBundle",
      "FUNCTION_TARGET": "getNightscoutBundle",
      "LOG_EXECUTION_ID": "true",
      "FUNCTION_SIGNATURE_TYPE": "http"
    },
    "codebase": "default",
    "runServiceId": "getnightscoutbundle",
    "cpu": 1,
    "securityLevel": "SECURE_ALWAYS",
    "targetedByOnly": false,
    "hash": "2503a7df87e0207037f5c1ac0e69a86deec4e126"
  },
  "op": "update",
  "original": {
    "name": "FirebaseError",
    "children": [],
    "exit": 1,
    "message": "Could not create or update Cloud Run service getnightscoutbundle, Container Healthcheck failed. The user-provided container failed to start and listen on the port defined provided by the PORT=8080 environment variable within the allocated timeout. This can happen when the container port is misconfigured or if the timeout is too short. The health check timeout can be extended. Logs for this revision might contain more information.\n\nLogs URL: https://console.cloud.google.com/logs/viewer?project=glucose-goose&resource=cloud_run_revision/service_name/getnightscoutbundle/revision_name/getnightscoutbundle-00025-biw&advancedFilter=resource.type%3D%22cloud_run_revision%22%0Aresource.labels.service_name%3D%22getnightscoutbundle%22%0Aresource.labels.revision_name%3D%22getnightscoutbundle-00025-biw%22 \nFor more troubleshooting guidance, see https://cloud.google.com/run/docs/troubleshooting#container-failed-to-start",
    "original": {
      "code": 3,
      "message": "Could not create or update Cloud Run service getnightscoutbundle, Container Healthcheck failed. The user-provided container failed to start and listen on the port defined provided by the PORT=8080 environment variable within the allocated timeout. This can happen when the container port is misconfigured or if the timeout is too short. The health check timeout can be extended. Logs for this revision might contain more information.\n\nLogs URL: https://console.cloud.google.com/logs/viewer?project=glucose-goose&resource=cloud_run_revision/service_name/getnightscoutbundle/revision_name/getnightscoutbundle-00025-biw&advancedFilter=resource.type%3D%22cloud_run_revision%22%0Aresource.labels.service_name%3D%22getnightscoutbundle%22%0Aresource.labels.revision_name%3D%22getnightscoutbundle-00025-biw%22 \nFor more troubleshooting guidance, see https://cloud.google.com/run/docs/troubleshooting#container-failed-to-start"
    },
    "status": 3,
    "code": 3
  }
}
[error] Error: There was an error deploying functions:
[error] - Error Failed to update function addTreatment in region us-central1
[error] - Error Failed to update function simulateGlucose in region us-central1
[error] - Error Failed to update function updateTreatment in region us-central1
[error] - Error Failed to update function deleteTreatment in region us-central1
[error] - Error Failed to update function getNightscoutBundle in region us-central1
[debug] [2025-12-03T18:50:36.523Z] ----------------------------------------------------------------------
[debug] [2025-12-03T18:50:36.527Z] Command:       /home/nika/.nvm/versions/node/v22.20.0/bin/node /home/nika/.nvm/versions/node/v22.20.0/bin/firebase deploy --only functions
[debug] [2025-12-03T18:50:36.528Z] CLI Version:   14.26.0
[debug] [2025-12-03T18:50:36.529Z] Platform:      linux
[debug] [2025-12-03T18:50:36.529Z] Node Version:  v22.20.0
[debug] [2025-12-03T18:50:36.530Z] Time:          Wed Dec 03 2025 19:50:36 GMT+0100 (Central European Standard Time)
[debug] [2025-12-03T18:50:36.530Z] ----------------------------------------------------------------------
[debug] 
[debug] [2025-12-03T18:50:37.078Z] > command requires scopes: ["email","openid","https://www.googleapis.com/auth/cloudplatformprojects.readonly","https://www.googleapis.com/auth/firebase","https://www.googleapis.com/auth/cloud-platform"]
[debug] [2025-12-03T18:50:37.080Z] > authorizing via signed-in user (lililalalelelo@gmail.com)
[debug] [2025-12-03T18:50:37.080Z] [iam] checking project glucose-goose for permissions ["cloudfunctions.functions.create","cloudfunctions.functions.delete","cloudfunctions.functions.get","cloudfunctions.functions.list","cloudfunctions.functions.update","cloudfunctions.operations.get","firebase.projects.get"]
[debug] [2025-12-03T18:50:37.083Z] Checked if tokens are valid: true, expires at: 1764789425255
[debug] [2025-12-03T18:50:37.084Z] Checked if tokens are valid: true, expires at: 1764789425255
[debug] [2025-12-03T18:50:37.086Z] >>> [apiv2][query] POST https://cloudresourcemanager.googleapis.com/v1/projects/glucose-goose:testIamPermissions [none]
[debug] [2025-12-03T18:50:37.087Z] >>> [apiv2][(partial)header] POST https://cloudresourcemanager.googleapis.com/v1/projects/glucose-goose:testIamPermissions x-goog-quota-user=projects/glucose-goose
[debug] [2025-12-03T18:50:37.087Z] >>> [apiv2][body] POST https://cloudresourcemanager.googleapis.com/v1/projects/glucose-goose:testIamPermissions {"permissions":["cloudfunctions.functions.create","cloudfunctions.functions.delete","cloudfunctions.functions.get","cloudfunctions.functions.list","cloudfunctions.functions.update","cloudfunctions.operations.get","firebase.projects.get"]}
[debug] [2025-12-03T18:50:38.056Z] <<< [apiv2][status] POST https://cloudresourcemanager.googleapis.com/v1/projects/glucose-goose:testIamPermissions 200
[debug] [2025-12-03T18:50:38.057Z] <<< [apiv2][body] POST https://cloudresourcemanager.googleapis.com/v1/projects/glucose-goose:testIamPermissions {"permissions":["cloudfunctions.functions.create","cloudfunctions.functions.delete","cloudfunctions.functions.get","cloudfunctions.functions.list","cloudfunctions.functions.update","cloudfunctions.operations.get","firebase.projects.get"]}
[debug] [2025-12-03T18:50:38.059Z] Checked if tokens are valid: true, expires at: 1764789425255
[debug] [2025-12-03T18:50:38.059Z] Checked if tokens are valid: true, expires at: 1764789425255
[debug] [2025-12-03T18:50:38.060Z] >>> [apiv2][query] POST https://iam.googleapis.com/v1/projects/glucose-goose/serviceAccounts/glucose-goose@appspot.gserviceaccount.com:testIamPermissions [none]
[debug] [2025-12-03T18:50:38.060Z] >>> [apiv2][body] POST https://iam.googleapis.com/v1/projects/glucose-goose/serviceAccounts/glucose-goose@appspot.gserviceaccount.com:testIamPermissions {"permissions":["iam.serviceAccounts.actAs"]}
[debug] [2025-12-03T18:50:39.020Z] <<< [apiv2][status] POST https://iam.googleapis.com/v1/projects/glucose-goose/serviceAccounts/glucose-goose@appspot.gserviceaccount.com:testIamPermissions 200
[debug] [2025-12-03T18:50:39.020Z] <<< [apiv2][body] POST https://iam.googleapis.com/v1/projects/glucose-goose/serviceAccounts/glucose-goose@appspot.gserviceaccount.com:testIamPermissions {"permissions":["iam.serviceAccounts.actAs"]}
[info] 
[info] === Deploying to 'glucose-goose'...
[info] 
[info] i  deploying functions 
[info] Running command: npm --prefix "$RESOURCE_DIR" run lint
[info] ✔  functions: Finished running predeploy script. 
[debug] [2025-12-03T18:50:40.496Z] Checked if tokens are valid: true, expires at: 1764789425255
[debug] [2025-12-03T18:50:40.496Z] Checked if tokens are valid: true, expires at: 1764789425255
[debug] [2025-12-03T18:50:40.496Z] >>> [apiv2][query] GET https://cloudresourcemanager.googleapis.com/v1/projects/glucose-goose [none]
[debug] [2025-12-03T18:50:40.766Z] <<< [apiv2][status] GET https://cloudresourcemanager.googleapis.com/v1/projects/glucose-goose 200
[debug] [2025-12-03T18:50:40.767Z] <<< [apiv2][body] GET https://cloudresourcemanager.googleapis.com/v1/projects/glucose-goose {"projectNumber":"101841828420","projectId":"glucose-goose","lifecycleState":"ACTIVE","name":"glucose-goose","labels":{"firebase":"enabled","firebase-core":"disabled"},"createTime":"2025-11-22T18:17:16.975353Z"}
[info] i  functions: preparing codebase default for deployment 
[info] i  functions: ensuring required API cloudfunctions.googleapis.com is enabled... 
[info] i  functions: ensuring required API cloudbuild.googleapis.com is enabled... 
[info] i  artifactregistry: ensuring required API artifactregistry.googleapis.com is enabled... 
[debug] [2025-12-03T18:50:40.780Z] Checked if tokens are valid: true, expires at: 1764789425255
[debug] [2025-12-03T18:50:40.780Z] Checked if tokens are valid: true, expires at: 1764789425255
[debug] [2025-12-03T18:50:40.781Z] >>> [apiv2][query] GET https://firebase.googleapis.com/v1beta1/projects/glucose-goose/adminSdkConfig [none]
[debug] [2025-12-03T18:50:41.242Z] <<< [apiv2][status] GET https://firebase.googleapis.com/v1beta1/projects/glucose-goose/adminSdkConfig 200
[debug] [2025-12-03T18:50:41.243Z] <<< [apiv2][body] GET https://firebase.googleapis.com/v1beta1/projects/glucose-goose/adminSdkConfig {"projectId":"glucose-goose","storageBucket":"glucose-goose.firebasestorage.app"}
[debug] [2025-12-03T18:50:41.248Z] Validating nodejs source
[debug] [2025-12-03T18:50:42.488Z] > [functions] package.json contents: {
  "name": "functions",
  "description": "Cloud Functions for Firebase",
  "scripts": {
    "lint": "eslint .",
    "serve": "firebase emulators:start --only functions",
    "shell": "firebase functions:shell",
    "start": "npm run shell",
    "deploy": "firebase deploy --only functions",
    "logs": "firebase functions:log"
  },
  "engines": {
    "node": "24"
  },
  "main": "index.ts",
  "dependencies": {
    "cors": "^2.8.5",
    "firebase-admin": "^13.6.0",
    "firebase-functions": "^7.0.0"
  },
  "devDependencies": {
    "@types/node-fetch": "^2.6.13",
    "eslint": "^8.15.0",
    "eslint-config-google": "^0.14.0",
    "firebase-functions-test": "^3.4.1"
  },
  "private": true
}
[debug] [2025-12-03T18:50:42.489Z] Building nodejs source
[info] i  functions: Loading and analyzing source code for codebase default to determine what to deploy 
[debug] [2025-12-03T18:50:42.491Z] Could not find functions.yaml. Must use http discovery
[debug] [2025-12-03T18:50:42.507Z] Found firebase-functions binary at '/home/nika/Desktop/GlucoseGoose/functions/node_modules/.bin/firebase-functions'
[info] Serving at port 8822

[debug] [2025-12-03T18:50:43.959Z] Got response from /__/functions.yaml {"endpoints":{"addTreatment":{"availableMemoryMb":null,"timeoutSeconds":null,"minInstances":null,"maxInstances":null,"ingressSettings":null,"concurrency":null,"serviceAccountEmail":null,"vpc":null,"platform":"gcfv2","labels":{},"httpsTrigger":{},"entryPoint":"addTreatment"},"deleteTreatment":{"availableMemoryMb":null,"timeoutSeconds":null,"minInstances":null,"maxInstances":null,"ingressSettings":null,"concurrency":null,"serviceAccountEmail":null,"vpc":null,"platform":"gcfv2","labels":{},"httpsTrigger":{},"entryPoint":"deleteTreatment"},"getNightscoutBundle":{"availableMemoryMb":null,"timeoutSeconds":null,"minInstances":null,"maxInstances":null,"ingressSettings":null,"concurrency":null,"serviceAccountEmail":null,"vpc":null,"platform":"gcfv2","labels":{},"httpsTrigger":{},"entryPoint":"getNightscoutBundle"},"simulateGlucose":{"availableMemoryMb":null,"timeoutSeconds":null,"minInstances":null,"maxInstances":null,"ingressSettings":null,"concurrency":null,"serviceAccountEmail":null,"vpc":null,"platform":"gcfv2","secretEnvironmentVariables":[{"key":"NIGHTSCOUT_API_SECRET"},{"key":"NIGHTSCOUT_URL"}],"labels":{},"scheduleTrigger":{"schedule":"every 5 minutes","retryConfig":{}},"entryPoint":"simulateGlucose"},"updateTreatment":{"availableMemoryMb":null,"timeoutSeconds":null,"minInstances":null,"maxInstances":null,"ingressSettings":null,"concurrency":null,"serviceAccountEmail":null,"vpc":null,"platform":"gcfv2","labels":{},"httpsTrigger":{},"entryPoint":"updateTreatment"}},"specVersion":"v1alpha1","requiredAPIs":[{"api":"cloudscheduler.googleapis.com","reason":"Needed for scheduled functions."}],"extensions":{}}
[info] i  extensions: ensuring required API firebaseextensions.googleapis.com is enabled... 
[debug] [2025-12-03T18:50:48.059Z] > command requires scopes: ["email","openid","https://www.googleapis.com/auth/cloudplatformprojects.readonly","https://www.googleapis.com/auth/firebase","https://www.googleapis.com/auth/cloud-platform"]
[debug] [2025-12-03T18:50:48.060Z] > authorizing via signed-in user (lililalalelelo@gmail.com)
[debug] [2025-12-03T18:50:48.060Z] [iam] checking project glucose-goose for permissions ["firebase.projects.get","firebaseextensions.instances.list"]
[debug] [2025-12-03T18:50:48.061Z] Checked if tokens are valid: true, expires at: 1764789425255
[debug] [2025-12-03T18:50:48.062Z] Checked if tokens are valid: true, expires at: 1764789425255
[debug] [2025-12-03T18:50:48.063Z] >>> [apiv2][query] POST https://cloudresourcemanager.googleapis.com/v1/projects/glucose-goose:testIamPermissions [none]
[debug] [2025-12-03T18:50:48.063Z] >>> [apiv2][(partial)header] POST https://cloudresourcemanager.googleapis.com/v1/projects/glucose-goose:testIamPermissions x-goog-quota-user=projects/glucose-goose
[debug] [2025-12-03T18:50:48.063Z] >>> [apiv2][body] POST https://cloudresourcemanager.googleapis.com/v1/projects/glucose-goose:testIamPermissions {"permissions":["firebase.projects.get","firebaseextensions.instances.list"]}
[debug] [2025-12-03T18:50:48.824Z] <<< [apiv2][status] POST https://cloudresourcemanager.googleapis.com/v1/projects/glucose-goose:testIamPermissions 200
[debug] [2025-12-03T18:50:48.825Z] <<< [apiv2][body] POST https://cloudresourcemanager.googleapis.com/v1/projects/glucose-goose:testIamPermissions {"permissions":["firebase.projects.get","firebaseextensions.instances.list"]}
[debug] [2025-12-03T18:50:48.826Z] Checked if tokens are valid: true, expires at: 1764789425255
[debug] [2025-12-03T18:50:48.827Z] Checked if tokens are valid: true, expires at: 1764789425255
[debug] [2025-12-03T18:50:48.828Z] >>> [apiv2][query] GET https://firebaseextensions.googleapis.com/v1beta/projects/glucose-goose/instances pageSize=100&pageToken=
[debug] [2025-12-03T18:50:49.876Z] <<< [apiv2][status] GET https://firebaseextensions.googleapis.com/v1beta/projects/glucose-goose/instances 200
[debug] [2025-12-03T18:50:49.877Z] <<< [apiv2][body] GET https://firebaseextensions.googleapis.com/v1beta/projects/glucose-goose/instances {}
[info] i  functions: preparing functions directory for uploading... 
[info] i  functions: packaged /home/nika/Desktop/GlucoseGoose/functions (80.01 KB) for uploading 
[debug] [2025-12-03T18:50:50.018Z] Checked if tokens are valid: true, expires at: 1764789425255
[debug] [2025-12-03T18:50:50.018Z] Checked if tokens are valid: true, expires at: 1764789425255
[debug] [2025-12-03T18:50:50.019Z] >>> [apiv2][query] GET https://cloudfunctions.googleapis.com/v1/projects/glucose-goose/locations/-/functions [none]
[debug] [2025-12-03T18:50:50.831Z] <<< [apiv2][status] GET https://cloudfunctions.googleapis.com/v1/projects/glucose-goose/locations/-/functions 200
[debug] [2025-12-03T18:50:50.832Z] <<< [apiv2][body] GET https://cloudfunctions.googleapis.com/v1/projects/glucose-goose/locations/-/functions {}
[debug] [2025-12-03T18:50:50.832Z] Checked if tokens are valid: true, expires at: 1764789425255
[debug] [2025-12-03T18:50:50.832Z] Checked if tokens are valid: true, expires at: 1764789425255
[debug] [2025-12-03T18:50:50.832Z] >>> [apiv2][query] GET https://cloudfunctions.googleapis.com/v2/projects/glucose-goose/locations/-/functions filter=environment%3D%22GEN_2%22
[debug] [2025-12-03T18:50:51.884Z] <<< [apiv2][status] GET https://cloudfunctions.googleapis.com/v2/projects/glucose-goose/locations/-/functions 200
[debug] [2025-12-03T18:50:51.885Z] <<< [apiv2][body] GET https://cloudfunctions.googleapis.com/v2/projects/glucose-goose/locations/-/functions {"functions":[{"name":"projects/glucose-goose/locations/us-central1/functions/addTreatment","buildConfig":{"build":"projects/101841828420/locations/us-central1/builds/b8634736-842e-4401-b2de-2f13a6ec02b9","runtime":"nodejs24","entryPoint":"addTreatment","source":{"storageSource":{"bucket":"gcf-v2-sources-101841828420-us-central1","object":"addTreatment/function-source.zip","generation":"1764787693529329"}},"environmentVariables":{"GOOGLE_NODE_RUN_SCRIPTS":""},"dockerRepository":"projects/glucose-goose/locations/us-central1/repositories/gcf-artifacts","serviceAccount":"projects/glucose-goose/serviceAccounts/101841828420-compute@developer.gserviceaccount.com","automaticUpdatePolicy":{}},"serviceConfig":{"service":"projects/glucose-goose/locations/us-central1/services/addtreatment","timeoutSeconds":60,"environmentVariables":{"FIREBASE_CONFIG":"{\"projectId\":\"glucose-goose\",\"storageBucket\":\"glucose-goose.firebasestorage.app\"}","GCLOUD_PROJECT":"glucose-goose","EVENTARC_CLOUD_EVENT_SOURCE":"projects/glucose-goose/locations/us-central1/services/addTreatment","FUNCTION_TARGET":"addTreatment","LOG_EXECUTION_ID":"true","FUNCTION_SIGNATURE_TYPE":"http"},"maxInstanceCount":20,"ingressSettings":"ALLOW_ALL","uri":"https://addtreatment-ft7us77rra-uc.a.run.app","serviceAccountEmail":"101841828420-compute@developer.gserviceaccount.com","availableMemory":"256Mi","allTrafficOnLatestRevision":true,"revision":"addtreatment-00023-xex","maxInstanceRequestConcurrency":80,"availableCpu":"1"},"state":"ACTIVE","updateTime":"2025-12-03T18:48:55.413954084Z","labels":{"deployment-tool":"cli-firebase","firebase-functions-hash":"2503a7df87e0207037f5c1ac0e69a86deec4e126"},"environment":"GEN_2","url":"https://us-central1-glucose-goose.cloudfunctions.net/addTreatment","createTime":"2025-12-01T15:35:16.026126723Z","satisfiesPzi":true},{"name":"projects/glucose-goose/locations/us-central1/functions/getNightscoutBundle","buildConfig":{"build":"projects/101841828420/locations/us-central1/builds/076e798e-2272-48dc-95f2-93d821b0a053","runtime":"nodejs24","entryPoint":"getNightscoutBundle","source":{"storageSource":{"bucket":"gcf-v2-sources-101841828420-us-central1","object":"getNightscoutBundle/function-source.zip","generation":"1764787737343823"}},"environmentVariables":{"GOOGLE_NODE_RUN_SCRIPTS":""},"dockerRepository":"projects/glucose-goose/locations/us-central1/repositories/gcf-artifacts","serviceAccount":"projects/glucose-goose/serviceAccounts/101841828420-compute@developer.gserviceaccount.com","automaticUpdatePolicy":{}},"serviceConfig":{"service":"projects/glucose-goose/locations/us-central1/services/getnightscoutbundle","timeoutSeconds":60,"environmentVariables":{"FIREBASE_CONFIG":"{\"projectId\":\"glucose-goose\",\"storageBucket\":\"glucose-goose.firebasestorage.app\"}","GCLOUD_PROJECT":"glucose-goose","EVENTARC_CLOUD_EVENT_SOURCE":"projects/glucose-goose/locations/us-central1/services/getNightscoutBundle","FUNCTION_TARGET":"getNightscoutBundle","LOG_EXECUTION_ID":"true","FUNCTION_SIGNATURE_TYPE":"http"},"maxInstanceCount":20,"ingressSettings":"ALLOW_ALL","uri":"https://getnightscoutbundle-ft7us77rra-uc.a.run.app","serviceAccountEmail":"101841828420-compute@developer.gserviceaccount.com","availableMemory":"256Mi","allTrafficOnLatestRevision":true,"revision":"getnightscoutbundle-00025-biw","maxInstanceRequestConcurrency":80,"availableCpu":"1"},"state":"ACTIVE","updateTime":"2025-12-03T18:50:05.241222708Z","labels":{"firebase-functions-hash":"2503a7df87e0207037f5c1ac0e69a86deec4e126","deployment-tool":"cli-firebase"},"environment":"GEN_2","url":"https://us-central1-glucose-goose.cloudfunctions.net/getNightscoutBundle","createTime":"2025-12-01T09:45:12.313573956Z","satisfiesPzi":true},{"name":"projects/glucose-goose/locations/us-central1/functions/simulateGlucose","buildConfig":{"build":"projects/101841828420/locations/us-central1/builds/ffb9c277-161d-4dc5-8828-dfd4df09ad94","runtime":"nodejs24","entryPoint":"simulateGlucose","source":{"storageSource":{"bucket":"gcf-v2-sources-101841828420-us-central1","object":"simulateGlucose/function-source.zip","generation":"1764787737234353"}},"environmentVariables":{"GOOGLE_NODE_RUN_SCRIPTS":""},"dockerRepository":"projects/glucose-goose/locations/us-central1/repositories/gcf-artifacts","serviceAccount":"projects/glucose-goose/serviceAccounts/101841828420-compute@developer.gserviceaccount.com","automaticUpdatePolicy":{}},"serviceConfig":{"service":"projects/glucose-goose/locations/us-central1/services/simulateglucose","timeoutSeconds":60,"environmentVariables":{"FIREBASE_CONFIG":"{\"projectId\":\"glucose-goose\",\"storageBucket\":\"glucose-goose.firebasestorage.app\"}","GCLOUD_PROJECT":"glucose-goose","EVENTARC_CLOUD_EVENT_SOURCE":"projects/glucose-goose/locations/us-central1/services/simulateGlucose","FUNCTION_TARGET":"simulateGlucose","LOG_EXECUTION_ID":"true","FUNCTION_SIGNATURE_TYPE":"http"},"maxInstanceCount":20,"ingressSettings":"ALLOW_ALL","uri":"https://simulateglucose-ft7us77rra-uc.a.run.app","serviceAccountEmail":"101841828420-compute@developer.gserviceaccount.com","availableMemory":"256Mi","allTrafficOnLatestRevision":true,"secretEnvironmentVariables":[{"key":"NIGHTSCOUT_API_SECRET","projectId":"glucose-goose","secret":"NIGHTSCOUT_API_SECRET","version":"2"},{"key":"NIGHTSCOUT_URL","projectId":"glucose-goose","secret":"NIGHTSCOUT_URL","version":"1"}],"revision":"simulateglucose-00005-xor","maxInstanceRequestConcurrency":80,"availableCpu":"1"},"state":"ACTIVE","updateTime":"2025-12-03T18:49:42.373463784Z","labels":{"deployment-tool":"cli-firebase","deployment-scheduled":"true","firebase-functions-hash":"312d19ecc6e89dbcbf4786f242c586d4457fbda3"},"environment":"GEN_2","url":"https://us-central1-glucose-goose.cloudfunctions.net/simulateGlucose","createTime":"2025-12-03T13:31:17.836984873Z","satisfiesPzi":true},{"name":"projects/glucose-goose/locations/us-central1/functions/deleteTreatment","buildConfig":{"build":"projects/101841828420/locations/us-central1/builds/e551ca76-e8df-45b4-a9fb-6d8e74c47053","runtime":"nodejs24","entryPoint":"deleteTreatment","source":{"storageSource":{"bucket":"gcf-v2-sources-101841828420-us-central1","object":"deleteTreatment/function-source.zip","generation":"1764787737181534"}},"environmentVariables":{"GOOGLE_NODE_RUN_SCRIPTS":""},"dockerRepository":"projects/glucose-goose/locations/us-central1/repositories/gcf-artifacts","serviceAccount":"projects/glucose-goose/serviceAccounts/101841828420-compute@developer.gserviceaccount.com","automaticUpdatePolicy":{}},"serviceConfig":{"service":"projects/glucose-goose/locations/us-central1/services/deletetreatment","timeoutSeconds":60,"environmentVariables":{"FIREBASE_CONFIG":"{\"projectId\":\"glucose-goose\",\"storageBucket\":\"glucose-goose.firebasestorage.app\"}","GCLOUD_PROJECT":"glucose-goose","EVENTARC_CLOUD_EVENT_SOURCE":"projects/glucose-goose/locations/us-central1/services/deleteTreatment","FUNCTION_TARGET":"deleteTreatment","LOG_EXECUTION_ID":"true","FUNCTION_SIGNATURE_TYPE":"http"},"maxInstanceCount":20,"ingressSettings":"ALLOW_ALL","uri":"https://deletetreatment-ft7us77rra-uc.a.run.app","serviceAccountEmail":"101841828420-compute@developer.gserviceaccount.com","availableMemory":"256Mi","allTrafficOnLatestRevision":true,"revision":"deletetreatment-00010-fer","maxInstanceRequestConcurrency":80,"availableCpu":"1"},"state":"ACTIVE","updateTime":"2025-12-03T18:50:04.610158657Z","labels":{"deployment-tool":"cli-firebase","firebase-functions-hash":"2503a7df87e0207037f5c1ac0e69a86deec4e126"},"environment":"GEN_2","url":"https://us-central1-glucose-goose.cloudfunctions.net/deleteTreatment","createTime":"2025-12-01T19:27:55.613996385Z","satisfiesPzi":true},{"name":"projects/glucose-goose/locations/us-central1/functions/updateTreatment","buildConfig":{"build":"projects/101841828420/locations/us-central1/builds/ca2d353f-89b4-4cd6-8757-3e63c92e4cb3","runtime":"nodejs24","entryPoint":"updateTreatment","source":{"storageSource":{"bucket":"gcf-v2-sources-101841828420-us-central1","object":"updateTreatment/function-source.zip","generation":"1764787737282647"}},"environmentVariables":{"GOOGLE_NODE_RUN_SCRIPTS":""},"dockerRepository":"projects/glucose-goose/locations/us-central1/repositories/gcf-artifacts","serviceAccount":"projects/glucose-goose/serviceAccounts/101841828420-compute@developer.gserviceaccount.com","automaticUpdatePolicy":{}},"serviceConfig":{"service":"projects/glucose-goose/locations/us-central1/services/updatetreatment","timeoutSeconds":60,"environmentVariables":{"FIREBASE_CONFIG":"{\"projectId\":\"glucose-goose\",\"storageBucket\":\"glucose-goose.firebasestorage.app\"}","GCLOUD_PROJECT":"glucose-goose","EVENTARC_CLOUD_EVENT_SOURCE":"projects/glucose-goose/locations/us-central1/services/updateTreatment","FUNCTION_TARGET":"updateTreatment","LOG_EXECUTION_ID":"true","FUNCTION_SIGNATURE_TYPE":"http"},"maxInstanceCount":20,"ingressSettings":"ALLOW_ALL","uri":"https://updatetreatment-ft7us77rra-uc.a.run.app","serviceAccountEmail":"101841828420-compute@developer.gserviceaccount.com","availableMemory":"256Mi","allTrafficOnLatestRevision":true,"revision":"updatetreatment-00016-hit","maxInstanceRequestConcurrency":80,"availableCpu":"1"},"state":"ACTIVE","updateTime":"2025-12-03T18:50:02.799155972Z","labels":{"deployment-tool":"cli-firebase","firebase-functions-hash":"2503a7df87e0207037f5c1ac0e69a86deec4e126"},"environment":"GEN_2","url":"https://us-central1-glucose-goose.cloudfunctions.net/updateTreatment","createTime":"2025-12-01T17:38:05.768913732Z","satisfiesPzi":true}]}
[info] i  functions: ensuring required API cloudscheduler.googleapis.com is enabled... 
[info] i  functions: ensuring required API run.googleapis.com is enabled... 
[info] i  functions: ensuring required API eventarc.googleapis.com is enabled... 
[info] i  functions: ensuring required API pubsub.googleapis.com is enabled... 
[info] i  functions: ensuring required API storage.googleapis.com is enabled... 
[info] i  functions: generating the service identity for pubsub.googleapis.com... 
[debug] [2025-12-03T18:50:51.907Z] Checked if tokens are valid: true, expires at: 1764789425255
[debug] [2025-12-03T18:50:51.907Z] Checked if tokens are valid: true, expires at: 1764789425255
[info] i  functions: generating the service identity for eventarc.googleapis.com... 
[debug] [2025-12-03T18:50:51.908Z] Checked if tokens are valid: true, expires at: 1764789425255
[debug] [2025-12-03T18:50:51.908Z] Checked if tokens are valid: true, expires at: 1764789425255
[debug] [2025-12-03T18:50:51.910Z] >>> [apiv2][query] POST https://serviceusage.googleapis.com/v1beta1/projects/101841828420/services/pubsub.googleapis.com:generateServiceIdentity [none]
[debug] [2025-12-03T18:50:51.910Z] >>> [apiv2][(partial)header] POST https://serviceusage.googleapis.com/v1beta1/projects/101841828420/services/pubsub.googleapis.com:generateServiceIdentity x-goog-quota-user=projects/101841828420
[debug] [2025-12-03T18:50:51.910Z] >>> [apiv2][body] POST https://serviceusage.googleapis.com/v1beta1/projects/101841828420/services/pubsub.googleapis.com:generateServiceIdentity {}
[debug] [2025-12-03T18:50:51.917Z] >>> [apiv2][query] POST https://serviceusage.googleapis.com/v1beta1/projects/101841828420/services/eventarc.googleapis.com:generateServiceIdentity [none]
[debug] [2025-12-03T18:50:51.917Z] >>> [apiv2][(partial)header] POST https://serviceusage.googleapis.com/v1beta1/projects/101841828420/services/eventarc.googleapis.com:generateServiceIdentity x-goog-quota-user=projects/101841828420
[debug] [2025-12-03T18:50:51.918Z] >>> [apiv2][body] POST https://serviceusage.googleapis.com/v1beta1/projects/101841828420/services/eventarc.googleapis.com:generateServiceIdentity {}
[debug] [2025-12-03T18:50:53.016Z] <<< [apiv2][status] POST https://serviceusage.googleapis.com/v1beta1/projects/101841828420/services/eventarc.googleapis.com:generateServiceIdentity 200
[debug] [2025-12-03T18:50:53.016Z] <<< [apiv2][body] POST https://serviceusage.googleapis.com/v1beta1/projects/101841828420/services/eventarc.googleapis.com:generateServiceIdentity {"name":"operations/finished.DONE_OPERATION","done":true,"response":{"@type":"type.googleapis.com/google.api.serviceusage.v1beta1.ServiceIdentity","email":"service-101841828420@gcp-sa-eventarc.iam.gserviceaccount.com","uniqueId":"102655789524274039934"}}
[debug] [2025-12-03T18:50:53.032Z] <<< [apiv2][status] POST https://serviceusage.googleapis.com/v1beta1/projects/101841828420/services/pubsub.googleapis.com:generateServiceIdentity 200
[debug] [2025-12-03T18:50:53.033Z] <<< [apiv2][body] POST https://serviceusage.googleapis.com/v1beta1/projects/101841828420/services/pubsub.googleapis.com:generateServiceIdentity {"name":"operations/finished.DONE_OPERATION","done":true,"response":{"@type":"type.googleapis.com/google.api.serviceusage.v1beta1.ServiceIdentity","email":"service-101841828420@gcp-sa-pubsub.iam.gserviceaccount.com","uniqueId":"105321100914897376203"}}
[info] i  functions: ensuring required API secretmanager.googleapis.com is enabled... 
[debug] [2025-12-03T18:50:53.042Z] Checked if tokens are valid: true, expires at: 1764789425255
[debug] [2025-12-03T18:50:53.043Z] Checked if tokens are valid: true, expires at: 1764789425255
[debug] [2025-12-03T18:50:53.043Z] Checked if tokens are valid: true, expires at: 1764789425255
[debug] [2025-12-03T18:50:53.044Z] Checked if tokens are valid: true, expires at: 1764789425255
[debug] [2025-12-03T18:50:53.045Z] >>> [apiv2][query] GET https://secretmanager.googleapis.com/v1/projects/glucose-goose/secrets/NIGHTSCOUT_API_SECRET/versions/latest [none]
[debug] [2025-12-03T18:50:53.052Z] >>> [apiv2][query] GET https://secretmanager.googleapis.com/v1/projects/glucose-goose/secrets/NIGHTSCOUT_URL/versions/latest [none]
[debug] [2025-12-03T18:50:53.418Z] <<< [apiv2][status] GET https://secretmanager.googleapis.com/v1/projects/glucose-goose/secrets/NIGHTSCOUT_URL/versions/latest 200
[debug] [2025-12-03T18:50:53.419Z] <<< [apiv2][body] GET https://secretmanager.googleapis.com/v1/projects/glucose-goose/secrets/NIGHTSCOUT_URL/versions/latest {"name":"projects/101841828420/secrets/NIGHTSCOUT_URL/versions/1","createTime":"2025-12-01T15:27:16.459270Z","state":"ENABLED","replicationStatus":{"automatic":{}},"etag":"\"1644e59d3c9f06\""}
[debug] [2025-12-03T18:50:53.421Z] Resolved secret version of NIGHTSCOUT_URL to 1.
[debug] [2025-12-03T18:50:53.426Z] <<< [apiv2][status] GET https://secretmanager.googleapis.com/v1/projects/glucose-goose/secrets/NIGHTSCOUT_API_SECRET/versions/latest 200
[debug] [2025-12-03T18:50:53.426Z] <<< [apiv2][body] GET https://secretmanager.googleapis.com/v1/projects/glucose-goose/secrets/NIGHTSCOUT_API_SECRET/versions/latest {"name":"projects/101841828420/secrets/NIGHTSCOUT_API_SECRET/versions/2","createTime":"2025-12-01T19:20:39.610855Z","state":"ENABLED","replicationStatus":{"automatic":{}},"etag":"\"1644e8dfe3c1e7\""}
[debug] [2025-12-03T18:50:53.427Z] Resolved secret version of NIGHTSCOUT_API_SECRET to 2.
[debug] [2025-12-03T18:50:53.431Z] Checked if tokens are valid: true, expires at: 1764789425255
[debug] [2025-12-03T18:50:53.431Z] Checked if tokens are valid: true, expires at: 1764789425255
[debug] [2025-12-03T18:50:53.432Z] >>> [apiv2][query] GET https://cloudresourcemanager.googleapis.com/v1/projects/glucose-goose [none]
[debug] [2025-12-03T18:50:53.698Z] <<< [apiv2][status] GET https://cloudresourcemanager.googleapis.com/v1/projects/glucose-goose 200
[debug] [2025-12-03T18:50:53.699Z] <<< [apiv2][body] GET https://cloudresourcemanager.googleapis.com/v1/projects/glucose-goose {"projectNumber":"101841828420","projectId":"glucose-goose","lifecycleState":"ACTIVE","name":"glucose-goose","labels":{"firebase":"enabled","firebase-core":"disabled"},"createTime":"2025-11-22T18:17:16.975353Z"}
[debug] [2025-12-03T18:50:53.701Z] Checked if tokens are valid: true, expires at: 1764789425255
[debug] [2025-12-03T18:50:53.701Z] Checked if tokens are valid: true, expires at: 1764789425255
[debug] [2025-12-03T18:50:53.702Z] >>> [apiv2][query] GET https://compute.googleapis.com/compute/v1/projects/101841828420 [none]
[debug] [2025-12-03T18:50:54.042Z] <<< [apiv2][status] GET https://compute.googleapis.com/compute/v1/projects/101841828420 403
[debug] [2025-12-03T18:50:54.043Z] <<< [apiv2][body] GET https://compute.googleapis.com/compute/v1/projects/101841828420 {"error":{"code":403,"message":"Compute Engine API has not been used in project 101841828420 before or it is disabled. Enable it by visiting https://console.developers.google.com/apis/api/compute.googleapis.com/overview?project=101841828420 then retry. If you enabled this API recently, wait a few minutes for the action to propagate to our systems and retry.","errors":[{"message":"Compute Engine API has not been used in project 101841828420 before or it is disabled. Enable it by visiting https://console.developers.google.com/apis/api/compute.googleapis.com/overview?project=101841828420 then retry. If you enabled this API recently, wait a few minutes for the action to propagate to our systems and retry.","domain":"usageLimits","reason":"accessNotConfigured","extendedHelp":"https://console.developers.google.com"}],"status":"PERMISSION_DENIED","details":[{"@type":"type.googleapis.com/google.rpc.ErrorInfo","reason":"SERVICE_DISABLED","domain":"googleapis.com","metadata":{"service":"compute.googleapis.com","consumer":"projects/101841828420","serviceTitle":"Compute Engine API","containerInfo":"101841828420","activationUrl":"https://console.developers.google.com/apis/api/compute.googleapis.com/overview?project=101841828420"}},{"@type":"type.googleapis.com/google.rpc.LocalizedMessage","locale":"en-US","message":"Compute Engine API has not been used in project 101841828420 before or it is disabled. Enable it by visiting https://console.developers.google.com/apis/api/compute.googleapis.com/overview?project=101841828420 then retry. If you enabled this API recently, wait a few minutes for the action to propagate to our systems and retry."},{"@type":"type.googleapis.com/google.rpc.Help","links":[{"description":"Google developers console API activation","url":"https://console.developers.google.com/apis/api/compute.googleapis.com/overview?project=101841828420"}]}]}}
[debug] [2025-12-03T18:50:54.045Z] unable to look up default compute service account. Falling back to 101841828420-compute@developer.gserviceaccount.com. Error: {"name":"FirebaseError","children":[],"context":{"body":{"error":{"code":403,"message":"Compute Engine API has not been used in project 101841828420 before or it is disabled. Enable it by visiting https://console.developers.google.com/apis/api/compute.googleapis.com/overview?project=101841828420 then retry. If you enabled this API recently, wait a few minutes for the action to propagate to our systems and retry.","errors":[{"message":"Compute Engine API has not been used in project 101841828420 before or it is disabled. Enable it by visiting https://console.developers.google.com/apis/api/compute.googleapis.com/overview?project=101841828420 then retry. If you enabled this API recently, wait a few minutes for the action to propagate to our systems and retry.","domain":"usageLimits","reason":"accessNotConfigured","extendedHelp":"https://console.developers.google.com"}],"status":"PERMISSION_DENIED","details":[{"@type":"type.googleapis.com/google.rpc.ErrorInfo","reason":"SERVICE_DISABLED","domain":"googleapis.com","metadata":{"service":"compute.googleapis.com","consumer":"projects/101841828420","serviceTitle":"Compute Engine API","containerInfo":"101841828420","activationUrl":"https://console.developers.google.com/apis/api/compute.googleapis.com/overview?project=101841828420"}},{"@type":"type.googleapis.com/google.rpc.LocalizedMessage","locale":"en-US","message":"Compute Engine API has not been used in project 101841828420 before or it is disabled. Enable it by visiting https://console.developers.google.com/apis/api/compute.googleapis.com/overview?project=101841828420 then retry. If you enabled this API recently, wait a few minutes for the action to propagate to our systems and retry."},{"@type":"type.googleapis.com/google.rpc.Help","links":[{"description":"Google developers console API activation","url":"https://console.developers.google.com/apis/api/compute.googleapis.com/overview?project=101841828420"}]}]}},"response":{"statusCode":403}},"exit":1,"message":"Request to https://compute.googleapis.com/compute/v1/projects/101841828420 had HTTP Error: 403, Compute Engine API has not been used in project 101841828420 before or it is disabled. Enable it by visiting https://console.developers.google.com/apis/api/compute.googleapis.com/overview?project=101841828420 then retry. If you enabled this API recently, wait a few minutes for the action to propagate to our systems and retry.","status":403}
[debug] [2025-12-03T18:50:54.046Z] Checked if tokens are valid: true, expires at: 1764789425255
[debug] [2025-12-03T18:50:54.047Z] Checked if tokens are valid: true, expires at: 1764789425255
[debug] [2025-12-03T18:50:54.047Z] >>> [apiv2][query] GET https://compute.googleapis.com/compute/v1/projects/101841828420 [none]
[debug] [2025-12-03T18:50:54.381Z] <<< [apiv2][status] GET https://compute.googleapis.com/compute/v1/projects/101841828420 403
[debug] [2025-12-03T18:50:54.381Z] <<< [apiv2][body] GET https://compute.googleapis.com/compute/v1/projects/101841828420 {"error":{"code":403,"message":"Compute Engine API has not been used in project 101841828420 before or it is disabled. Enable it by visiting https://console.developers.google.com/apis/api/compute.googleapis.com/overview?project=101841828420 then retry. If you enabled this API recently, wait a few minutes for the action to propagate to our systems and retry.","errors":[{"message":"Compute Engine API has not been used in project 101841828420 before or it is disabled. Enable it by visiting https://console.developers.google.com/apis/api/compute.googleapis.com/overview?project=101841828420 then retry. If you enabled this API recently, wait a few minutes for the action to propagate to our systems and retry.","domain":"usageLimits","reason":"accessNotConfigured","extendedHelp":"https://console.developers.google.com"}],"status":"PERMISSION_DENIED","details":[{"@type":"type.googleapis.com/google.rpc.ErrorInfo","reason":"SERVICE_DISABLED","domain":"googleapis.com","metadata":{"activationUrl":"https://console.developers.google.com/apis/api/compute.googleapis.com/overview?project=101841828420","serviceTitle":"Compute Engine API","consumer":"projects/101841828420","containerInfo":"101841828420","service":"compute.googleapis.com"}},{"@type":"type.googleapis.com/google.rpc.LocalizedMessage","locale":"en-US","message":"Compute Engine API has not been used in project 101841828420 before or it is disabled. Enable it by visiting https://console.developers.google.com/apis/api/compute.googleapis.com/overview?project=101841828420 then retry. If you enabled this API recently, wait a few minutes for the action to propagate to our systems and retry."},{"@type":"type.googleapis.com/google.rpc.Help","links":[{"description":"Google developers console API activation","url":"https://console.developers.google.com/apis/api/compute.googleapis.com/overview?project=101841828420"}]}]}}
[debug] [2025-12-03T18:50:54.382Z] unable to look up default compute service account. Falling back to 101841828420-compute@developer.gserviceaccount.com. Error: {"name":"FirebaseError","children":[],"context":{"body":{"error":{"code":403,"message":"Compute Engine API has not been used in project 101841828420 before or it is disabled. Enable it by visiting https://console.developers.google.com/apis/api/compute.googleapis.com/overview?project=101841828420 then retry. If you enabled this API recently, wait a few minutes for the action to propagate to our systems and retry.","errors":[{"message":"Compute Engine API has not been used in project 101841828420 before or it is disabled. Enable it by visiting https://console.developers.google.com/apis/api/compute.googleapis.com/overview?project=101841828420 then retry. If you enabled this API recently, wait a few minutes for the action to propagate to our systems and retry.","domain":"usageLimits","reason":"accessNotConfigured","extendedHelp":"https://console.developers.google.com"}],"status":"PERMISSION_DENIED","details":[{"@type":"type.googleapis.com/google.rpc.ErrorInfo","reason":"SERVICE_DISABLED","domain":"googleapis.com","metadata":{"activationUrl":"https://console.developers.google.com/apis/api/compute.googleapis.com/overview?project=101841828420","serviceTitle":"Compute Engine API","consumer":"projects/101841828420","containerInfo":"101841828420","service":"compute.googleapis.com"}},{"@type":"type.googleapis.com/google.rpc.LocalizedMessage","locale":"en-US","message":"Compute Engine API has not been used in project 101841828420 before or it is disabled. Enable it by visiting https://console.developers.google.com/apis/api/compute.googleapis.com/overview?project=101841828420 then retry. If you enabled this API recently, wait a few minutes for the action to propagate to our systems and retry."},{"@type":"type.googleapis.com/google.rpc.Help","links":[{"description":"Google developers console API activation","url":"https://console.developers.google.com/apis/api/compute.googleapis.com/overview?project=101841828420"}]}]}},"response":{"statusCode":403}},"exit":1,"message":"Request to https://compute.googleapis.com/compute/v1/projects/101841828420 had HTTP Error: 403, Compute Engine API has not been used in project 101841828420 before or it is disabled. Enable it by visiting https://console.developers.google.com/apis/api/compute.googleapis.com/overview?project=101841828420 then retry. If you enabled this API recently, wait a few minutes for the action to propagate to our systems and retry.","status":403}
[debug] [2025-12-03T18:50:54.382Z] Checked if tokens are valid: true, expires at: 1764789425255
[debug] [2025-12-03T18:50:54.383Z] Checked if tokens are valid: true, expires at: 1764789425255
[debug] [2025-12-03T18:50:54.383Z] >>> [apiv2][query] GET https://compute.googleapis.com/compute/v1/projects/101841828420 [none]
[debug] [2025-12-03T18:50:54.688Z] <<< [apiv2][status] GET https://compute.googleapis.com/compute/v1/projects/101841828420 403
[debug] [2025-12-03T18:50:54.688Z] <<< [apiv2][body] GET https://compute.googleapis.com/compute/v1/projects/101841828420 {"error":{"code":403,"message":"Compute Engine API has not been used in project 101841828420 before or it is disabled. Enable it by visiting https://console.developers.google.com/apis/api/compute.googleapis.com/overview?project=101841828420 then retry. If you enabled this API recently, wait a few minutes for the action to propagate to our systems and retry.","errors":[{"message":"Compute Engine API has not been used in project 101841828420 before or it is disabled. Enable it by visiting https://console.developers.google.com/apis/api/compute.googleapis.com/overview?project=101841828420 then retry. If you enabled this API recently, wait a few minutes for the action to propagate to our systems and retry.","domain":"usageLimits","reason":"accessNotConfigured","extendedHelp":"https://console.developers.google.com"}],"status":"PERMISSION_DENIED","details":[{"@type":"type.googleapis.com/google.rpc.ErrorInfo","reason":"SERVICE_DISABLED","domain":"googleapis.com","metadata":{"service":"compute.googleapis.com","serviceTitle":"Compute Engine API","activationUrl":"https://console.developers.google.com/apis/api/compute.googleapis.com/overview?project=101841828420","consumer":"projects/101841828420","containerInfo":"101841828420"}},{"@type":"type.googleapis.com/google.rpc.LocalizedMessage","locale":"en-US","message":"Compute Engine API has not been used in project 101841828420 before or it is disabled. Enable it by visiting https://console.developers.google.com/apis/api/compute.googleapis.com/overview?project=101841828420 then retry. If you enabled this API recently, wait a few minutes for the action to propagate to our systems and retry."},{"@type":"type.googleapis.com/google.rpc.Help","links":[{"description":"Google developers console API activation","url":"https://console.developers.google.com/apis/api/compute.googleapis.com/overview?project=101841828420"}]}]}}
[debug] [2025-12-03T18:50:54.689Z] unable to look up default compute service account. Falling back to 101841828420-compute@developer.gserviceaccount.com. Error: {"name":"FirebaseError","children":[],"context":{"body":{"error":{"code":403,"message":"Compute Engine API has not been used in project 101841828420 before or it is disabled. Enable it by visiting https://console.developers.google.com/apis/api/compute.googleapis.com/overview?project=101841828420 then retry. If you enabled this API recently, wait a few minutes for the action to propagate to our systems and retry.","errors":[{"message":"Compute Engine API has not been used in project 101841828420 before or it is disabled. Enable it by visiting https://console.developers.google.com/apis/api/compute.googleapis.com/overview?project=101841828420 then retry. If you enabled this API recently, wait a few minutes for the action to propagate to our systems and retry.","domain":"usageLimits","reason":"accessNotConfigured","extendedHelp":"https://console.developers.google.com"}],"status":"PERMISSION_DENIED","details":[{"@type":"type.googleapis.com/google.rpc.ErrorInfo","reason":"SERVICE_DISABLED","domain":"googleapis.com","metadata":{"service":"compute.googleapis.com","serviceTitle":"Compute Engine API","activationUrl":"https://console.developers.google.com/apis/api/compute.googleapis.com/overview?project=101841828420","consumer":"projects/101841828420","containerInfo":"101841828420"}},{"@type":"type.googleapis.com/google.rpc.LocalizedMessage","locale":"en-US","message":"Compute Engine API has not been used in project 101841828420 before or it is disabled. Enable it by visiting https://console.developers.google.com/apis/api/compute.googleapis.com/overview?project=101841828420 then retry. If you enabled this API recently, wait a few minutes for the action to propagate to our systems and retry."},{"@type":"type.googleapis.com/google.rpc.Help","links":[{"description":"Google developers console API activation","url":"https://console.developers.google.com/apis/api/compute.googleapis.com/overview?project=101841828420"}]}]}},"response":{"statusCode":403}},"exit":1,"message":"Request to https://compute.googleapis.com/compute/v1/projects/101841828420 had HTTP Error: 403, Compute Engine API has not been used in project 101841828420 before or it is disabled. Enable it by visiting https://console.developers.google.com/apis/api/compute.googleapis.com/overview?project=101841828420 then retry. If you enabled this API recently, wait a few minutes for the action to propagate to our systems and retry.","status":403}
[debug] [2025-12-03T18:50:54.690Z] Checked if tokens are valid: true, expires at: 1764789425255
[debug] [2025-12-03T18:50:54.691Z] Checked if tokens are valid: true, expires at: 1764789425255
[debug] [2025-12-03T18:50:54.691Z] >>> [apiv2][query] GET https://compute.googleapis.com/compute/v1/projects/101841828420 [none]
[debug] [2025-12-03T18:50:54.969Z] <<< [apiv2][status] GET https://compute.googleapis.com/compute/v1/projects/101841828420 403
[debug] [2025-12-03T18:50:54.969Z] <<< [apiv2][body] GET https://compute.googleapis.com/compute/v1/projects/101841828420 {"error":{"code":403,"message":"Compute Engine API has not been used in project 101841828420 before or it is disabled. Enable it by visiting https://console.developers.google.com/apis/api/compute.googleapis.com/overview?project=101841828420 then retry. If you enabled this API recently, wait a few minutes for the action to propagate to our systems and retry.","errors":[{"message":"Compute Engine API has not been used in project 101841828420 before or it is disabled. Enable it by visiting https://console.developers.google.com/apis/api/compute.googleapis.com/overview?project=101841828420 then retry. If you enabled this API recently, wait a few minutes for the action to propagate to our systems and retry.","domain":"usageLimits","reason":"accessNotConfigured","extendedHelp":"https://console.developers.google.com"}],"status":"PERMISSION_DENIED","details":[{"@type":"type.googleapis.com/google.rpc.ErrorInfo","reason":"SERVICE_DISABLED","domain":"googleapis.com","metadata":{"containerInfo":"101841828420","activationUrl":"https://console.developers.google.com/apis/api/compute.googleapis.com/overview?project=101841828420","consumer":"projects/101841828420","service":"compute.googleapis.com","serviceTitle":"Compute Engine API"}},{"@type":"type.googleapis.com/google.rpc.LocalizedMessage","locale":"en-US","message":"Compute Engine API has not been used in project 101841828420 before or it is disabled. Enable it by visiting https://console.developers.google.com/apis/api/compute.googleapis.com/overview?project=101841828420 then retry. If you enabled this API recently, wait a few minutes for the action to propagate to our systems and retry."},{"@type":"type.googleapis.com/google.rpc.Help","links":[{"description":"Google developers console API activation","url":"https://console.developers.google.com/apis/api/compute.googleapis.com/overview?project=101841828420"}]}]}}
[debug] [2025-12-03T18:50:54.970Z] unable to look up default compute service account. Falling back to 101841828420-compute@developer.gserviceaccount.com. Error: {"name":"FirebaseError","children":[],"context":{"body":{"error":{"code":403,"message":"Compute Engine API has not been used in project 101841828420 before or it is disabled. Enable it by visiting https://console.developers.google.com/apis/api/compute.googleapis.com/overview?project=101841828420 then retry. If you enabled this API recently, wait a few minutes for the action to propagate to our systems and retry.","errors":[{"message":"Compute Engine API has not been used in project 101841828420 before or it is disabled. Enable it by visiting https://console.developers.google.com/apis/api/compute.googleapis.com/overview?project=101841828420 then retry. If you enabled this API recently, wait a few minutes for the action to propagate to our systems and retry.","domain":"usageLimits","reason":"accessNotConfigured","extendedHelp":"https://console.developers.google.com"}],"status":"PERMISSION_DENIED","details":[{"@type":"type.googleapis.com/google.rpc.ErrorInfo","reason":"SERVICE_DISABLED","domain":"googleapis.com","metadata":{"containerInfo":"101841828420","activationUrl":"https://console.developers.google.com/apis/api/compute.googleapis.com/overview?project=101841828420","consumer":"projects/101841828420","service":"compute.googleapis.com","serviceTitle":"Compute Engine API"}},{"@type":"type.googleapis.com/google.rpc.LocalizedMessage","locale":"en-US","message":"Compute Engine API has not been used in project 101841828420 before or it is disabled. Enable it by visiting https://console.developers.google.com/apis/api/compute.googleapis.com/overview?project=101841828420 then retry. If you enabled this API recently, wait a few minutes for the action to propagate to our systems and retry."},{"@type":"type.googleapis.com/google.rpc.Help","links":[{"description":"Google developers console API activation","url":"https://console.developers.google.com/apis/api/compute.googleapis.com/overview?project=101841828420"}]}]}},"response":{"statusCode":403}},"exit":1,"message":"Request to https://compute.googleapis.com/compute/v1/projects/101841828420 had HTTP Error: 403, Compute Engine API has not been used in project 101841828420 before or it is disabled. Enable it by visiting https://console.developers.google.com/apis/api/compute.googleapis.com/overview?project=101841828420 then retry. If you enabled this API recently, wait a few minutes for the action to propagate to our systems and retry.","status":403}
[debug] [2025-12-03T18:50:54.971Z] Checked if tokens are valid: true, expires at: 1764789425255
[debug] [2025-12-03T18:50:54.971Z] Checked if tokens are valid: true, expires at: 1764789425255
[debug] [2025-12-03T18:50:54.971Z] >>> [apiv2][query] GET https://compute.googleapis.com/compute/v1/projects/101841828420 [none]
[debug] [2025-12-03T18:50:55.248Z] <<< [apiv2][status] GET https://compute.googleapis.com/compute/v1/projects/101841828420 403
[debug] [2025-12-03T18:50:55.248Z] <<< [apiv2][body] GET https://compute.googleapis.com/compute/v1/projects/101841828420 {"error":{"code":403,"message":"Compute Engine API has not been used in project 101841828420 before or it is disabled. Enable it by visiting https://console.developers.google.com/apis/api/compute.googleapis.com/overview?project=101841828420 then retry. If you enabled this API recently, wait a few minutes for the action to propagate to our systems and retry.","errors":[{"message":"Compute Engine API has not been used in project 101841828420 before or it is disabled. Enable it by visiting https://console.developers.google.com/apis/api/compute.googleapis.com/overview?project=101841828420 then retry. If you enabled this API recently, wait a few minutes for the action to propagate to our systems and retry.","domain":"usageLimits","reason":"accessNotConfigured","extendedHelp":"https://console.developers.google.com"}],"status":"PERMISSION_DENIED","details":[{"@type":"type.googleapis.com/google.rpc.ErrorInfo","reason":"SERVICE_DISABLED","domain":"googleapis.com","metadata":{"service":"compute.googleapis.com","activationUrl":"https://console.developers.google.com/apis/api/compute.googleapis.com/overview?project=101841828420","containerInfo":"101841828420","consumer":"projects/101841828420","serviceTitle":"Compute Engine API"}},{"@type":"type.googleapis.com/google.rpc.LocalizedMessage","locale":"en-US","message":"Compute Engine API has not been used in project 101841828420 before or it is disabled. Enable it by visiting https://console.developers.google.com/apis/api/compute.googleapis.com/overview?project=101841828420 then retry. If you enabled this API recently, wait a few minutes for the action to propagate to our systems and retry."},{"@type":"type.googleapis.com/google.rpc.Help","links":[{"description":"Google developers console API activation","url":"https://console.developers.google.com/apis/api/compute.googleapis.com/overview?project=101841828420"}]}]}}
[debug] [2025-12-03T18:50:55.249Z] unable to look up default compute service account. Falling back to 101841828420-compute@developer.gserviceaccount.com. Error: {"name":"FirebaseError","children":[],"context":{"body":{"error":{"code":403,"message":"Compute Engine API has not been used in project 101841828420 before or it is disabled. Enable it by visiting https://console.developers.google.com/apis/api/compute.googleapis.com/overview?project=101841828420 then retry. If you enabled this API recently, wait a few minutes for the action to propagate to our systems and retry.","errors":[{"message":"Compute Engine API has not been used in project 101841828420 before or it is disabled. Enable it by visiting https://console.developers.google.com/apis/api/compute.googleapis.com/overview?project=101841828420 then retry. If you enabled this API recently, wait a few minutes for the action to propagate to our systems and retry.","domain":"usageLimits","reason":"accessNotConfigured","extendedHelp":"https://console.developers.google.com"}],"status":"PERMISSION_DENIED","details":[{"@type":"type.googleapis.com/google.rpc.ErrorInfo","reason":"SERVICE_DISABLED","domain":"googleapis.com","metadata":{"service":"compute.googleapis.com","activationUrl":"https://console.developers.google.com/apis/api/compute.googleapis.com/overview?project=101841828420","containerInfo":"101841828420","consumer":"projects/101841828420","serviceTitle":"Compute Engine API"}},{"@type":"type.googleapis.com/google.rpc.LocalizedMessage","locale":"en-US","message":"Compute Engine API has not been used in project 101841828420 before or it is disabled. Enable it by visiting https://console.developers.google.com/apis/api/compute.googleapis.com/overview?project=101841828420 then retry. If you enabled this API recently, wait a few minutes for the action to propagate to our systems and retry."},{"@type":"type.googleapis.com/google.rpc.Help","links":[{"description":"Google developers console API activation","url":"https://console.developers.google.com/apis/api/compute.googleapis.com/overview?project=101841828420"}]}]}},"response":{"statusCode":403}},"exit":1,"message":"Request to https://compute.googleapis.com/compute/v1/projects/101841828420 had HTTP Error: 403, Compute Engine API has not been used in project 101841828420 before or it is disabled. Enable it by visiting https://console.developers.google.com/apis/api/compute.googleapis.com/overview?project=101841828420 then retry. If you enabled this API recently, wait a few minutes for the action to propagate to our systems and retry.","status":403}
[debug] [2025-12-03T18:50:55.256Z] Checked if tokens are valid: true, expires at: 1764789425255
[debug] [2025-12-03T18:50:55.256Z] Checked if tokens are valid: true, expires at: 1764789425255
[debug] [2025-12-03T18:50:55.257Z] >>> [apiv2][query] GET https://cloudbilling.googleapis.com/v1/projects/glucose-goose/billingInfo [none]
[debug] [2025-12-03T18:50:55.812Z] <<< [apiv2][status] GET https://cloudbilling.googleapis.com/v1/projects/glucose-goose/billingInfo 200
[debug] [2025-12-03T18:50:55.813Z] <<< [apiv2][body] GET https://cloudbilling.googleapis.com/v1/projects/glucose-goose/billingInfo {"name":"projects/glucose-goose/billingInfo","projectId":"glucose-goose","billingAccountName":"billingAccounts/01A486-14687E-2E4E5A","billingEnabled":true}
[debug] [2025-12-03T18:50:55.823Z] Checked if tokens are valid: true, expires at: 1764789425255
[debug] [2025-12-03T18:50:55.823Z] Checked if tokens are valid: true, expires at: 1764789425255
[debug] [2025-12-03T18:50:55.824Z] >>> [apiv2][query] POST https://cloudfunctions.googleapis.com/v2/projects/glucose-goose/locations/us-central1/functions:generateUploadUrl [none]
[debug] [2025-12-03T18:50:56.655Z] <<< [apiv2][status] POST https://cloudfunctions.googleapis.com/v2/projects/glucose-goose/locations/us-central1/functions:generateUploadUrl 200
[debug] [2025-12-03T18:50:56.655Z] <<< [apiv2][body] POST https://cloudfunctions.googleapis.com/v2/projects/glucose-goose/locations/us-central1/functions:generateUploadUrl {"uploadUrl":"https://storage.googleapis.com/gcf-v2-uploads-101841828420.us-central1.cloudfunctions.appspot.com/96eb17ee-2a08-48df-b4e9-52fae0f10d1c.zip?GoogleAccessId=service-101841828420@gcf-admin-robot.iam.gserviceaccount.com&Expires=1764789656&Signature=OZ9TZCHG5Z02yu9zejlMTEWRm3K45DzPLaRitEWbzplVXLzDDeuP9P5J096OvbztjbkUzLiCzrbLZhpz3vcWPv7ie8rOmfAG1GMgPhELYxHUdQl8TVE1%2Bi1VX0tQqiq42UgbA5rp%2FyM9OEHr2py2638qRPaX3myU%2BQcW4YWgyXaclgqSuzZIgATTybELG%2BBxpa9UTrWp47iZQqK0oh0nhMVinRz2EER41OCUtpwq8ts5clbuF48Q2ehOqLaWM5ov3PdfvJj%2BfrjiyB%2FYg1BCJnsMn%2F1gnuDgyj6V4eNbfBWqOsR7nJvM3GhNLkbS2rgVM0ANw59z%2FLdPUkUy1nIkaw%3D%3D","storageSource":{"bucket":"gcf-v2-uploads-101841828420.us-central1.cloudfunctions.appspot.com","object":"96eb17ee-2a08-48df-b4e9-52fae0f10d1c.zip"}}
[debug] [2025-12-03T18:50:56.656Z] >>> [apiv2][query] PUT https://storage.googleapis.com/gcf-v2-uploads-101841828420.us-central1.cloudfunctions.appspot.com/96eb17ee-2a08-48df-b4e9-52fae0f10d1c.zip GoogleAccessId=service-101841828420%40gcf-admin-robot.iam.gserviceaccount.com&Expires=1764789656&Signature=OZ9TZCHG5Z02yu9zejlMTEWRm3K45DzPLaRitEWbzplVXLzDDeuP9P5J096OvbztjbkUzLiCzrbLZhpz3vcWPv7ie8rOmfAG1GMgPhELYxHUdQl8TVE1%2Bi1VX0tQqiq42UgbA5rp%2FyM9OEHr2py2638qRPaX3myU%2BQcW4YWgyXaclgqSuzZIgATTybELG%2BBxpa9UTrWp47iZQqK0oh0nhMVinRz2EER41OCUtpwq8ts5clbuF48Q2ehOqLaWM5ov3PdfvJj%2BfrjiyB%2FYg1BCJnsMn%2F1gnuDgyj6V4eNbfBWqOsR7nJvM3GhNLkbS2rgVM0ANw59z%2FLdPUkUy1nIkaw%3D%3D
[debug] [2025-12-03T18:50:56.657Z] >>> [apiv2][body] PUT https://storage.googleapis.com/gcf-v2-uploads-101841828420.us-central1.cloudfunctions.appspot.com/96eb17ee-2a08-48df-b4e9-52fae0f10d1c.zip [stream]
[debug] [2025-12-03T18:50:57.295Z] <<< [apiv2][status] PUT https://storage.googleapis.com/gcf-v2-uploads-101841828420.us-central1.cloudfunctions.appspot.com/96eb17ee-2a08-48df-b4e9-52fae0f10d1c.zip 200
[debug] [2025-12-03T18:50:57.295Z] <<< [apiv2][body] PUT https://storage.googleapis.com/gcf-v2-uploads-101841828420.us-central1.cloudfunctions.appspot.com/96eb17ee-2a08-48df-b4e9-52fae0f10d1c.zip [omitted]
[info] ✔  functions: functions source uploaded successfully 
[info] i  functions: updating Node.js 24 (2nd Gen) function addTreatment(us-central1)... 
[info] i  functions: updating Node.js 24 (2nd Gen) function deleteTreatment(us-central1)... 
[info] i  functions: updating Node.js 24 (2nd Gen) function getNightscoutBundle(us-central1)... 
[info] i  functions: updating Node.js 24 (2nd Gen) function simulateGlucose(us-central1)... 
[info] i  functions: updating Node.js 24 (2nd Gen) function updateTreatment(us-central1)... 
[debug] [2025-12-03T18:50:57.329Z] Checked if tokens are valid: true, expires at: 1764789425255
[debug] [2025-12-03T18:50:57.329Z] Checked if tokens are valid: true, expires at: 1764789425255
[debug] [2025-12-03T18:50:57.330Z] >>> [apiv2][query] PATCH https://cloudfunctions.googleapis.com/v2/projects/glucose-goose/locations/us-central1/functions/addTreatment updateMask=name%2CbuildConfig.runtime%2CbuildConfig.entryPoint%2CbuildConfig.source.storageSource.bucket%2CbuildConfig.source.storageSource.object%2CbuildConfig.environmentVariables%2CbuildConfig.sourceToken%2CserviceConfig.environmentVariables%2CserviceConfig.ingressSettings%2CserviceConfig.timeoutSeconds%2CserviceConfig.serviceAccountEmail%2CserviceConfig.availableMemory%2CserviceConfig.minInstanceCount%2CserviceConfig.maxInstanceCount%2CserviceConfig.maxInstanceRequestConcurrency%2CserviceConfig.availableCpu%2CserviceConfig.vpcConnector%2CserviceConfig.vpcConnectorEgressSettings%2Clabels
[debug] [2025-12-03T18:50:57.331Z] >>> [apiv2][body] PATCH https://cloudfunctions.googleapis.com/v2/projects/glucose-goose/locations/us-central1/functions/addTreatment {"name":"projects/glucose-goose/locations/us-central1/functions/addTreatment","buildConfig":{"runtime":"nodejs24","entryPoint":"addTreatment","source":{"storageSource":{"bucket":"gcf-v2-uploads-101841828420.us-central1.cloudfunctions.appspot.com","object":"96eb17ee-2a08-48df-b4e9-52fae0f10d1c.zip"}},"environmentVariables":{"GOOGLE_NODE_RUN_SCRIPTS":""}},"serviceConfig":{"environmentVariables":{"FIREBASE_CONFIG":"{\"projectId\":\"glucose-goose\",\"storageBucket\":\"glucose-goose.firebasestorage.app\"}","GCLOUD_PROJECT":"glucose-goose","EVENTARC_CLOUD_EVENT_SOURCE":"projects/glucose-goose/locations/us-central1/services/addTreatment","FUNCTION_TARGET":"addTreatment","LOG_EXECUTION_ID":"true","FUNCTION_SIGNATURE_TYPE":"http"},"ingressSettings":null,"timeoutSeconds":null,"serviceAccountEmail":null,"availableMemory":"256Mi","minInstanceCount":null,"maxInstanceCount":null,"maxInstanceRequestConcurrency":80,"availableCpu":"1","vpcConnector":null,"vpcConnectorEgressSettings":null},"labels":{"deployment-tool":"cli-firebase","firebase-functions-hash":"91b398480f89e08511a9b562cf02fe3c181037bd"}}
[debug] [2025-12-03T18:50:58.730Z] <<< [apiv2][status] PATCH https://cloudfunctions.googleapis.com/v2/projects/glucose-goose/locations/us-central1/functions/addTreatment 200
[debug] [2025-12-03T18:50:58.730Z] <<< [apiv2][body] PATCH https://cloudfunctions.googleapis.com/v2/projects/glucose-goose/locations/us-central1/functions/addTreatment {"name":"projects/glucose-goose/locations/us-central1/operations/operation-1764787857973-64510b160e105-631e45ba-d4ca5a3e","metadata":{"@type":"type.googleapis.com/google.cloud.functions.v2.OperationMetadata","createTime":"2025-12-03T18:50:58.548091302Z","target":"projects/glucose-goose/locations/us-central1/functions/addTreatment","verb":"update","cancelRequested":false,"apiVersion":"v2"},"done":false}
[debug] [2025-12-03T18:50:58.731Z] Checked if tokens are valid: true, expires at: 1764789425255
[debug] [2025-12-03T18:50:58.731Z] Checked if tokens are valid: true, expires at: 1764789425255
[debug] [2025-12-03T18:50:58.731Z] >>> [apiv2][query] GET https://cloudfunctions.googleapis.com/v2/projects/glucose-goose/locations/us-central1/operations/operation-1764787857973-64510b160e105-631e45ba-d4ca5a3e [none]
[debug] [2025-12-03T18:50:59.463Z] <<< [apiv2][status] GET https://cloudfunctions.googleapis.com/v2/projects/glucose-goose/locations/us-central1/operations/operation-1764787857973-64510b160e105-631e45ba-d4ca5a3e 200
[debug] [2025-12-03T18:50:59.464Z] <<< [apiv2][body] GET https://cloudfunctions.googleapis.com/v2/projects/glucose-goose/locations/us-central1/operations/operation-1764787857973-64510b160e105-631e45ba-d4ca5a3e {"name":"projects/glucose-goose/locations/us-central1/operations/operation-1764787857973-64510b160e105-631e45ba-d4ca5a3e","metadata":{"@type":"type.googleapis.com/google.cloud.functions.v2.OperationMetadata","createTime":"2025-12-03T18:50:58.548091302Z","target":"projects/glucose-goose/locations/us-central1/functions/addTreatment","verb":"update","cancelRequested":false,"apiVersion":"v2","requestResource":{"@type":"type.googleapis.com/google.cloud.functions.v2.Function","name":"projects/glucose-goose/locations/us-central1/functions/addTreatment","buildConfig":{"runtime":"nodejs24","entryPoint":"addTreatment","source":{"storageSource":{"bucket":"gcf-v2-sources-101841828420-us-central1","object":"addTreatment/function-source.zip","generation":"1764787858500372"}},"environmentVariables":{"GOOGLE_NODE_RUN_SCRIPTS":""},"dockerRepository":"projects/glucose-goose/locations/us-central1/repositories/gcf-artifacts","serviceAccount":"projects/glucose-goose/serviceAccounts/101841828420-compute@developer.gserviceaccount.com","automaticUpdatePolicy":{}},"serviceConfig":{"service":"projects/glucose-goose/locations/us-central1/services/addtreatment","timeoutSeconds":60,"environmentVariables":{"FIREBASE_CONFIG":"{\"projectId\":\"glucose-goose\",\"storageBucket\":\"glucose-goose.firebasestorage.app\"}","GCLOUD_PROJECT":"glucose-goose","EVENTARC_CLOUD_EVENT_SOURCE":"projects/glucose-goose/locations/us-central1/services/addTreatment","FUNCTION_TARGET":"addTreatment","LOG_EXECUTION_ID":"true","FUNCTION_SIGNATURE_TYPE":"http"},"ingressSettings":"ALLOW_ALL","uri":"https://addtreatment-ft7us77rra-uc.a.run.app","serviceAccountEmail":"101841828420-compute@developer.gserviceaccount.com","availableMemory":"256Mi","allTrafficOnLatestRevision":true,"revision":"addtreatment-00023-xex","maxInstanceRequestConcurrency":80,"availableCpu":"1"},"state":"ACTIVE","labels":{"deployment-tool":"cli-firebase","firebase-functions-hash":"91b398480f89e08511a9b562cf02fe3c181037bd"},"environment":"GEN_2","url":"https://us-central1-glucose-goose.cloudfunctions.net/addTreatment","satisfiesPzi":true},"stages":[{"name":"BUILD","message":"Creating build","state":"IN_PROGRESS","resource":"projects/101841828420/locations/us-central1/builds/af81f964-efe0-4c4d-9d8a-c866e433451e","resourceUri":"https://console.cloud.google.com/cloud-build/builds;region=us-central1/af81f964-efe0-4c4d-9d8a-c866e433451e?project=101841828420"},{"name":"SERVICE","state":"NOT_STARTED"}],"operationType":"UPDATE_FUNCTION","buildName":"projects/101841828420/locations/us-central1/builds/af81f964-efe0-4c4d-9d8a-c866e433451e"},"done":false}
[debug] [2025-12-03T18:50:59.967Z] [update-default-us-central1-addTreatment] Retrying task index 0
[debug] [2025-12-03T18:50:59.967Z] Checked if tokens are valid: true, expires at: 1764789425255
[debug] [2025-12-03T18:50:59.968Z] Checked if tokens are valid: true, expires at: 1764789425255
[debug] [2025-12-03T18:50:59.969Z] >>> [apiv2][query] GET https://cloudfunctions.googleapis.com/v2/projects/glucose-goose/locations/us-central1/operations/operation-1764787857973-64510b160e105-631e45ba-d4ca5a3e [none]
[debug] [2025-12-03T18:51:00.175Z] <<< [apiv2][status] GET https://cloudfunctions.googleapis.com/v2/projects/glucose-goose/locations/us-central1/operations/operation-1764787857973-64510b160e105-631e45ba-d4ca5a3e 200
[debug] [2025-12-03T18:51:00.176Z] <<< [apiv2][body] GET https://cloudfunctions.googleapis.com/v2/projects/glucose-goose/locations/us-central1/operations/operation-1764787857973-64510b160e105-631e45ba-d4ca5a3e {"name":"projects/glucose-goose/locations/us-central1/operations/operation-1764787857973-64510b160e105-631e45ba-d4ca5a3e","metadata":{"@type":"type.googleapis.com/google.cloud.functions.v2.OperationMetadata","createTime":"2025-12-03T18:50:58.548091302Z","target":"projects/glucose-goose/locations/us-central1/functions/addTreatment","verb":"update","cancelRequested":false,"apiVersion":"v2","requestResource":{"@type":"type.googleapis.com/google.cloud.functions.v2.Function","name":"projects/glucose-goose/locations/us-central1/functions/addTreatment","buildConfig":{"runtime":"nodejs24","entryPoint":"addTreatment","source":{"storageSource":{"bucket":"gcf-v2-sources-101841828420-us-central1","object":"addTreatment/function-source.zip","generation":"1764787858500372"}},"environmentVariables":{"GOOGLE_NODE_RUN_SCRIPTS":""},"dockerRepository":"projects/glucose-goose/locations/us-central1/repositories/gcf-artifacts","serviceAccount":"projects/glucose-goose/serviceAccounts/101841828420-compute@developer.gserviceaccount.com","automaticUpdatePolicy":{}},"serviceConfig":{"service":"projects/glucose-goose/locations/us-central1/services/addtreatment","timeoutSeconds":60,"environmentVariables":{"FIREBASE_CONFIG":"{\"projectId\":\"glucose-goose\",\"storageBucket\":\"glucose-goose.firebasestorage.app\"}","GCLOUD_PROJECT":"glucose-goose","EVENTARC_CLOUD_EVENT_SOURCE":"projects/glucose-goose/locations/us-central1/services/addTreatment","FUNCTION_TARGET":"addTreatment","LOG_EXECUTION_ID":"true","FUNCTION_SIGNATURE_TYPE":"http"},"ingressSettings":"ALLOW_ALL","uri":"https://addtreatment-ft7us77rra-uc.a.run.app","serviceAccountEmail":"101841828420-compute@developer.gserviceaccount.com","availableMemory":"256Mi","allTrafficOnLatestRevision":true,"revision":"addtreatment-00023-xex","maxInstanceRequestConcurrency":80,"availableCpu":"1"},"state":"ACTIVE","labels":{"deployment-tool":"cli-firebase","firebase-functions-hash":"91b398480f89e08511a9b562cf02fe3c181037bd"},"environment":"GEN_2","url":"https://us-central1-glucose-goose.cloudfunctions.net/addTreatment","satisfiesPzi":true},"stages":[{"name":"BUILD","message":"Build in progress","state":"IN_PROGRESS","resource":"projects/101841828420/locations/us-central1/builds/af81f964-efe0-4c4d-9d8a-c866e433451e","resourceUri":"https://console.cloud.google.com/cloud-build/builds;region=us-central1/af81f964-efe0-4c4d-9d8a-c866e433451e?project=101841828420"},{"name":"SERVICE","state":"NOT_STARTED"}],"operationType":"UPDATE_FUNCTION","buildName":"projects/101841828420/locations/us-central1/builds/af81f964-efe0-4c4d-9d8a-c866e433451e"},"done":false}
[debug] [2025-12-03T18:51:01.177Z] [update-default-us-central1-addTreatment] Retrying task index 0
[debug] [2025-12-03T18:51:01.178Z] Checked if tokens are valid: true, expires at: 1764789425255
[debug] [2025-12-03T18:51:01.179Z] Checked if tokens are valid: true, expires at: 1764789425255
[debug] [2025-12-03T18:51:01.179Z] >>> [apiv2][query] GET https://cloudfunctions.googleapis.com/v2/projects/glucose-goose/locations/us-central1/operations/operation-1764787857973-64510b160e105-631e45ba-d4ca5a3e [none]
[debug] [2025-12-03T18:51:01.999Z] <<< [apiv2][status] GET https://cloudfunctions.googleapis.com/v2/projects/glucose-goose/locations/us-central1/operations/operation-1764787857973-64510b160e105-631e45ba-d4ca5a3e 200
[debug] [2025-12-03T18:51:02.000Z] <<< [apiv2][body] GET https://cloudfunctions.googleapis.com/v2/projects/glucose-goose/locations/us-central1/operations/operation-1764787857973-64510b160e105-631e45ba-d4ca5a3e {"name":"projects/glucose-goose/locations/us-central1/operations/operation-1764787857973-64510b160e105-631e45ba-d4ca5a3e","metadata":{"@type":"type.googleapis.com/google.cloud.functions.v2.OperationMetadata","createTime":"2025-12-03T18:50:58.548091302Z","target":"projects/glucose-goose/locations/us-central1/functions/addTreatment","verb":"update","cancelRequested":false,"apiVersion":"v2","requestResource":{"@type":"type.googleapis.com/google.cloud.functions.v2.Function","name":"projects/glucose-goose/locations/us-central1/functions/addTreatment","buildConfig":{"runtime":"nodejs24","entryPoint":"addTreatment","source":{"storageSource":{"bucket":"gcf-v2-sources-101841828420-us-central1","object":"addTreatment/function-source.zip","generation":"1764787858500372"}},"environmentVariables":{"GOOGLE_NODE_RUN_SCRIPTS":""},"dockerRepository":"projects/glucose-goose/locations/us-central1/repositories/gcf-artifacts","serviceAccount":"projects/glucose-goose/serviceAccounts/101841828420-compute@developer.gserviceaccount.com","automaticUpdatePolicy":{}},"serviceConfig":{"service":"projects/glucose-goose/locations/us-central1/services/addtreatment","timeoutSeconds":60,"environmentVariables":{"FIREBASE_CONFIG":"{\"projectId\":\"glucose-goose\",\"storageBucket\":\"glucose-goose.firebasestorage.app\"}","GCLOUD_PROJECT":"glucose-goose","EVENTARC_CLOUD_EVENT_SOURCE":"projects/glucose-goose/locations/us-central1/services/addTreatment","FUNCTION_TARGET":"addTreatment","LOG_EXECUTION_ID":"true","FUNCTION_SIGNATURE_TYPE":"http"},"ingressSettings":"ALLOW_ALL","uri":"https://addtreatment-ft7us77rra-uc.a.run.app","serviceAccountEmail":"101841828420-compute@developer.gserviceaccount.com","availableMemory":"256Mi","allTrafficOnLatestRevision":true,"revision":"addtreatment-00023-xex","maxInstanceRequestConcurrency":80,"availableCpu":"1"},"state":"ACTIVE","labels":{"deployment-tool":"cli-firebase","firebase-functions-hash":"91b398480f89e08511a9b562cf02fe3c181037bd"},"environment":"GEN_2","url":"https://us-central1-glucose-goose.cloudfunctions.net/addTreatment","satisfiesPzi":true},"stages":[{"name":"BUILD","message":"Build in progress","state":"IN_PROGRESS","resource":"projects/101841828420/locations/us-central1/builds/af81f964-efe0-4c4d-9d8a-c866e433451e","resourceUri":"https://console.cloud.google.com/cloud-build/builds;region=us-central1/af81f964-efe0-4c4d-9d8a-c866e433451e?project=101841828420"},{"name":"SERVICE","state":"NOT_STARTED"}],"operationType":"UPDATE_FUNCTION","buildName":"projects/101841828420/locations/us-central1/builds/af81f964-efe0-4c4d-9d8a-c866e433451e"},"done":false}
[debug] [2025-12-03T18:51:04.003Z] [update-default-us-central1-addTreatment] Retrying task index 0
[debug] [2025-12-03T18:51:04.005Z] Checked if tokens are valid: true, expires at: 1764789425255
[debug] [2025-12-03T18:51:04.005Z] Checked if tokens are valid: true, expires at: 1764789425255
[debug] [2025-12-03T18:51:04.006Z] >>> [apiv2][query] GET https://cloudfunctions.googleapis.com/v2/projects/glucose-goose/locations/us-central1/operations/operation-1764787857973-64510b160e105-631e45ba-d4ca5a3e [none]
[debug] [2025-12-03T18:51:04.797Z] <<< [apiv2][status] GET https://cloudfunctions.googleapis.com/v2/projects/glucose-goose/locations/us-central1/operations/operation-1764787857973-64510b160e105-631e45ba-d4ca5a3e 200
[debug] [2025-12-03T18:51:04.798Z] <<< [apiv2][body] GET https://cloudfunctions.googleapis.com/v2/projects/glucose-goose/locations/us-central1/operations/operation-1764787857973-64510b160e105-631e45ba-d4ca5a3e {"name":"projects/glucose-goose/locations/us-central1/operations/operation-1764787857973-64510b160e105-631e45ba-d4ca5a3e","metadata":{"@type":"type.googleapis.com/google.cloud.functions.v2.OperationMetadata","createTime":"2025-12-03T18:50:58.548091302Z","target":"projects/glucose-goose/locations/us-central1/functions/addTreatment","verb":"update","cancelRequested":false,"apiVersion":"v2","requestResource":{"@type":"type.googleapis.com/google.cloud.functions.v2.Function","name":"projects/glucose-goose/locations/us-central1/functions/addTreatment","buildConfig":{"runtime":"nodejs24","entryPoint":"addTreatment","source":{"storageSource":{"bucket":"gcf-v2-sources-101841828420-us-central1","object":"addTreatment/function-source.zip","generation":"1764787858500372"}},"environmentVariables":{"GOOGLE_NODE_RUN_SCRIPTS":""},"dockerRepository":"projects/glucose-goose/locations/us-central1/repositories/gcf-artifacts","serviceAccount":"projects/glucose-goose/serviceAccounts/101841828420-compute@developer.gserviceaccount.com","automaticUpdatePolicy":{}},"serviceConfig":{"service":"projects/glucose-goose/locations/us-central1/services/addtreatment","timeoutSeconds":60,"environmentVariables":{"FIREBASE_CONFIG":"{\"projectId\":\"glucose-goose\",\"storageBucket\":\"glucose-goose.firebasestorage.app\"}","GCLOUD_PROJECT":"glucose-goose","EVENTARC_CLOUD_EVENT_SOURCE":"projects/glucose-goose/locations/us-central1/services/addTreatment","FUNCTION_TARGET":"addTreatment","LOG_EXECUTION_ID":"true","FUNCTION_SIGNATURE_TYPE":"http"},"ingressSettings":"ALLOW_ALL","uri":"https://addtreatment-ft7us77rra-uc.a.run.app","serviceAccountEmail":"101841828420-compute@developer.gserviceaccount.com","availableMemory":"256Mi","allTrafficOnLatestRevision":true,"revision":"addtreatment-00023-xex","maxInstanceRequestConcurrency":80,"availableCpu":"1"},"state":"ACTIVE","labels":{"deployment-tool":"cli-firebase","firebase-functions-hash":"91b398480f89e08511a9b562cf02fe3c181037bd"},"environment":"GEN_2","url":"https://us-central1-glucose-goose.cloudfunctions.net/addTreatment","satisfiesPzi":true},"stages":[{"name":"BUILD","message":"Build in progress","state":"IN_PROGRESS","resource":"projects/101841828420/locations/us-central1/builds/af81f964-efe0-4c4d-9d8a-c866e433451e","resourceUri":"https://console.cloud.google.com/cloud-build/builds;region=us-central1/af81f964-efe0-4c4d-9d8a-c866e433451e?project=101841828420"},{"name":"SERVICE","state":"NOT_STARTED"}],"operationType":"UPDATE_FUNCTION","buildName":"projects/101841828420/locations/us-central1/builds/af81f964-efe0-4c4d-9d8a-c866e433451e"},"done":false}
[debug] [2025-12-03T18:51:08.799Z] [update-default-us-central1-addTreatment] Retrying task index 0
[debug] [2025-12-03T18:51:08.800Z] Checked if tokens are valid: true, expires at: 1764789425255
[debug] [2025-12-03T18:51:08.801Z] Checked if tokens are valid: true, expires at: 1764789425255
[debug] [2025-12-03T18:51:08.801Z] >>> [apiv2][query] GET https://cloudfunctions.googleapis.com/v2/projects/glucose-goose/locations/us-central1/operations/operation-1764787857973-64510b160e105-631e45ba-d4ca5a3e [none]
[debug] [2025-12-03T18:51:09.598Z] <<< [apiv2][status] GET https://cloudfunctions.googleapis.com/v2/projects/glucose-goose/locations/us-central1/operations/operation-1764787857973-64510b160e105-631e45ba-d4ca5a3e 200
[debug] [2025-12-03T18:51:09.598Z] <<< [apiv2][body] GET https://cloudfunctions.googleapis.com/v2/projects/glucose-goose/locations/us-central1/operations/operation-1764787857973-64510b160e105-631e45ba-d4ca5a3e {"name":"projects/glucose-goose/locations/us-central1/operations/operation-1764787857973-64510b160e105-631e45ba-d4ca5a3e","metadata":{"@type":"type.googleapis.com/google.cloud.functions.v2.OperationMetadata","createTime":"2025-12-03T18:50:58.548091302Z","target":"projects/glucose-goose/locations/us-central1/functions/addTreatment","verb":"update","cancelRequested":false,"apiVersion":"v2","requestResource":{"@type":"type.googleapis.com/google.cloud.functions.v2.Function","name":"projects/glucose-goose/locations/us-central1/functions/addTreatment","buildConfig":{"runtime":"nodejs24","entryPoint":"addTreatment","source":{"storageSource":{"bucket":"gcf-v2-sources-101841828420-us-central1","object":"addTreatment/function-source.zip","generation":"1764787858500372"}},"environmentVariables":{"GOOGLE_NODE_RUN_SCRIPTS":""},"dockerRepository":"projects/glucose-goose/locations/us-central1/repositories/gcf-artifacts","serviceAccount":"projects/glucose-goose/serviceAccounts/101841828420-compute@developer.gserviceaccount.com","automaticUpdatePolicy":{}},"serviceConfig":{"service":"projects/glucose-goose/locations/us-central1/services/addtreatment","timeoutSeconds":60,"environmentVariables":{"FIREBASE_CONFIG":"{\"projectId\":\"glucose-goose\",\"storageBucket\":\"glucose-goose.firebasestorage.app\"}","GCLOUD_PROJECT":"glucose-goose","EVENTARC_CLOUD_EVENT_SOURCE":"projects/glucose-goose/locations/us-central1/services/addTreatment","FUNCTION_TARGET":"addTreatment","LOG_EXECUTION_ID":"true","FUNCTION_SIGNATURE_TYPE":"http"},"ingressSettings":"ALLOW_ALL","uri":"https://addtreatment-ft7us77rra-uc.a.run.app","serviceAccountEmail":"101841828420-compute@developer.gserviceaccount.com","availableMemory":"256Mi","allTrafficOnLatestRevision":true,"revision":"addtreatment-00023-xex","maxInstanceRequestConcurrency":80,"availableCpu":"1"},"state":"ACTIVE","labels":{"deployment-tool":"cli-firebase","firebase-functions-hash":"91b398480f89e08511a9b562cf02fe3c181037bd"},"environment":"GEN_2","url":"https://us-central1-glucose-goose.cloudfunctions.net/addTreatment","satisfiesPzi":true},"stages":[{"name":"BUILD","message":"Build in progress","state":"IN_PROGRESS","resource":"projects/101841828420/locations/us-central1/builds/af81f964-efe0-4c4d-9d8a-c866e433451e","resourceUri":"https://console.cloud.google.com/cloud-build/builds;region=us-central1/af81f964-efe0-4c4d-9d8a-c866e433451e?project=101841828420"},{"name":"SERVICE","state":"NOT_STARTED"}],"operationType":"UPDATE_FUNCTION","buildName":"projects/101841828420/locations/us-central1/builds/af81f964-efe0-4c4d-9d8a-c866e433451e"},"done":false}
[debug] [2025-12-03T18:51:17.602Z] [update-default-us-central1-addTreatment] Retrying task index 0
[debug] [2025-12-03T18:51:17.603Z] Checked if tokens are valid: true, expires at: 1764789425255
[debug] [2025-12-03T18:51:17.603Z] Checked if tokens are valid: true, expires at: 1764789425255
[debug] [2025-12-03T18:51:17.604Z] >>> [apiv2][query] GET https://cloudfunctions.googleapis.com/v2/projects/glucose-goose/locations/us-central1/operations/operation-1764787857973-64510b160e105-631e45ba-d4ca5a3e [none]
[debug] [2025-12-03T18:51:18.521Z] <<< [apiv2][status] GET https://cloudfunctions.googleapis.com/v2/projects/glucose-goose/locations/us-central1/operations/operation-1764787857973-64510b160e105-631e45ba-d4ca5a3e 200
[debug] [2025-12-03T18:51:18.521Z] <<< [apiv2][body] GET https://cloudfunctions.googleapis.com/v2/projects/glucose-goose/locations/us-central1/operations/operation-1764787857973-64510b160e105-631e45ba-d4ca5a3e {"name":"projects/glucose-goose/locations/us-central1/operations/operation-1764787857973-64510b160e105-631e45ba-d4ca5a3e","metadata":{"@type":"type.googleapis.com/google.cloud.functions.v2.OperationMetadata","createTime":"2025-12-03T18:50:58.548091302Z","target":"projects/glucose-goose/locations/us-central1/functions/addTreatment","verb":"update","cancelRequested":false,"apiVersion":"v2","requestResource":{"@type":"type.googleapis.com/google.cloud.functions.v2.Function","name":"projects/glucose-goose/locations/us-central1/functions/addTreatment","buildConfig":{"runtime":"nodejs24","entryPoint":"addTreatment","source":{"storageSource":{"bucket":"gcf-v2-sources-101841828420-us-central1","object":"addTreatment/function-source.zip","generation":"1764787858500372"}},"environmentVariables":{"GOOGLE_NODE_RUN_SCRIPTS":""},"dockerRepository":"projects/glucose-goose/locations/us-central1/repositories/gcf-artifacts","serviceAccount":"projects/glucose-goose/serviceAccounts/101841828420-compute@developer.gserviceaccount.com","automaticUpdatePolicy":{}},"serviceConfig":{"service":"projects/glucose-goose/locations/us-central1/services/addtreatment","timeoutSeconds":60,"environmentVariables":{"FIREBASE_CONFIG":"{\"projectId\":\"glucose-goose\",\"storageBucket\":\"glucose-goose.firebasestorage.app\"}","GCLOUD_PROJECT":"glucose-goose","EVENTARC_CLOUD_EVENT_SOURCE":"projects/glucose-goose/locations/us-central1/services/addTreatment","FUNCTION_TARGET":"addTreatment","LOG_EXECUTION_ID":"true","FUNCTION_SIGNATURE_TYPE":"http"},"ingressSettings":"ALLOW_ALL","uri":"https://addtreatment-ft7us77rra-uc.a.run.app","serviceAccountEmail":"101841828420-compute@developer.gserviceaccount.com","availableMemory":"256Mi","allTrafficOnLatestRevision":true,"revision":"addtreatment-00023-xex","maxInstanceRequestConcurrency":80,"availableCpu":"1"},"state":"ACTIVE","labels":{"deployment-tool":"cli-firebase","firebase-functions-hash":"91b398480f89e08511a9b562cf02fe3c181037bd"},"environment":"GEN_2","url":"https://us-central1-glucose-goose.cloudfunctions.net/addTreatment","satisfiesPzi":true},"stages":[{"name":"BUILD","message":"Build in progress","state":"IN_PROGRESS","resource":"projects/101841828420/locations/us-central1/builds/af81f964-efe0-4c4d-9d8a-c866e433451e","resourceUri":"https://console.cloud.google.com/cloud-build/builds;region=us-central1/af81f964-efe0-4c4d-9d8a-c866e433451e?project=101841828420"},{"name":"SERVICE","state":"NOT_STARTED"}],"operationType":"UPDATE_FUNCTION","buildName":"projects/101841828420/locations/us-central1/builds/af81f964-efe0-4c4d-9d8a-c866e433451e"},"done":false}
[debug] [2025-12-03T18:51:28.526Z] [update-default-us-central1-addTreatment] Retrying task index 0
[debug] [2025-12-03T18:51:28.527Z] Checked if tokens are valid: true, expires at: 1764789425255
[debug] [2025-12-03T18:51:28.527Z] Checked if tokens are valid: true, expires at: 1764789425255
[debug] [2025-12-03T18:51:28.528Z] >>> [apiv2][query] GET https://cloudfunctions.googleapis.com/v2/projects/glucose-goose/locations/us-central1/operations/operation-1764787857973-64510b160e105-631e45ba-d4ca5a3e [none]
[debug] [2025-12-03T18:51:29.363Z] <<< [apiv2][status] GET https://cloudfunctions.googleapis.com/v2/projects/glucose-goose/locations/us-central1/operations/operation-1764787857973-64510b160e105-631e45ba-d4ca5a3e 200
[debug] [2025-12-03T18:51:29.364Z] <<< [apiv2][body] GET https://cloudfunctions.googleapis.com/v2/projects/glucose-goose/locations/us-central1/operations/operation-1764787857973-64510b160e105-631e45ba-d4ca5a3e {"name":"projects/glucose-goose/locations/us-central1/operations/operation-1764787857973-64510b160e105-631e45ba-d4ca5a3e","metadata":{"@type":"type.googleapis.com/google.cloud.functions.v2.OperationMetadata","createTime":"2025-12-03T18:50:58.548091302Z","target":"projects/glucose-goose/locations/us-central1/functions/addTreatment","verb":"update","cancelRequested":false,"apiVersion":"v2","requestResource":{"@type":"type.googleapis.com/google.cloud.functions.v2.Function","name":"projects/glucose-goose/locations/us-central1/functions/addTreatment","buildConfig":{"runtime":"nodejs24","entryPoint":"addTreatment","source":{"storageSource":{"bucket":"gcf-v2-sources-101841828420-us-central1","object":"addTreatment/function-source.zip","generation":"1764787858500372"}},"environmentVariables":{"GOOGLE_NODE_RUN_SCRIPTS":""},"dockerRepository":"projects/glucose-goose/locations/us-central1/repositories/gcf-artifacts","serviceAccount":"projects/glucose-goose/serviceAccounts/101841828420-compute@developer.gserviceaccount.com","automaticUpdatePolicy":{}},"serviceConfig":{"service":"projects/glucose-goose/locations/us-central1/services/addtreatment","timeoutSeconds":60,"environmentVariables":{"FIREBASE_CONFIG":"{\"projectId\":\"glucose-goose\",\"storageBucket\":\"glucose-goose.firebasestorage.app\"}","GCLOUD_PROJECT":"glucose-goose","EVENTARC_CLOUD_EVENT_SOURCE":"projects/glucose-goose/locations/us-central1/services/addTreatment","FUNCTION_TARGET":"addTreatment","LOG_EXECUTION_ID":"true","FUNCTION_SIGNATURE_TYPE":"http"},"ingressSettings":"ALLOW_ALL","uri":"https://addtreatment-ft7us77rra-uc.a.run.app","serviceAccountEmail":"101841828420-compute@developer.gserviceaccount.com","availableMemory":"256Mi","allTrafficOnLatestRevision":true,"revision":"addtreatment-00023-xex","maxInstanceRequestConcurrency":80,"availableCpu":"1"},"state":"ACTIVE","labels":{"deployment-tool":"cli-firebase","firebase-functions-hash":"91b398480f89e08511a9b562cf02fe3c181037bd"},"environment":"GEN_2","url":"https://us-central1-glucose-goose.cloudfunctions.net/addTreatment","satisfiesPzi":true},"stages":[{"name":"BUILD","message":"Build in progress","state":"IN_PROGRESS","resource":"projects/101841828420/locations/us-central1/builds/af81f964-efe0-4c4d-9d8a-c866e433451e","resourceUri":"https://console.cloud.google.com/cloud-build/builds;region=us-central1/af81f964-efe0-4c4d-9d8a-c866e433451e?project=101841828420"},{"name":"SERVICE","state":"NOT_STARTED"}],"operationType":"UPDATE_FUNCTION","buildName":"projects/101841828420/locations/us-central1/builds/af81f964-efe0-4c4d-9d8a-c866e433451e"},"done":false}
[debug] [2025-12-03T18:51:39.370Z] [update-default-us-central1-addTreatment] Retrying task index 0
[debug] [2025-12-03T18:51:39.371Z] Checked if tokens are valid: true, expires at: 1764789425255
[debug] [2025-12-03T18:51:39.371Z] Checked if tokens are valid: true, expires at: 1764789425255
[debug] [2025-12-03T18:51:39.372Z] >>> [apiv2][query] GET https://cloudfunctions.googleapis.com/v2/projects/glucose-goose/locations/us-central1/operations/operation-1764787857973-64510b160e105-631e45ba-d4ca5a3e [none]
[debug] [2025-12-03T18:51:40.298Z] <<< [apiv2][status] GET https://cloudfunctions.googleapis.com/v2/projects/glucose-goose/locations/us-central1/operations/operation-1764787857973-64510b160e105-631e45ba-d4ca5a3e 200
[debug] [2025-12-03T18:51:40.298Z] <<< [apiv2][body] GET https://cloudfunctions.googleapis.com/v2/projects/glucose-goose/locations/us-central1/operations/operation-1764787857973-64510b160e105-631e45ba-d4ca5a3e {"name":"projects/glucose-goose/locations/us-central1/operations/operation-1764787857973-64510b160e105-631e45ba-d4ca5a3e","metadata":{"@type":"type.googleapis.com/google.cloud.functions.v2.OperationMetadata","createTime":"2025-12-03T18:50:58.548091302Z","endTime":"2025-12-03T18:51:40.021886353Z","target":"projects/glucose-goose/locations/us-central1/functions/addTreatment","verb":"update","cancelRequested":false,"apiVersion":"v2","requestResource":{"@type":"type.googleapis.com/google.cloud.functions.v2.Function","name":"projects/glucose-goose/locations/us-central1/functions/addTreatment","buildConfig":{"runtime":"nodejs24","entryPoint":"addTreatment","source":{"storageSource":{"bucket":"gcf-v2-sources-101841828420-us-central1","object":"addTreatment/function-source.zip","generation":"1764787858500372"}},"environmentVariables":{"GOOGLE_NODE_RUN_SCRIPTS":""},"dockerRepository":"projects/glucose-goose/locations/us-central1/repositories/gcf-artifacts","serviceAccount":"projects/glucose-goose/serviceAccounts/101841828420-compute@developer.gserviceaccount.com","automaticUpdatePolicy":{}},"serviceConfig":{"service":"projects/glucose-goose/locations/us-central1/services/addtreatment","timeoutSeconds":60,"environmentVariables":{"FIREBASE_CONFIG":"{\"projectId\":\"glucose-goose\",\"storageBucket\":\"glucose-goose.firebasestorage.app\"}","GCLOUD_PROJECT":"glucose-goose","EVENTARC_CLOUD_EVENT_SOURCE":"projects/glucose-goose/locations/us-central1/services/addTreatment","FUNCTION_TARGET":"addTreatment","LOG_EXECUTION_ID":"true","FUNCTION_SIGNATURE_TYPE":"http"},"ingressSettings":"ALLOW_ALL","uri":"https://addtreatment-ft7us77rra-uc.a.run.app","serviceAccountEmail":"101841828420-compute@developer.gserviceaccount.com","availableMemory":"256Mi","allTrafficOnLatestRevision":true,"revision":"addtreatment-00023-xex","maxInstanceRequestConcurrency":80,"availableCpu":"1"},"state":"ACTIVE","labels":{"deployment-tool":"cli-firebase","firebase-functions-hash":"91b398480f89e08511a9b562cf02fe3c181037bd"},"environment":"GEN_2","url":"https://us-central1-glucose-goose.cloudfunctions.net/addTreatment","satisfiesPzi":true},"stages":[{"name":"SERVICE","state":"NOT_STARTED"}],"operationType":"UPDATE_FUNCTION"},"done":true,"error":{"code":3,"message":"Could not create or update Cloud Run service addtreatment, Container Healthcheck failed. The user-provided container failed to start and listen on the port defined provided by the PORT=8080 environment variable within the allocated timeout. This can happen when the container port is misconfigured or if the timeout is too short. The health check timeout can be extended. Logs for this revision might contain more information.\n\nLogs URL: https://console.cloud.google.com/logs/viewer?project=glucose-goose&resource=cloud_run_revision/service_name/addtreatment/revision_name/addtreatment-00024-vud&advancedFilter=resource.type%3D%22cloud_run_revision%22%0Aresource.labels.service_name%3D%22addtreatment%22%0Aresource.labels.revision_name%3D%22addtreatment-00024-vud%22 \nFor more troubleshooting guidance, see https://cloud.google.com/run/docs/troubleshooting#container-failed-to-start"}}
[debug] [2025-12-03T18:51:40.299Z] Got source token undefined for region us-central1
[debug] [2025-12-03T18:51:40.301Z] Checked if tokens are valid: true, expires at: 1764789425255
[debug] [2025-12-03T18:51:40.302Z] Checked if tokens are valid: true, expires at: 1764789425255
[debug] [2025-12-03T18:51:40.303Z] Checked if tokens are valid: true, expires at: 1764789425255
[debug] [2025-12-03T18:51:40.303Z] Checked if tokens are valid: true, expires at: 1764789425255
[debug] [2025-12-03T18:51:40.304Z] Checked if tokens are valid: true, expires at: 1764789425255
[debug] [2025-12-03T18:51:40.305Z] Checked if tokens are valid: true, expires at: 1764789425255
[debug] [2025-12-03T18:51:40.306Z] Checked if tokens are valid: true, expires at: 1764789425255
[debug] [2025-12-03T18:51:40.307Z] Checked if tokens are valid: true, expires at: 1764789425255
[debug] [2025-12-03T18:51:40.308Z] >>> [apiv2][query] PATCH https://cloudfunctions.googleapis.com/v2/projects/glucose-goose/locations/us-central1/functions/deleteTreatment updateMask=name%2CbuildConfig.runtime%2CbuildConfig.entryPoint%2CbuildConfig.source.storageSource.bucket%2CbuildConfig.source.storageSource.object%2CbuildConfig.environmentVariables%2CbuildConfig.sourceToken%2CserviceConfig.environmentVariables%2CserviceConfig.ingressSettings%2CserviceConfig.timeoutSeconds%2CserviceConfig.serviceAccountEmail%2CserviceConfig.availableMemory%2CserviceConfig.minInstanceCount%2CserviceConfig.maxInstanceCount%2CserviceConfig.maxInstanceRequestConcurrency%2CserviceConfig.availableCpu%2CserviceConfig.vpcConnector%2CserviceConfig.vpcConnectorEgressSettings%2Clabels
[debug] [2025-12-03T18:51:40.309Z] >>> [apiv2][body] PATCH https://cloudfunctions.googleapis.com/v2/projects/glucose-goose/locations/us-central1/functions/deleteTreatment {"name":"projects/glucose-goose/locations/us-central1/functions/deleteTreatment","buildConfig":{"runtime":"nodejs24","entryPoint":"deleteTreatment","source":{"storageSource":{"bucket":"gcf-v2-uploads-101841828420.us-central1.cloudfunctions.appspot.com","object":"96eb17ee-2a08-48df-b4e9-52fae0f10d1c.zip"}},"environmentVariables":{"GOOGLE_NODE_RUN_SCRIPTS":""}},"serviceConfig":{"environmentVariables":{"FIREBASE_CONFIG":"{\"projectId\":\"glucose-goose\",\"storageBucket\":\"glucose-goose.firebasestorage.app\"}","GCLOUD_PROJECT":"glucose-goose","EVENTARC_CLOUD_EVENT_SOURCE":"projects/glucose-goose/locations/us-central1/services/deleteTreatment","FUNCTION_TARGET":"deleteTreatment","LOG_EXECUTION_ID":"true","FUNCTION_SIGNATURE_TYPE":"http"},"ingressSettings":null,"timeoutSeconds":null,"serviceAccountEmail":null,"availableMemory":"256Mi","minInstanceCount":null,"maxInstanceCount":null,"maxInstanceRequestConcurrency":80,"availableCpu":"1","vpcConnector":null,"vpcConnectorEgressSettings":null},"labels":{"deployment-tool":"cli-firebase","firebase-functions-hash":"91b398480f89e08511a9b562cf02fe3c181037bd"}}
[debug] [2025-12-03T18:51:40.314Z] >>> [apiv2][query] PATCH https://cloudfunctions.googleapis.com/v2/projects/glucose-goose/locations/us-central1/functions/getNightscoutBundle updateMask=name%2CbuildConfig.runtime%2CbuildConfig.entryPoint%2CbuildConfig.source.storageSource.bucket%2CbuildConfig.source.storageSource.object%2CbuildConfig.environmentVariables%2CbuildConfig.sourceToken%2CserviceConfig.environmentVariables%2CserviceConfig.ingressSettings%2CserviceConfig.timeoutSeconds%2CserviceConfig.serviceAccountEmail%2CserviceConfig.availableMemory%2CserviceConfig.minInstanceCount%2CserviceConfig.maxInstanceCount%2CserviceConfig.maxInstanceRequestConcurrency%2CserviceConfig.availableCpu%2CserviceConfig.vpcConnector%2CserviceConfig.vpcConnectorEgressSettings%2Clabels
[debug] [2025-12-03T18:51:40.314Z] >>> [apiv2][body] PATCH https://cloudfunctions.googleapis.com/v2/projects/glucose-goose/locations/us-central1/functions/getNightscoutBundle {"name":"projects/glucose-goose/locations/us-central1/functions/getNightscoutBundle","buildConfig":{"runtime":"nodejs24","entryPoint":"getNightscoutBundle","source":{"storageSource":{"bucket":"gcf-v2-uploads-101841828420.us-central1.cloudfunctions.appspot.com","object":"96eb17ee-2a08-48df-b4e9-52fae0f10d1c.zip"}},"environmentVariables":{"GOOGLE_NODE_RUN_SCRIPTS":""}},"serviceConfig":{"environmentVariables":{"FIREBASE_CONFIG":"{\"projectId\":\"glucose-goose\",\"storageBucket\":\"glucose-goose.firebasestorage.app\"}","GCLOUD_PROJECT":"glucose-goose","EVENTARC_CLOUD_EVENT_SOURCE":"projects/glucose-goose/locations/us-central1/services/getNightscoutBundle","FUNCTION_TARGET":"getNightscoutBundle","LOG_EXECUTION_ID":"true","FUNCTION_SIGNATURE_TYPE":"http"},"ingressSettings":null,"timeoutSeconds":null,"serviceAccountEmail":null,"availableMemory":"256Mi","minInstanceCount":null,"maxInstanceCount":null,"maxInstanceRequestConcurrency":80,"availableCpu":"1","vpcConnector":null,"vpcConnectorEgressSettings":null},"labels":{"deployment-tool":"cli-firebase","firebase-functions-hash":"91b398480f89e08511a9b562cf02fe3c181037bd"}}
[debug] [2025-12-03T18:51:40.325Z] >>> [apiv2][query] PATCH https://cloudfunctions.googleapis.com/v2/projects/glucose-goose/locations/us-central1/functions/simulateGlucose updateMask=name%2CbuildConfig.runtime%2CbuildConfig.entryPoint%2CbuildConfig.source.storageSource.bucket%2CbuildConfig.source.storageSource.object%2CbuildConfig.environmentVariables%2CbuildConfig.sourceToken%2CserviceConfig.environmentVariables%2CserviceConfig.secretEnvironmentVariables%2CserviceConfig.ingressSettings%2CserviceConfig.timeoutSeconds%2CserviceConfig.serviceAccountEmail%2CserviceConfig.availableMemory%2CserviceConfig.minInstanceCount%2CserviceConfig.maxInstanceCount%2CserviceConfig.maxInstanceRequestConcurrency%2CserviceConfig.availableCpu%2CserviceConfig.vpcConnector%2CserviceConfig.vpcConnectorEgressSettings%2Clabels
[debug] [2025-12-03T18:51:40.326Z] >>> [apiv2][body] PATCH https://cloudfunctions.googleapis.com/v2/projects/glucose-goose/locations/us-central1/functions/simulateGlucose {"name":"projects/glucose-goose/locations/us-central1/functions/simulateGlucose","buildConfig":{"runtime":"nodejs24","entryPoint":"simulateGlucose","source":{"storageSource":{"bucket":"gcf-v2-uploads-101841828420.us-central1.cloudfunctions.appspot.com","object":"96eb17ee-2a08-48df-b4e9-52fae0f10d1c.zip"}},"environmentVariables":{"GOOGLE_NODE_RUN_SCRIPTS":""}},"serviceConfig":{"environmentVariables":{"FIREBASE_CONFIG":"{\"projectId\":\"glucose-goose\",\"storageBucket\":\"glucose-goose.firebasestorage.app\"}","GCLOUD_PROJECT":"glucose-goose","EVENTARC_CLOUD_EVENT_SOURCE":"projects/glucose-goose/locations/us-central1/services/simulateGlucose","FUNCTION_TARGET":"simulateGlucose","LOG_EXECUTION_ID":"true","FUNCTION_SIGNATURE_TYPE":"http"},"secretEnvironmentVariables":[{"key":"NIGHTSCOUT_API_SECRET","secret":"NIGHTSCOUT_API_SECRET","projectId":"glucose-goose","version":"2"},{"key":"NIGHTSCOUT_URL","secret":"NIGHTSCOUT_URL","projectId":"glucose-goose","version":"1"}],"ingressSettings":null,"timeoutSeconds":null,"serviceAccountEmail":null,"availableMemory":"256Mi","minInstanceCount":null,"maxInstanceCount":null,"maxInstanceRequestConcurrency":80,"availableCpu":"1","vpcConnector":null,"vpcConnectorEgressSettings":null},"labels":{"deployment-tool":"cli-firebase","deployment-scheduled":"true","firebase-functions-hash":"55644f99d253950dc78f8082fd3954898b17cf74"}}
[debug] [2025-12-03T18:51:40.334Z] >>> [apiv2][query] PATCH https://cloudfunctions.googleapis.com/v2/projects/glucose-goose/locations/us-central1/functions/updateTreatment updateMask=name%2CbuildConfig.runtime%2CbuildConfig.entryPoint%2CbuildConfig.source.storageSource.bucket%2CbuildConfig.source.storageSource.object%2CbuildConfig.environmentVariables%2CbuildConfig.sourceToken%2CserviceConfig.environmentVariables%2CserviceConfig.ingressSettings%2CserviceConfig.timeoutSeconds%2CserviceConfig.serviceAccountEmail%2CserviceConfig.availableMemory%2CserviceConfig.minInstanceCount%2CserviceConfig.maxInstanceCount%2CserviceConfig.maxInstanceRequestConcurrency%2CserviceConfig.availableCpu%2CserviceConfig.vpcConnector%2CserviceConfig.vpcConnectorEgressSettings%2Clabels
[debug] [2025-12-03T18:51:40.334Z] >>> [apiv2][body] PATCH https://cloudfunctions.googleapis.com/v2/projects/glucose-goose/locations/us-central1/functions/updateTreatment {"name":"projects/glucose-goose/locations/us-central1/functions/updateTreatment","buildConfig":{"runtime":"nodejs24","entryPoint":"updateTreatment","source":{"storageSource":{"bucket":"gcf-v2-uploads-101841828420.us-central1.cloudfunctions.appspot.com","object":"96eb17ee-2a08-48df-b4e9-52fae0f10d1c.zip"}},"environmentVariables":{"GOOGLE_NODE_RUN_SCRIPTS":""}},"serviceConfig":{"environmentVariables":{"FIREBASE_CONFIG":"{\"projectId\":\"glucose-goose\",\"storageBucket\":\"glucose-goose.firebasestorage.app\"}","GCLOUD_PROJECT":"glucose-goose","EVENTARC_CLOUD_EVENT_SOURCE":"projects/glucose-goose/locations/us-central1/services/updateTreatment","FUNCTION_TARGET":"updateTreatment","LOG_EXECUTION_ID":"true","FUNCTION_SIGNATURE_TYPE":"http"},"ingressSettings":null,"timeoutSeconds":null,"serviceAccountEmail":null,"availableMemory":"256Mi","minInstanceCount":null,"maxInstanceCount":null,"maxInstanceRequestConcurrency":80,"availableCpu":"1","vpcConnector":null,"vpcConnectorEgressSettings":null},"labels":{"deployment-tool":"cli-firebase","firebase-functions-hash":"91b398480f89e08511a9b562cf02fe3c181037bd"}}
[error] Could not create or update Cloud Run service addtreatment, Container Healthcheck failed. The user-provided container failed to start and listen on the port defined provided by the PORT=8080 environment variable within the allocated timeout. This can happen when the container port is misconfigured or if the timeout is too short. The health check timeout can be extended. Logs for this revision might contain more information.

Logs URL: https://console.cloud.google.com/logs/viewer?project=glucose-goose&resource=cloud_run_revision/service_name/addtreatment/revision_name/addtreatment-00024-vud&advancedFilter=resource.type%3D%22cloud_run_revision%22%0Aresource.labels.service_name%3D%22addtreatment%22%0Aresource.labels.revision_name%3D%22addtreatment-00024-vud%22 
For more troubleshooting guidance, see https://cloud.google.com/run/docs/troubleshooting#container-failed-to-start
[debug] [2025-12-03T18:51:41.740Z] <<< [apiv2][status] PATCH https://cloudfunctions.googleapis.com/v2/projects/glucose-goose/locations/us-central1/functions/simulateGlucose 200
[debug] [2025-12-03T18:51:41.741Z] <<< [apiv2][body] PATCH https://cloudfunctions.googleapis.com/v2/projects/glucose-goose/locations/us-central1/functions/simulateGlucose {"name":"projects/glucose-goose/locations/us-central1/operations/operation-1764787901072-64510b3f283d9-edb4b15c-c55e74e4","metadata":{"@type":"type.googleapis.com/google.cloud.functions.v2.OperationMetadata","createTime":"2025-12-03T18:51:41.632053468Z","target":"projects/glucose-goose/locations/us-central1/functions/simulateGlucose","verb":"update","cancelRequested":false,"apiVersion":"v2"},"done":false}
[debug] [2025-12-03T18:51:41.742Z] Checked if tokens are valid: true, expires at: 1764789425255
[debug] [2025-12-03T18:51:41.742Z] Checked if tokens are valid: true, expires at: 1764789425255
[debug] [2025-12-03T18:51:41.743Z] >>> [apiv2][query] GET https://cloudfunctions.googleapis.com/v2/projects/glucose-goose/locations/us-central1/operations/operation-1764787901072-64510b3f283d9-edb4b15c-c55e74e4 [none]
[debug] [2025-12-03T18:51:41.758Z] <<< [apiv2][status] PATCH https://cloudfunctions.googleapis.com/v2/projects/glucose-goose/locations/us-central1/functions/updateTreatment 200
[debug] [2025-12-03T18:51:41.759Z] <<< [apiv2][body] PATCH https://cloudfunctions.googleapis.com/v2/projects/glucose-goose/locations/us-central1/functions/updateTreatment {"name":"projects/glucose-goose/locations/us-central1/operations/operation-1764787901079-64510b3f29e91-09c3b7ee-9453798e","metadata":{"@type":"type.googleapis.com/google.cloud.functions.v2.OperationMetadata","createTime":"2025-12-03T18:51:41.622988467Z","target":"projects/glucose-goose/locations/us-central1/functions/updateTreatment","verb":"update","cancelRequested":false,"apiVersion":"v2"},"done":false}
[debug] [2025-12-03T18:51:41.760Z] Checked if tokens are valid: true, expires at: 1764789425255
[debug] [2025-12-03T18:51:41.760Z] Checked if tokens are valid: true, expires at: 1764789425255
[debug] [2025-12-03T18:51:41.760Z] >>> [apiv2][query] GET https://cloudfunctions.googleapis.com/v2/projects/glucose-goose/locations/us-central1/operations/operation-1764787901079-64510b3f29e91-09c3b7ee-9453798e [none]
[debug] [2025-12-03T18:51:41.766Z] <<< [apiv2][status] PATCH https://cloudfunctions.googleapis.com/v2/projects/glucose-goose/locations/us-central1/functions/getNightscoutBundle 200
[debug] [2025-12-03T18:51:41.766Z] <<< [apiv2][body] PATCH https://cloudfunctions.googleapis.com/v2/projects/glucose-goose/locations/us-central1/functions/getNightscoutBundle {"name":"projects/glucose-goose/locations/us-central1/operations/operation-1764787901112-64510b3f31f58-6bf25453-d493131c","metadata":{"@type":"type.googleapis.com/google.cloud.functions.v2.OperationMetadata","createTime":"2025-12-03T18:51:41.644994154Z","target":"projects/glucose-goose/locations/us-central1/functions/getNightscoutBundle","verb":"update","cancelRequested":false,"apiVersion":"v2"},"done":false}
[debug] [2025-12-03T18:51:41.767Z] Checked if tokens are valid: true, expires at: 1764789425255
[debug] [2025-12-03T18:51:41.767Z] Checked if tokens are valid: true, expires at: 1764789425255
[debug] [2025-12-03T18:51:41.768Z] >>> [apiv2][query] GET https://cloudfunctions.googleapis.com/v2/projects/glucose-goose/locations/us-central1/operations/operation-1764787901112-64510b3f31f58-6bf25453-d493131c [none]
[debug] [2025-12-03T18:51:41.808Z] <<< [apiv2][status] PATCH https://cloudfunctions.googleapis.com/v2/projects/glucose-goose/locations/us-central1/functions/deleteTreatment 200
[debug] [2025-12-03T18:51:41.809Z] <<< [apiv2][body] PATCH https://cloudfunctions.googleapis.com/v2/projects/glucose-goose/locations/us-central1/functions/deleteTreatment {"name":"projects/glucose-goose/locations/us-central1/operations/operation-1764787900973-64510b3f0fff1-4d5c1e9d-f77f8d29","metadata":{"@type":"type.googleapis.com/google.cloud.functions.v2.OperationMetadata","createTime":"2025-12-03T18:51:41.513263654Z","target":"projects/glucose-goose/locations/us-central1/functions/deleteTreatment","verb":"update","cancelRequested":false,"apiVersion":"v2"},"done":false}
[debug] [2025-12-03T18:51:41.810Z] Checked if tokens are valid: true, expires at: 1764789425255
[debug] [2025-12-03T18:51:41.810Z] Checked if tokens are valid: true, expires at: 1764789425255
[debug] [2025-12-03T18:51:41.811Z] >>> [apiv2][query] GET https://cloudfunctions.googleapis.com/v2/projects/glucose-goose/locations/us-central1/operations/operation-1764787900973-64510b3f0fff1-4d5c1e9d-f77f8d29 [none]
[debug] [2025-12-03T18:51:42.500Z] <<< [apiv2][status] GET https://cloudfunctions.googleapis.com/v2/projects/glucose-goose/locations/us-central1/operations/operation-1764787901072-64510b3f283d9-edb4b15c-c55e74e4 200
[debug] [2025-12-03T18:51:42.502Z] <<< [apiv2][body] GET https://cloudfunctions.googleapis.com/v2/projects/glucose-goose/locations/us-central1/operations/operation-1764787901072-64510b3f283d9-edb4b15c-c55e74e4 {"name":"projects/glucose-goose/locations/us-central1/operations/operation-1764787901072-64510b3f283d9-edb4b15c-c55e74e4","metadata":{"@type":"type.googleapis.com/google.cloud.functions.v2.OperationMetadata","createTime":"2025-12-03T18:51:41.632053468Z","target":"projects/glucose-goose/locations/us-central1/functions/simulateGlucose","verb":"update","cancelRequested":false,"apiVersion":"v2","requestResource":{"@type":"type.googleapis.com/google.cloud.functions.v2.Function","name":"projects/glucose-goose/locations/us-central1/functions/simulateGlucose","buildConfig":{"runtime":"nodejs24","entryPoint":"simulateGlucose","source":{"storageSource":{"bucket":"gcf-v2-sources-101841828420-us-central1","object":"simulateGlucose/function-source.zip","generation":"1764787901587809"}},"environmentVariables":{"GOOGLE_NODE_RUN_SCRIPTS":""},"dockerRepository":"projects/glucose-goose/locations/us-central1/repositories/gcf-artifacts","serviceAccount":"projects/glucose-goose/serviceAccounts/101841828420-compute@developer.gserviceaccount.com","automaticUpdatePolicy":{}},"serviceConfig":{"service":"projects/glucose-goose/locations/us-central1/services/simulateglucose","timeoutSeconds":60,"environmentVariables":{"FIREBASE_CONFIG":"{\"projectId\":\"glucose-goose\",\"storageBucket\":\"glucose-goose.firebasestorage.app\"}","GCLOUD_PROJECT":"glucose-goose","EVENTARC_CLOUD_EVENT_SOURCE":"projects/glucose-goose/locations/us-central1/services/simulateGlucose","FUNCTION_TARGET":"simulateGlucose","LOG_EXECUTION_ID":"true","FUNCTION_SIGNATURE_TYPE":"http"},"ingressSettings":"ALLOW_ALL","uri":"https://simulateglucose-ft7us77rra-uc.a.run.app","serviceAccountEmail":"101841828420-compute@developer.gserviceaccount.com","availableMemory":"256Mi","allTrafficOnLatestRevision":true,"secretEnvironmentVariables":[{"key":"NIGHTSCOUT_API_SECRET","projectId":"glucose-goose","secret":"NIGHTSCOUT_API_SECRET","version":"2"},{"key":"NIGHTSCOUT_URL","projectId":"glucose-goose","secret":"NIGHTSCOUT_URL","version":"1"}],"revision":"simulateglucose-00005-xor","maxInstanceRequestConcurrency":80,"availableCpu":"1"},"state":"ACTIVE","labels":{"deployment-tool":"cli-firebase","deployment-scheduled":"true","firebase-functions-hash":"55644f99d253950dc78f8082fd3954898b17cf74"},"environment":"GEN_2","url":"https://us-central1-glucose-goose.cloudfunctions.net/simulateGlucose","satisfiesPzi":true},"stages":[{"name":"BUILD","message":"Creating build","state":"IN_PROGRESS","resource":"projects/101841828420/locations/us-central1/builds/75494ea1-0346-45af-96b4-cc9d8848da86","resourceUri":"https://console.cloud.google.com/cloud-build/builds;region=us-central1/75494ea1-0346-45af-96b4-cc9d8848da86?project=101841828420"},{"name":"SERVICE","state":"NOT_STARTED"}],"operationType":"UPDATE_FUNCTION","buildName":"projects/101841828420/locations/us-central1/builds/75494ea1-0346-45af-96b4-cc9d8848da86"},"done":false}
[debug] [2025-12-03T18:51:42.523Z] <<< [apiv2][status] GET https://cloudfunctions.googleapis.com/v2/projects/glucose-goose/locations/us-central1/operations/operation-1764787901112-64510b3f31f58-6bf25453-d493131c 200
[debug] [2025-12-03T18:51:42.523Z] <<< [apiv2][body] GET https://cloudfunctions.googleapis.com/v2/projects/glucose-goose/locations/us-central1/operations/operation-1764787901112-64510b3f31f58-6bf25453-d493131c {"name":"projects/glucose-goose/locations/us-central1/operations/operation-1764787901112-64510b3f31f58-6bf25453-d493131c","metadata":{"@type":"type.googleapis.com/google.cloud.functions.v2.OperationMetadata","createTime":"2025-12-03T18:51:41.644994154Z","target":"projects/glucose-goose/locations/us-central1/functions/getNightscoutBundle","verb":"update","cancelRequested":false,"apiVersion":"v2","requestResource":{"@type":"type.googleapis.com/google.cloud.functions.v2.Function","name":"projects/glucose-goose/locations/us-central1/functions/getNightscoutBundle","buildConfig":{"runtime":"nodejs24","entryPoint":"getNightscoutBundle","source":{"storageSource":{"bucket":"gcf-v2-sources-101841828420-us-central1","object":"getNightscoutBundle/function-source.zip","generation":"1764787901594657"}},"environmentVariables":{"GOOGLE_NODE_RUN_SCRIPTS":""},"dockerRepository":"projects/glucose-goose/locations/us-central1/repositories/gcf-artifacts","serviceAccount":"projects/glucose-goose/serviceAccounts/101841828420-compute@developer.gserviceaccount.com","automaticUpdatePolicy":{}},"serviceConfig":{"service":"projects/glucose-goose/locations/us-central1/services/getnightscoutbundle","timeoutSeconds":60,"environmentVariables":{"FIREBASE_CONFIG":"{\"projectId\":\"glucose-goose\",\"storageBucket\":\"glucose-goose.firebasestorage.app\"}","GCLOUD_PROJECT":"glucose-goose","EVENTARC_CLOUD_EVENT_SOURCE":"projects/glucose-goose/locations/us-central1/services/getNightscoutBundle","FUNCTION_TARGET":"getNightscoutBundle","LOG_EXECUTION_ID":"true","FUNCTION_SIGNATURE_TYPE":"http"},"ingressSettings":"ALLOW_ALL","uri":"https://getnightscoutbundle-ft7us77rra-uc.a.run.app","serviceAccountEmail":"101841828420-compute@developer.gserviceaccount.com","availableMemory":"256Mi","allTrafficOnLatestRevision":true,"revision":"getnightscoutbundle-00025-biw","maxInstanceRequestConcurrency":80,"availableCpu":"1"},"state":"ACTIVE","labels":{"deployment-tool":"cli-firebase","firebase-functions-hash":"91b398480f89e08511a9b562cf02fe3c181037bd"},"environment":"GEN_2","url":"https://us-central1-glucose-goose.cloudfunctions.net/getNightscoutBundle","satisfiesPzi":true},"stages":[{"name":"BUILD","message":"Build in progress","state":"IN_PROGRESS","resource":"projects/101841828420/locations/us-central1/builds/5f592f34-5ebc-46a7-9a65-6be273cbed07","resourceUri":"https://console.cloud.google.com/cloud-build/builds;region=us-central1/5f592f34-5ebc-46a7-9a65-6be273cbed07?project=101841828420"},{"name":"SERVICE","state":"NOT_STARTED"}],"operationType":"UPDATE_FUNCTION","buildName":"projects/101841828420/locations/us-central1/builds/5f592f34-5ebc-46a7-9a65-6be273cbed07"},"done":false}
[debug] [2025-12-03T18:51:42.554Z] <<< [apiv2][status] GET https://cloudfunctions.googleapis.com/v2/projects/glucose-goose/locations/us-central1/operations/operation-1764787901079-64510b3f29e91-09c3b7ee-9453798e 200
[debug] [2025-12-03T18:51:42.555Z] <<< [apiv2][body] GET https://cloudfunctions.googleapis.com/v2/projects/glucose-goose/locations/us-central1/operations/operation-1764787901079-64510b3f29e91-09c3b7ee-9453798e {"name":"projects/glucose-goose/locations/us-central1/operations/operation-1764787901079-64510b3f29e91-09c3b7ee-9453798e","metadata":{"@type":"type.googleapis.com/google.cloud.functions.v2.OperationMetadata","createTime":"2025-12-03T18:51:41.622988467Z","target":"projects/glucose-goose/locations/us-central1/functions/updateTreatment","verb":"update","cancelRequested":false,"apiVersion":"v2","requestResource":{"@type":"type.googleapis.com/google.cloud.functions.v2.Function","name":"projects/glucose-goose/locations/us-central1/functions/updateTreatment","buildConfig":{"runtime":"nodejs24","entryPoint":"updateTreatment","source":{"storageSource":{"bucket":"gcf-v2-sources-101841828420-us-central1","object":"updateTreatment/function-source.zip","generation":"1764787901582375"}},"environmentVariables":{"GOOGLE_NODE_RUN_SCRIPTS":""},"dockerRepository":"projects/glucose-goose/locations/us-central1/repositories/gcf-artifacts","serviceAccount":"projects/glucose-goose/serviceAccounts/101841828420-compute@developer.gserviceaccount.com","automaticUpdatePolicy":{}},"serviceConfig":{"service":"projects/glucose-goose/locations/us-central1/services/updatetreatment","timeoutSeconds":60,"environmentVariables":{"FIREBASE_CONFIG":"{\"projectId\":\"glucose-goose\",\"storageBucket\":\"glucose-goose.firebasestorage.app\"}","GCLOUD_PROJECT":"glucose-goose","EVENTARC_CLOUD_EVENT_SOURCE":"projects/glucose-goose/locations/us-central1/services/updateTreatment","FUNCTION_TARGET":"updateTreatment","LOG_EXECUTION_ID":"true","FUNCTION_SIGNATURE_TYPE":"http"},"ingressSettings":"ALLOW_ALL","uri":"https://updatetreatment-ft7us77rra-uc.a.run.app","serviceAccountEmail":"101841828420-compute@developer.gserviceaccount.com","availableMemory":"256Mi","allTrafficOnLatestRevision":true,"revision":"updatetreatment-00016-hit","maxInstanceRequestConcurrency":80,"availableCpu":"1"},"state":"ACTIVE","labels":{"deployment-tool":"cli-firebase","firebase-functions-hash":"91b398480f89e08511a9b562cf02fe3c181037bd"},"environment":"GEN_2","url":"https://us-central1-glucose-goose.cloudfunctions.net/updateTreatment","satisfiesPzi":true},"stages":[{"name":"BUILD","message":"Build in progress","state":"IN_PROGRESS","resource":"projects/101841828420/locations/us-central1/builds/be135d36-8bd6-4598-8dba-1ef58fbf0823","resourceUri":"https://console.cloud.google.com/cloud-build/builds;region=us-central1/be135d36-8bd6-4598-8dba-1ef58fbf0823?project=101841828420"},{"name":"SERVICE","state":"NOT_STARTED"}],"operationType":"UPDATE_FUNCTION","buildName":"projects/101841828420/locations/us-central1/builds/be135d36-8bd6-4598-8dba-1ef58fbf0823"},"done":false}
[debug] [2025-12-03T18:51:42.587Z] <<< [apiv2][status] GET https://cloudfunctions.googleapis.com/v2/projects/glucose-goose/locations/us-central1/operations/operation-1764787900973-64510b3f0fff1-4d5c1e9d-f77f8d29 200
[debug] [2025-12-03T18:51:42.587Z] <<< [apiv2][body] GET https://cloudfunctions.googleapis.com/v2/projects/glucose-goose/locations/us-central1/operations/operation-1764787900973-64510b3f0fff1-4d5c1e9d-f77f8d29 {"name":"projects/glucose-goose/locations/us-central1/operations/operation-1764787900973-64510b3f0fff1-4d5c1e9d-f77f8d29","metadata":{"@type":"type.googleapis.com/google.cloud.functions.v2.OperationMetadata","createTime":"2025-12-03T18:51:41.513263654Z","target":"projects/glucose-goose/locations/us-central1/functions/deleteTreatment","verb":"update","cancelRequested":false,"apiVersion":"v2","requestResource":{"@type":"type.googleapis.com/google.cloud.functions.v2.Function","name":"projects/glucose-goose/locations/us-central1/functions/deleteTreatment","buildConfig":{"runtime":"nodejs24","entryPoint":"deleteTreatment","source":{"storageSource":{"bucket":"gcf-v2-sources-101841828420-us-central1","object":"deleteTreatment/function-source.zip","generation":"1764787901470448"}},"environmentVariables":{"GOOGLE_NODE_RUN_SCRIPTS":""},"dockerRepository":"projects/glucose-goose/locations/us-central1/repositories/gcf-artifacts","serviceAccount":"projects/glucose-goose/serviceAccounts/101841828420-compute@developer.gserviceaccount.com","automaticUpdatePolicy":{}},"serviceConfig":{"service":"projects/glucose-goose/locations/us-central1/services/deletetreatment","timeoutSeconds":60,"environmentVariables":{"FIREBASE_CONFIG":"{\"projectId\":\"glucose-goose\",\"storageBucket\":\"glucose-goose.firebasestorage.app\"}","GCLOUD_PROJECT":"glucose-goose","EVENTARC_CLOUD_EVENT_SOURCE":"projects/glucose-goose/locations/us-central1/services/deleteTreatment","FUNCTION_TARGET":"deleteTreatment","LOG_EXECUTION_ID":"true","FUNCTION_SIGNATURE_TYPE":"http"},"ingressSettings":"ALLOW_ALL","uri":"https://deletetreatment-ft7us77rra-uc.a.run.app","serviceAccountEmail":"101841828420-compute@developer.gserviceaccount.com","availableMemory":"256Mi","allTrafficOnLatestRevision":true,"revision":"deletetreatment-00010-fer","maxInstanceRequestConcurrency":80,"availableCpu":"1"},"state":"ACTIVE","labels":{"deployment-tool":"cli-firebase","firebase-functions-hash":"91b398480f89e08511a9b562cf02fe3c181037bd"},"environment":"GEN_2","url":"https://us-central1-glucose-goose.cloudfunctions.net/deleteTreatment","satisfiesPzi":true},"stages":[{"name":"BUILD","message":"Build in progress","state":"IN_PROGRESS","resource":"projects/101841828420/locations/us-central1/builds/60770b9f-35f2-4c27-bfb8-5754e126c628","resourceUri":"https://console.cloud.google.com/cloud-build/builds;region=us-central1/60770b9f-35f2-4c27-bfb8-5754e126c628?project=101841828420"},{"name":"SERVICE","state":"NOT_STARTED"}],"operationType":"UPDATE_FUNCTION","buildName":"projects/101841828420/locations/us-central1/builds/60770b9f-35f2-4c27-bfb8-5754e126c628"},"done":false}
[debug] [2025-12-03T18:51:43.004Z] [update-default-us-central1-simulateGlucose] Retrying task index 0
[debug] [2025-12-03T18:51:43.005Z] Checked if tokens are valid: true, expires at: 1764789425255
[debug] [2025-12-03T18:51:43.005Z] Checked if tokens are valid: true, expires at: 1764789425255
[debug] [2025-12-03T18:51:43.006Z] >>> [apiv2][query] GET https://cloudfunctions.googleapis.com/v2/projects/glucose-goose/locations/us-central1/operations/operation-1764787901072-64510b3f283d9-edb4b15c-c55e74e4 [none]
[debug] [2025-12-03T18:51:43.024Z] [update-default-us-central1-getNightscoutBundle] Retrying task index 0
[debug] [2025-12-03T18:51:43.024Z] Checked if tokens are valid: true, expires at: 1764789425255
[debug] [2025-12-03T18:51:43.024Z] Checked if tokens are valid: true, expires at: 1764789425255
[debug] [2025-12-03T18:51:43.025Z] >>> [apiv2][query] GET https://cloudfunctions.googleapis.com/v2/projects/glucose-goose/locations/us-central1/operations/operation-1764787901112-64510b3f31f58-6bf25453-d493131c [none]
[debug] [2025-12-03T18:51:43.056Z] [update-default-us-central1-updateTreatment] Retrying task index 0
[debug] [2025-12-03T18:51:43.056Z] Checked if tokens are valid: true, expires at: 1764789425255
[debug] [2025-12-03T18:51:43.056Z] Checked if tokens are valid: true, expires at: 1764789425255
[debug] [2025-12-03T18:51:43.057Z] >>> [apiv2][query] GET https://cloudfunctions.googleapis.com/v2/projects/glucose-goose/locations/us-central1/operations/operation-1764787901079-64510b3f29e91-09c3b7ee-9453798e [none]
[debug] [2025-12-03T18:51:43.088Z] [update-default-us-central1-deleteTreatment] Retrying task index 0
[debug] [2025-12-03T18:51:43.089Z] Checked if tokens are valid: true, expires at: 1764789425255
[debug] [2025-12-03T18:51:43.089Z] Checked if tokens are valid: true, expires at: 1764789425255
[debug] [2025-12-03T18:51:43.089Z] >>> [apiv2][query] GET https://cloudfunctions.googleapis.com/v2/projects/glucose-goose/locations/us-central1/operations/operation-1764787900973-64510b3f0fff1-4d5c1e9d-f77f8d29 [none]
[debug] [2025-12-03T18:51:43.810Z] <<< [apiv2][status] GET https://cloudfunctions.googleapis.com/v2/projects/glucose-goose/locations/us-central1/operations/operation-1764787901072-64510b3f283d9-edb4b15c-c55e74e4 200
[debug] [2025-12-03T18:51:43.810Z] <<< [apiv2][body] GET https://cloudfunctions.googleapis.com/v2/projects/glucose-goose/locations/us-central1/operations/operation-1764787901072-64510b3f283d9-edb4b15c-c55e74e4 {"name":"projects/glucose-goose/locations/us-central1/operations/operation-1764787901072-64510b3f283d9-edb4b15c-c55e74e4","metadata":{"@type":"type.googleapis.com/google.cloud.functions.v2.OperationMetadata","createTime":"2025-12-03T18:51:41.632053468Z","target":"projects/glucose-goose/locations/us-central1/functions/simulateGlucose","verb":"update","cancelRequested":false,"apiVersion":"v2","requestResource":{"@type":"type.googleapis.com/google.cloud.functions.v2.Function","name":"projects/glucose-goose/locations/us-central1/functions/simulateGlucose","buildConfig":{"runtime":"nodejs24","entryPoint":"simulateGlucose","source":{"storageSource":{"bucket":"gcf-v2-sources-101841828420-us-central1","object":"simulateGlucose/function-source.zip","generation":"1764787901587809"}},"environmentVariables":{"GOOGLE_NODE_RUN_SCRIPTS":""},"dockerRepository":"projects/glucose-goose/locations/us-central1/repositories/gcf-artifacts","serviceAccount":"projects/glucose-goose/serviceAccounts/101841828420-compute@developer.gserviceaccount.com","automaticUpdatePolicy":{}},"serviceConfig":{"service":"projects/glucose-goose/locations/us-central1/services/simulateglucose","timeoutSeconds":60,"environmentVariables":{"FIREBASE_CONFIG":"{\"projectId\":\"glucose-goose\",\"storageBucket\":\"glucose-goose.firebasestorage.app\"}","GCLOUD_PROJECT":"glucose-goose","EVENTARC_CLOUD_EVENT_SOURCE":"projects/glucose-goose/locations/us-central1/services/simulateGlucose","FUNCTION_TARGET":"simulateGlucose","LOG_EXECUTION_ID":"true","FUNCTION_SIGNATURE_TYPE":"http"},"ingressSettings":"ALLOW_ALL","uri":"https://simulateglucose-ft7us77rra-uc.a.run.app","serviceAccountEmail":"101841828420-compute@developer.gserviceaccount.com","availableMemory":"256Mi","allTrafficOnLatestRevision":true,"secretEnvironmentVariables":[{"key":"NIGHTSCOUT_API_SECRET","projectId":"glucose-goose","secret":"NIGHTSCOUT_API_SECRET","version":"2"},{"key":"NIGHTSCOUT_URL","projectId":"glucose-goose","secret":"NIGHTSCOUT_URL","version":"1"}],"revision":"simulateglucose-00005-xor","maxInstanceRequestConcurrency":80,"availableCpu":"1"},"state":"ACTIVE","labels":{"deployment-tool":"cli-firebase","deployment-scheduled":"true","firebase-functions-hash":"55644f99d253950dc78f8082fd3954898b17cf74"},"environment":"GEN_2","url":"https://us-central1-glucose-goose.cloudfunctions.net/simulateGlucose","satisfiesPzi":true},"stages":[{"name":"BUILD","message":"Build in progress","state":"IN_PROGRESS","resource":"projects/101841828420/locations/us-central1/builds/75494ea1-0346-45af-96b4-cc9d8848da86","resourceUri":"https://console.cloud.google.com/cloud-build/builds;region=us-central1/75494ea1-0346-45af-96b4-cc9d8848da86?project=101841828420"},{"name":"SERVICE","state":"NOT_STARTED"}],"operationType":"UPDATE_FUNCTION","buildName":"projects/101841828420/locations/us-central1/builds/75494ea1-0346-45af-96b4-cc9d8848da86"},"done":false}
[debug] [2025-12-03T18:51:43.811Z] <<< [apiv2][status] GET https://cloudfunctions.googleapis.com/v2/projects/glucose-goose/locations/us-central1/operations/operation-1764787901112-64510b3f31f58-6bf25453-d493131c 200
[debug] [2025-12-03T18:51:43.811Z] <<< [apiv2][body] GET https://cloudfunctions.googleapis.com/v2/projects/glucose-goose/locations/us-central1/operations/operation-1764787901112-64510b3f31f58-6bf25453-d493131c {"name":"projects/glucose-goose/locations/us-central1/operations/operation-1764787901112-64510b3f31f58-6bf25453-d493131c","metadata":{"@type":"type.googleapis.com/google.cloud.functions.v2.OperationMetadata","createTime":"2025-12-03T18:51:41.644994154Z","target":"projects/glucose-goose/locations/us-central1/functions/getNightscoutBundle","verb":"update","cancelRequested":false,"apiVersion":"v2","requestResource":{"@type":"type.googleapis.com/google.cloud.functions.v2.Function","name":"projects/glucose-goose/locations/us-central1/functions/getNightscoutBundle","buildConfig":{"runtime":"nodejs24","entryPoint":"getNightscoutBundle","source":{"storageSource":{"bucket":"gcf-v2-sources-101841828420-us-central1","object":"getNightscoutBundle/function-source.zip","generation":"1764787901594657"}},"environmentVariables":{"GOOGLE_NODE_RUN_SCRIPTS":""},"dockerRepository":"projects/glucose-goose/locations/us-central1/repositories/gcf-artifacts","serviceAccount":"projects/glucose-goose/serviceAccounts/101841828420-compute@developer.gserviceaccount.com","automaticUpdatePolicy":{}},"serviceConfig":{"service":"projects/glucose-goose/locations/us-central1/services/getnightscoutbundle","timeoutSeconds":60,"environmentVariables":{"FIREBASE_CONFIG":"{\"projectId\":\"glucose-goose\",\"storageBucket\":\"glucose-goose.firebasestorage.app\"}","GCLOUD_PROJECT":"glucose-goose","EVENTARC_CLOUD_EVENT_SOURCE":"projects/glucose-goose/locations/us-central1/services/getNightscoutBundle","FUNCTION_TARGET":"getNightscoutBundle","LOG_EXECUTION_ID":"true","FUNCTION_SIGNATURE_TYPE":"http"},"ingressSettings":"ALLOW_ALL","uri":"https://getnightscoutbundle-ft7us77rra-uc.a.run.app","serviceAccountEmail":"101841828420-compute@developer.gserviceaccount.com","availableMemory":"256Mi","allTrafficOnLatestRevision":true,"revision":"getnightscoutbundle-00025-biw","maxInstanceRequestConcurrency":80,"availableCpu":"1"},"state":"ACTIVE","labels":{"deployment-tool":"cli-firebase","firebase-functions-hash":"91b398480f89e08511a9b562cf02fe3c181037bd"},"environment":"GEN_2","url":"https://us-central1-glucose-goose.cloudfunctions.net/getNightscoutBundle","satisfiesPzi":true},"stages":[{"name":"BUILD","message":"Build in progress","state":"IN_PROGRESS","resource":"projects/101841828420/locations/us-central1/builds/5f592f34-5ebc-46a7-9a65-6be273cbed07","resourceUri":"https://console.cloud.google.com/cloud-build/builds;region=us-central1/5f592f34-5ebc-46a7-9a65-6be273cbed07?project=101841828420"},{"name":"SERVICE","state":"NOT_STARTED"}],"operationType":"UPDATE_FUNCTION","buildName":"projects/101841828420/locations/us-central1/builds/5f592f34-5ebc-46a7-9a65-6be273cbed07"},"done":false}
[debug] [2025-12-03T18:51:43.835Z] <<< [apiv2][status] GET https://cloudfunctions.googleapis.com/v2/projects/glucose-goose/locations/us-central1/operations/operation-1764787901079-64510b3f29e91-09c3b7ee-9453798e 200
[debug] [2025-12-03T18:51:43.836Z] <<< [apiv2][body] GET https://cloudfunctions.googleapis.com/v2/projects/glucose-goose/locations/us-central1/operations/operation-1764787901079-64510b3f29e91-09c3b7ee-9453798e {"name":"projects/glucose-goose/locations/us-central1/operations/operation-1764787901079-64510b3f29e91-09c3b7ee-9453798e","metadata":{"@type":"type.googleapis.com/google.cloud.functions.v2.OperationMetadata","createTime":"2025-12-03T18:51:41.622988467Z","target":"projects/glucose-goose/locations/us-central1/functions/updateTreatment","verb":"update","cancelRequested":false,"apiVersion":"v2","requestResource":{"@type":"type.googleapis.com/google.cloud.functions.v2.Function","name":"projects/glucose-goose/locations/us-central1/functions/updateTreatment","buildConfig":{"runtime":"nodejs24","entryPoint":"updateTreatment","source":{"storageSource":{"bucket":"gcf-v2-sources-101841828420-us-central1","object":"updateTreatment/function-source.zip","generation":"1764787901582375"}},"environmentVariables":{"GOOGLE_NODE_RUN_SCRIPTS":""},"dockerRepository":"projects/glucose-goose/locations/us-central1/repositories/gcf-artifacts","serviceAccount":"projects/glucose-goose/serviceAccounts/101841828420-compute@developer.gserviceaccount.com","automaticUpdatePolicy":{}},"serviceConfig":{"service":"projects/glucose-goose/locations/us-central1/services/updatetreatment","timeoutSeconds":60,"environmentVariables":{"FIREBASE_CONFIG":"{\"projectId\":\"glucose-goose\",\"storageBucket\":\"glucose-goose.firebasestorage.app\"}","GCLOUD_PROJECT":"glucose-goose","EVENTARC_CLOUD_EVENT_SOURCE":"projects/glucose-goose/locations/us-central1/services/updateTreatment","FUNCTION_TARGET":"updateTreatment","LOG_EXECUTION_ID":"true","FUNCTION_SIGNATURE_TYPE":"http"},"ingressSettings":"ALLOW_ALL","uri":"https://updatetreatment-ft7us77rra-uc.a.run.app","serviceAccountEmail":"101841828420-compute@developer.gserviceaccount.com","availableMemory":"256Mi","allTrafficOnLatestRevision":true,"revision":"updatetreatment-00016-hit","maxInstanceRequestConcurrency":80,"availableCpu":"1"},"state":"ACTIVE","labels":{"deployment-tool":"cli-firebase","firebase-functions-hash":"91b398480f89e08511a9b562cf02fe3c181037bd"},"environment":"GEN_2","url":"https://us-central1-glucose-goose.cloudfunctions.net/updateTreatment","satisfiesPzi":true},"stages":[{"name":"BUILD","message":"Build in progress","state":"IN_PROGRESS","resource":"projects/101841828420/locations/us-central1/builds/be135d36-8bd6-4598-8dba-1ef58fbf0823","resourceUri":"https://console.cloud.google.com/cloud-build/builds;region=us-central1/be135d36-8bd6-4598-8dba-1ef58fbf0823?project=101841828420"},{"name":"SERVICE","state":"NOT_STARTED"}],"operationType":"UPDATE_FUNCTION","buildName":"projects/101841828420/locations/us-central1/builds/be135d36-8bd6-4598-8dba-1ef58fbf0823"},"done":false}
[debug] [2025-12-03T18:51:43.875Z] <<< [apiv2][status] GET https://cloudfunctions.googleapis.com/v2/projects/glucose-goose/locations/us-central1/operations/operation-1764787900973-64510b3f0fff1-4d5c1e9d-f77f8d29 200
[debug] [2025-12-03T18:51:43.876Z] <<< [apiv2][body] GET https://cloudfunctions.googleapis.com/v2/projects/glucose-goose/locations/us-central1/operations/operation-1764787900973-64510b3f0fff1-4d5c1e9d-f77f8d29 {"name":"projects/glucose-goose/locations/us-central1/operations/operation-1764787900973-64510b3f0fff1-4d5c1e9d-f77f8d29","metadata":{"@type":"type.googleapis.com/google.cloud.functions.v2.OperationMetadata","createTime":"2025-12-03T18:51:41.513263654Z","target":"projects/glucose-goose/locations/us-central1/functions/deleteTreatment","verb":"update","cancelRequested":false,"apiVersion":"v2","requestResource":{"@type":"type.googleapis.com/google.cloud.functions.v2.Function","name":"projects/glucose-goose/locations/us-central1/functions/deleteTreatment","buildConfig":{"runtime":"nodejs24","entryPoint":"deleteTreatment","source":{"storageSource":{"bucket":"gcf-v2-sources-101841828420-us-central1","object":"deleteTreatment/function-source.zip","generation":"1764787901470448"}},"environmentVariables":{"GOOGLE_NODE_RUN_SCRIPTS":""},"dockerRepository":"projects/glucose-goose/locations/us-central1/repositories/gcf-artifacts","serviceAccount":"projects/glucose-goose/serviceAccounts/101841828420-compute@developer.gserviceaccount.com","automaticUpdatePolicy":{}},"serviceConfig":{"service":"projects/glucose-goose/locations/us-central1/services/deletetreatment","timeoutSeconds":60,"environmentVariables":{"FIREBASE_CONFIG":"{\"projectId\":\"glucose-goose\",\"storageBucket\":\"glucose-goose.firebasestorage.app\"}","GCLOUD_PROJECT":"glucose-goose","EVENTARC_CLOUD_EVENT_SOURCE":"projects/glucose-goose/locations/us-central1/services/deleteTreatment","FUNCTION_TARGET":"deleteTreatment","LOG_EXECUTION_ID":"true","FUNCTION_SIGNATURE_TYPE":"http"},"ingressSettings":"ALLOW_ALL","uri":"https://deletetreatment-ft7us77rra-uc.a.run.app","serviceAccountEmail":"101841828420-compute@developer.gserviceaccount.com","availableMemory":"256Mi","allTrafficOnLatestRevision":true,"revision":"deletetreatment-00010-fer","maxInstanceRequestConcurrency":80,"availableCpu":"1"},"state":"ACTIVE","labels":{"deployment-tool":"cli-firebase","firebase-functions-hash":"91b398480f89e08511a9b562cf02fe3c181037bd"},"environment":"GEN_2","url":"https://us-central1-glucose-goose.cloudfunctions.net/deleteTreatment","satisfiesPzi":true},"stages":[{"name":"BUILD","message":"Build in progress","state":"IN_PROGRESS","resource":"projects/101841828420/locations/us-central1/builds/60770b9f-35f2-4c27-bfb8-5754e126c628","resourceUri":"https://console.cloud.google.com/cloud-build/builds;region=us-central1/60770b9f-35f2-4c27-bfb8-5754e126c628?project=101841828420"},{"name":"SERVICE","state":"NOT_STARTED"}],"operationType":"UPDATE_FUNCTION","buildName":"projects/101841828420/locations/us-central1/builds/60770b9f-35f2-4c27-bfb8-5754e126c628"},"done":false}
[debug] [2025-12-03T18:51:44.811Z] [update-default-us-central1-simulateGlucose] Retrying task index 0
[debug] [2025-12-03T18:51:44.811Z] Checked if tokens are valid: true, expires at: 1764789425255
[debug] [2025-12-03T18:51:44.812Z] Checked if tokens are valid: true, expires at: 1764789425255
[debug] [2025-12-03T18:51:44.812Z] >>> [apiv2][query] GET https://cloudfunctions.googleapis.com/v2/projects/glucose-goose/locations/us-central1/operations/operation-1764787901072-64510b3f283d9-edb4b15c-c55e74e4 [none]
[debug] [2025-12-03T18:51:44.814Z] [update-default-us-central1-getNightscoutBundle] Retrying task index 0
[debug] [2025-12-03T18:51:44.814Z] Checked if tokens are valid: true, expires at: 1764789425255
[debug] [2025-12-03T18:51:44.815Z] Checked if tokens are valid: true, expires at: 1764789425255
[debug] [2025-12-03T18:51:44.815Z] >>> [apiv2][query] GET https://cloudfunctions.googleapis.com/v2/projects/glucose-goose/locations/us-central1/operations/operation-1764787901112-64510b3f31f58-6bf25453-d493131c [none]
[debug] [2025-12-03T18:51:44.836Z] [update-default-us-central1-updateTreatment] Retrying task index 0
[debug] [2025-12-03T18:51:44.837Z] Checked if tokens are valid: true, expires at: 1764789425255
[debug] [2025-12-03T18:51:44.837Z] Checked if tokens are valid: true, expires at: 1764789425255
[debug] [2025-12-03T18:51:44.837Z] >>> [apiv2][query] GET https://cloudfunctions.googleapis.com/v2/projects/glucose-goose/locations/us-central1/operations/operation-1764787901079-64510b3f29e91-09c3b7ee-9453798e [none]
[debug] [2025-12-03T18:51:44.878Z] [update-default-us-central1-deleteTreatment] Retrying task index 0
[debug] [2025-12-03T18:51:44.879Z] Checked if tokens are valid: true, expires at: 1764789425255
[debug] [2025-12-03T18:51:44.880Z] Checked if tokens are valid: true, expires at: 1764789425255
[debug] [2025-12-03T18:51:44.880Z] >>> [apiv2][query] GET https://cloudfunctions.googleapis.com/v2/projects/glucose-goose/locations/us-central1/operations/operation-1764787900973-64510b3f0fff1-4d5c1e9d-f77f8d29 [none]
[debug] [2025-12-03T18:51:45.560Z] <<< [apiv2][status] GET https://cloudfunctions.googleapis.com/v2/projects/glucose-goose/locations/us-central1/operations/operation-1764787901112-64510b3f31f58-6bf25453-d493131c 200
[debug] [2025-12-03T18:51:45.560Z] <<< [apiv2][body] GET https://cloudfunctions.googleapis.com/v2/projects/glucose-goose/locations/us-central1/operations/operation-1764787901112-64510b3f31f58-6bf25453-d493131c {"name":"projects/glucose-goose/locations/us-central1/operations/operation-1764787901112-64510b3f31f58-6bf25453-d493131c","metadata":{"@type":"type.googleapis.com/google.cloud.functions.v2.OperationMetadata","createTime":"2025-12-03T18:51:41.644994154Z","target":"projects/glucose-goose/locations/us-central1/functions/getNightscoutBundle","verb":"update","cancelRequested":false,"apiVersion":"v2","requestResource":{"@type":"type.googleapis.com/google.cloud.functions.v2.Function","name":"projects/glucose-goose/locations/us-central1/functions/getNightscoutBundle","buildConfig":{"runtime":"nodejs24","entryPoint":"getNightscoutBundle","source":{"storageSource":{"bucket":"gcf-v2-sources-101841828420-us-central1","object":"getNightscoutBundle/function-source.zip","generation":"1764787901594657"}},"environmentVariables":{"GOOGLE_NODE_RUN_SCRIPTS":""},"dockerRepository":"projects/glucose-goose/locations/us-central1/repositories/gcf-artifacts","serviceAccount":"projects/glucose-goose/serviceAccounts/101841828420-compute@developer.gserviceaccount.com","automaticUpdatePolicy":{}},"serviceConfig":{"service":"projects/glucose-goose/locations/us-central1/services/getnightscoutbundle","timeoutSeconds":60,"environmentVariables":{"FIREBASE_CONFIG":"{\"projectId\":\"glucose-goose\",\"storageBucket\":\"glucose-goose.firebasestorage.app\"}","GCLOUD_PROJECT":"glucose-goose","EVENTARC_CLOUD_EVENT_SOURCE":"projects/glucose-goose/locations/us-central1/services/getNightscoutBundle","FUNCTION_TARGET":"getNightscoutBundle","LOG_EXECUTION_ID":"true","FUNCTION_SIGNATURE_TYPE":"http"},"ingressSettings":"ALLOW_ALL","uri":"https://getnightscoutbundle-ft7us77rra-uc.a.run.app","serviceAccountEmail":"101841828420-compute@developer.gserviceaccount.com","availableMemory":"256Mi","allTrafficOnLatestRevision":true,"revision":"getnightscoutbundle-00025-biw","maxInstanceRequestConcurrency":80,"availableCpu":"1"},"state":"ACTIVE","labels":{"deployment-tool":"cli-firebase","firebase-functions-hash":"91b398480f89e08511a9b562cf02fe3c181037bd"},"environment":"GEN_2","url":"https://us-central1-glucose-goose.cloudfunctions.net/getNightscoutBundle","satisfiesPzi":true},"stages":[{"name":"BUILD","message":"Build in progress","state":"IN_PROGRESS","resource":"projects/101841828420/locations/us-central1/builds/5f592f34-5ebc-46a7-9a65-6be273cbed07","resourceUri":"https://console.cloud.google.com/cloud-build/builds;region=us-central1/5f592f34-5ebc-46a7-9a65-6be273cbed07?project=101841828420"},{"name":"SERVICE","state":"NOT_STARTED"}],"operationType":"UPDATE_FUNCTION","buildName":"projects/101841828420/locations/us-central1/builds/5f592f34-5ebc-46a7-9a65-6be273cbed07"},"done":false}
[debug] [2025-12-03T18:51:45.589Z] <<< [apiv2][status] GET https://cloudfunctions.googleapis.com/v2/projects/glucose-goose/locations/us-central1/operations/operation-1764787901079-64510b3f29e91-09c3b7ee-9453798e 200
[debug] [2025-12-03T18:51:45.590Z] <<< [apiv2][body] GET https://cloudfunctions.googleapis.com/v2/projects/glucose-goose/locations/us-central1/operations/operation-1764787901079-64510b3f29e91-09c3b7ee-9453798e {"name":"projects/glucose-goose/locations/us-central1/operations/operation-1764787901079-64510b3f29e91-09c3b7ee-9453798e","metadata":{"@type":"type.googleapis.com/google.cloud.functions.v2.OperationMetadata","createTime":"2025-12-03T18:51:41.622988467Z","target":"projects/glucose-goose/locations/us-central1/functions/updateTreatment","verb":"update","cancelRequested":false,"apiVersion":"v2","requestResource":{"@type":"type.googleapis.com/google.cloud.functions.v2.Function","name":"projects/glucose-goose/locations/us-central1/functions/updateTreatment","buildConfig":{"runtime":"nodejs24","entryPoint":"updateTreatment","source":{"storageSource":{"bucket":"gcf-v2-sources-101841828420-us-central1","object":"updateTreatment/function-source.zip","generation":"1764787901582375"}},"environmentVariables":{"GOOGLE_NODE_RUN_SCRIPTS":""},"dockerRepository":"projects/glucose-goose/locations/us-central1/repositories/gcf-artifacts","serviceAccount":"projects/glucose-goose/serviceAccounts/101841828420-compute@developer.gserviceaccount.com","automaticUpdatePolicy":{}},"serviceConfig":{"service":"projects/glucose-goose/locations/us-central1/services/updatetreatment","timeoutSeconds":60,"environmentVariables":{"FIREBASE_CONFIG":"{\"projectId\":\"glucose-goose\",\"storageBucket\":\"glucose-goose.firebasestorage.app\"}","GCLOUD_PROJECT":"glucose-goose","EVENTARC_CLOUD_EVENT_SOURCE":"projects/glucose-goose/locations/us-central1/services/updateTreatment","FUNCTION_TARGET":"updateTreatment","LOG_EXECUTION_ID":"true","FUNCTION_SIGNATURE_TYPE":"http"},"ingressSettings":"ALLOW_ALL","uri":"https://updatetreatment-ft7us77rra-uc.a.run.app","serviceAccountEmail":"101841828420-compute@developer.gserviceaccount.com","availableMemory":"256Mi","allTrafficOnLatestRevision":true,"revision":"updatetreatment-00016-hit","maxInstanceRequestConcurrency":80,"availableCpu":"1"},"state":"ACTIVE","labels":{"deployment-tool":"cli-firebase","firebase-functions-hash":"91b398480f89e08511a9b562cf02fe3c181037bd"},"environment":"GEN_2","url":"https://us-central1-glucose-goose.cloudfunctions.net/updateTreatment","satisfiesPzi":true},"stages":[{"name":"BUILD","message":"Build in progress","state":"IN_PROGRESS","resource":"projects/101841828420/locations/us-central1/builds/be135d36-8bd6-4598-8dba-1ef58fbf0823","resourceUri":"https://console.cloud.google.com/cloud-build/builds;region=us-central1/be135d36-8bd6-4598-8dba-1ef58fbf0823?project=101841828420"},{"name":"SERVICE","state":"NOT_STARTED"}],"operationType":"UPDATE_FUNCTION","buildName":"projects/101841828420/locations/us-central1/builds/be135d36-8bd6-4598-8dba-1ef58fbf0823"},"done":false}
[debug] [2025-12-03T18:51:45.611Z] <<< [apiv2][status] GET https://cloudfunctions.googleapis.com/v2/projects/glucose-goose/locations/us-central1/operations/operation-1764787900973-64510b3f0fff1-4d5c1e9d-f77f8d29 200
[debug] [2025-12-03T18:51:45.611Z] <<< [apiv2][body] GET https://cloudfunctions.googleapis.com/v2/projects/glucose-goose/locations/us-central1/operations/operation-1764787900973-64510b3f0fff1-4d5c1e9d-f77f8d29 {"name":"projects/glucose-goose/locations/us-central1/operations/operation-1764787900973-64510b3f0fff1-4d5c1e9d-f77f8d29","metadata":{"@type":"type.googleapis.com/google.cloud.functions.v2.OperationMetadata","createTime":"2025-12-03T18:51:41.513263654Z","target":"projects/glucose-goose/locations/us-central1/functions/deleteTreatment","verb":"update","cancelRequested":false,"apiVersion":"v2","requestResource":{"@type":"type.googleapis.com/google.cloud.functions.v2.Function","name":"projects/glucose-goose/locations/us-central1/functions/deleteTreatment","buildConfig":{"runtime":"nodejs24","entryPoint":"deleteTreatment","source":{"storageSource":{"bucket":"gcf-v2-sources-101841828420-us-central1","object":"deleteTreatment/function-source.zip","generation":"1764787901470448"}},"environmentVariables":{"GOOGLE_NODE_RUN_SCRIPTS":""},"dockerRepository":"projects/glucose-goose/locations/us-central1/repositories/gcf-artifacts","serviceAccount":"projects/glucose-goose/serviceAccounts/101841828420-compute@developer.gserviceaccount.com","automaticUpdatePolicy":{}},"serviceConfig":{"service":"projects/glucose-goose/locations/us-central1/services/deletetreatment","timeoutSeconds":60,"environmentVariables":{"FIREBASE_CONFIG":"{\"projectId\":\"glucose-goose\",\"storageBucket\":\"glucose-goose.firebasestorage.app\"}","GCLOUD_PROJECT":"glucose-goose","EVENTARC_CLOUD_EVENT_SOURCE":"projects/glucose-goose/locations/us-central1/services/deleteTreatment","FUNCTION_TARGET":"deleteTreatment","LOG_EXECUTION_ID":"true","FUNCTION_SIGNATURE_TYPE":"http"},"ingressSettings":"ALLOW_ALL","uri":"https://deletetreatment-ft7us77rra-uc.a.run.app","serviceAccountEmail":"101841828420-compute@developer.gserviceaccount.com","availableMemory":"256Mi","allTrafficOnLatestRevision":true,"revision":"deletetreatment-00010-fer","maxInstanceRequestConcurrency":80,"availableCpu":"1"},"state":"ACTIVE","labels":{"deployment-tool":"cli-firebase","firebase-functions-hash":"91b398480f89e08511a9b562cf02fe3c181037bd"},"environment":"GEN_2","url":"https://us-central1-glucose-goose.cloudfunctions.net/deleteTreatment","satisfiesPzi":true},"stages":[{"name":"BUILD","message":"Build in progress","state":"IN_PROGRESS","resource":"projects/101841828420/locations/us-central1/builds/60770b9f-35f2-4c27-bfb8-5754e126c628","resourceUri":"https://console.cloud.google.com/cloud-build/builds;region=us-central1/60770b9f-35f2-4c27-bfb8-5754e126c628?project=101841828420"},{"name":"SERVICE","state":"NOT_STARTED"}],"operationType":"UPDATE_FUNCTION","buildName":"projects/101841828420/locations/us-central1/builds/60770b9f-35f2-4c27-bfb8-5754e126c628"},"done":false}
[debug] [2025-12-03T18:51:45.683Z] <<< [apiv2][status] GET https://cloudfunctions.googleapis.com/v2/projects/glucose-goose/locations/us-central1/operations/operation-1764787901072-64510b3f283d9-edb4b15c-c55e74e4 200
[debug] [2025-12-03T18:51:45.684Z] <<< [apiv2][body] GET https://cloudfunctions.googleapis.com/v2/projects/glucose-goose/locations/us-central1/operations/operation-1764787901072-64510b3f283d9-edb4b15c-c55e74e4 {"name":"projects/glucose-goose/locations/us-central1/operations/operation-1764787901072-64510b3f283d9-edb4b15c-c55e74e4","metadata":{"@type":"type.googleapis.com/google.cloud.functions.v2.OperationMetadata","createTime":"2025-12-03T18:51:41.632053468Z","target":"projects/glucose-goose/locations/us-central1/functions/simulateGlucose","verb":"update","cancelRequested":false,"apiVersion":"v2","requestResource":{"@type":"type.googleapis.com/google.cloud.functions.v2.Function","name":"projects/glucose-goose/locations/us-central1/functions/simulateGlucose","buildConfig":{"runtime":"nodejs24","entryPoint":"simulateGlucose","source":{"storageSource":{"bucket":"gcf-v2-sources-101841828420-us-central1","object":"simulateGlucose/function-source.zip","generation":"1764787901587809"}},"environmentVariables":{"GOOGLE_NODE_RUN_SCRIPTS":""},"dockerRepository":"projects/glucose-goose/locations/us-central1/repositories/gcf-artifacts","serviceAccount":"projects/glucose-goose/serviceAccounts/101841828420-compute@developer.gserviceaccount.com","automaticUpdatePolicy":{}},"serviceConfig":{"service":"projects/glucose-goose/locations/us-central1/services/simulateglucose","timeoutSeconds":60,"environmentVariables":{"FIREBASE_CONFIG":"{\"projectId\":\"glucose-goose\",\"storageBucket\":\"glucose-goose.firebasestorage.app\"}","GCLOUD_PROJECT":"glucose-goose","EVENTARC_CLOUD_EVENT_SOURCE":"projects/glucose-goose/locations/us-central1/services/simulateGlucose","FUNCTION_TARGET":"simulateGlucose","LOG_EXECUTION_ID":"true","FUNCTION_SIGNATURE_TYPE":"http"},"ingressSettings":"ALLOW_ALL","uri":"https://simulateglucose-ft7us77rra-uc.a.run.app","serviceAccountEmail":"101841828420-compute@developer.gserviceaccount.com","availableMemory":"256Mi","allTrafficOnLatestRevision":true,"secretEnvironmentVariables":[{"key":"NIGHTSCOUT_API_SECRET","projectId":"glucose-goose","secret":"NIGHTSCOUT_API_SECRET","version":"2"},{"key":"NIGHTSCOUT_URL","projectId":"glucose-goose","secret":"NIGHTSCOUT_URL","version":"1"}],"revision":"simulateglucose-00005-xor","maxInstanceRequestConcurrency":80,"availableCpu":"1"},"state":"ACTIVE","labels":{"deployment-tool":"cli-firebase","deployment-scheduled":"true","firebase-functions-hash":"55644f99d253950dc78f8082fd3954898b17cf74"},"environment":"GEN_2","url":"https://us-central1-glucose-goose.cloudfunctions.net/simulateGlucose","satisfiesPzi":true},"stages":[{"name":"BUILD","message":"Build in progress","state":"IN_PROGRESS","resource":"projects/101841828420/locations/us-central1/builds/75494ea1-0346-45af-96b4-cc9d8848da86","resourceUri":"https://console.cloud.google.com/cloud-build/builds;region=us-central1/75494ea1-0346-45af-96b4-cc9d8848da86?project=101841828420"},{"name":"SERVICE","state":"NOT_STARTED"}],"operationType":"UPDATE_FUNCTION","buildName":"projects/101841828420/locations/us-central1/builds/75494ea1-0346-45af-96b4-cc9d8848da86"},"done":false}
[debug] [2025-12-03T18:51:47.562Z] [update-default-us-central1-getNightscoutBundle] Retrying task index 0
[debug] [2025-12-03T18:51:47.563Z] Checked if tokens are valid: true, expires at: 1764789425255
[debug] [2025-12-03T18:51:47.563Z] Checked if tokens are valid: true, expires at: 1764789425255
[debug] [2025-12-03T18:51:47.564Z] >>> [apiv2][query] GET https://cloudfunctions.googleapis.com/v2/projects/glucose-goose/locations/us-central1/operations/operation-1764787901112-64510b3f31f58-6bf25453-d493131c [none]
[debug] [2025-12-03T18:51:47.592Z] [update-default-us-central1-updateTreatment] Retrying task index 0
[debug] [2025-12-03T18:51:47.592Z] Checked if tokens are valid: true, expires at: 1764789425255
[debug] [2025-12-03T18:51:47.593Z] Checked if tokens are valid: true, expires at: 1764789425255
[debug] [2025-12-03T18:51:47.593Z] >>> [apiv2][query] GET https://cloudfunctions.googleapis.com/v2/projects/glucose-goose/locations/us-central1/operations/operation-1764787901079-64510b3f29e91-09c3b7ee-9453798e [none]
[debug] [2025-12-03T18:51:47.612Z] [update-default-us-central1-deleteTreatment] Retrying task index 0
[debug] [2025-12-03T18:51:47.613Z] Checked if tokens are valid: true, expires at: 1764789425255
[debug] [2025-12-03T18:51:47.614Z] Checked if tokens are valid: true, expires at: 1764789425255
[debug] [2025-12-03T18:51:47.614Z] >>> [apiv2][query] GET https://cloudfunctions.googleapis.com/v2/projects/glucose-goose/locations/us-central1/operations/operation-1764787900973-64510b3f0fff1-4d5c1e9d-f77f8d29 [none]
[debug] [2025-12-03T18:51:47.685Z] [update-default-us-central1-simulateGlucose] Retrying task index 0
[debug] [2025-12-03T18:51:47.685Z] Checked if tokens are valid: true, expires at: 1764789425255
[debug] [2025-12-03T18:51:47.686Z] Checked if tokens are valid: true, expires at: 1764789425255
[debug] [2025-12-03T18:51:47.686Z] >>> [apiv2][query] GET https://cloudfunctions.googleapis.com/v2/projects/glucose-goose/locations/us-central1/operations/operation-1764787901072-64510b3f283d9-edb4b15c-c55e74e4 [none]
[debug] [2025-12-03T18:51:47.818Z] <<< [apiv2][status] GET https://cloudfunctions.googleapis.com/v2/projects/glucose-goose/locations/us-central1/operations/operation-1764787901079-64510b3f29e91-09c3b7ee-9453798e 200
[debug] [2025-12-03T18:51:47.818Z] <<< [apiv2][body] GET https://cloudfunctions.googleapis.com/v2/projects/glucose-goose/locations/us-central1/operations/operation-1764787901079-64510b3f29e91-09c3b7ee-9453798e {"name":"projects/glucose-goose/locations/us-central1/operations/operation-1764787901079-64510b3f29e91-09c3b7ee-9453798e","metadata":{"@type":"type.googleapis.com/google.cloud.functions.v2.OperationMetadata","createTime":"2025-12-03T18:51:41.622988467Z","target":"projects/glucose-goose/locations/us-central1/functions/updateTreatment","verb":"update","cancelRequested":false,"apiVersion":"v2","requestResource":{"@type":"type.googleapis.com/google.cloud.functions.v2.Function","name":"projects/glucose-goose/locations/us-central1/functions/updateTreatment","buildConfig":{"runtime":"nodejs24","entryPoint":"updateTreatment","source":{"storageSource":{"bucket":"gcf-v2-sources-101841828420-us-central1","object":"updateTreatment/function-source.zip","generation":"1764787901582375"}},"environmentVariables":{"GOOGLE_NODE_RUN_SCRIPTS":""},"dockerRepository":"projects/glucose-goose/locations/us-central1/repositories/gcf-artifacts","serviceAccount":"projects/glucose-goose/serviceAccounts/101841828420-compute@developer.gserviceaccount.com","automaticUpdatePolicy":{}},"serviceConfig":{"service":"projects/glucose-goose/locations/us-central1/services/updatetreatment","timeoutSeconds":60,"environmentVariables":{"FIREBASE_CONFIG":"{\"projectId\":\"glucose-goose\",\"storageBucket\":\"glucose-goose.firebasestorage.app\"}","GCLOUD_PROJECT":"glucose-goose","EVENTARC_CLOUD_EVENT_SOURCE":"projects/glucose-goose/locations/us-central1/services/updateTreatment","FUNCTION_TARGET":"updateTreatment","LOG_EXECUTION_ID":"true","FUNCTION_SIGNATURE_TYPE":"http"},"ingressSettings":"ALLOW_ALL","uri":"https://updatetreatment-ft7us77rra-uc.a.run.app","serviceAccountEmail":"101841828420-compute@developer.gserviceaccount.com","availableMemory":"256Mi","allTrafficOnLatestRevision":true,"revision":"updatetreatment-00016-hit","maxInstanceRequestConcurrency":80,"availableCpu":"1"},"state":"ACTIVE","labels":{"deployment-tool":"cli-firebase","firebase-functions-hash":"91b398480f89e08511a9b562cf02fe3c181037bd"},"environment":"GEN_2","url":"https://us-central1-glucose-goose.cloudfunctions.net/updateTreatment","satisfiesPzi":true},"stages":[{"name":"BUILD","message":"Build in progress","state":"IN_PROGRESS","resource":"projects/101841828420/locations/us-central1/builds/be135d36-8bd6-4598-8dba-1ef58fbf0823","resourceUri":"https://console.cloud.google.com/cloud-build/builds;region=us-central1/be135d36-8bd6-4598-8dba-1ef58fbf0823?project=101841828420"},{"name":"SERVICE","state":"NOT_STARTED"}],"operationType":"UPDATE_FUNCTION","buildName":"projects/101841828420/locations/us-central1/builds/be135d36-8bd6-4598-8dba-1ef58fbf0823"},"done":false}
[debug] [2025-12-03T18:51:48.383Z] <<< [apiv2][status] GET https://cloudfunctions.googleapis.com/v2/projects/glucose-goose/locations/us-central1/operations/operation-1764787901112-64510b3f31f58-6bf25453-d493131c 200
[debug] [2025-12-03T18:51:48.384Z] <<< [apiv2][body] GET https://cloudfunctions.googleapis.com/v2/projects/glucose-goose/locations/us-central1/operations/operation-1764787901112-64510b3f31f58-6bf25453-d493131c {"name":"projects/glucose-goose/locations/us-central1/operations/operation-1764787901112-64510b3f31f58-6bf25453-d493131c","metadata":{"@type":"type.googleapis.com/google.cloud.functions.v2.OperationMetadata","createTime":"2025-12-03T18:51:41.644994154Z","target":"projects/glucose-goose/locations/us-central1/functions/getNightscoutBundle","verb":"update","cancelRequested":false,"apiVersion":"v2","requestResource":{"@type":"type.googleapis.com/google.cloud.functions.v2.Function","name":"projects/glucose-goose/locations/us-central1/functions/getNightscoutBundle","buildConfig":{"runtime":"nodejs24","entryPoint":"getNightscoutBundle","source":{"storageSource":{"bucket":"gcf-v2-sources-101841828420-us-central1","object":"getNightscoutBundle/function-source.zip","generation":"1764787901594657"}},"environmentVariables":{"GOOGLE_NODE_RUN_SCRIPTS":""},"dockerRepository":"projects/glucose-goose/locations/us-central1/repositories/gcf-artifacts","serviceAccount":"projects/glucose-goose/serviceAccounts/101841828420-compute@developer.gserviceaccount.com","automaticUpdatePolicy":{}},"serviceConfig":{"service":"projects/glucose-goose/locations/us-central1/services/getnightscoutbundle","timeoutSeconds":60,"environmentVariables":{"FIREBASE_CONFIG":"{\"projectId\":\"glucose-goose\",\"storageBucket\":\"glucose-goose.firebasestorage.app\"}","GCLOUD_PROJECT":"glucose-goose","EVENTARC_CLOUD_EVENT_SOURCE":"projects/glucose-goose/locations/us-central1/services/getNightscoutBundle","FUNCTION_TARGET":"getNightscoutBundle","LOG_EXECUTION_ID":"true","FUNCTION_SIGNATURE_TYPE":"http"},"ingressSettings":"ALLOW_ALL","uri":"https://getnightscoutbundle-ft7us77rra-uc.a.run.app","serviceAccountEmail":"101841828420-compute@developer.gserviceaccount.com","availableMemory":"256Mi","allTrafficOnLatestRevision":true,"revision":"getnightscoutbundle-00025-biw","maxInstanceRequestConcurrency":80,"availableCpu":"1"},"state":"ACTIVE","labels":{"deployment-tool":"cli-firebase","firebase-functions-hash":"91b398480f89e08511a9b562cf02fe3c181037bd"},"environment":"GEN_2","url":"https://us-central1-glucose-goose.cloudfunctions.net/getNightscoutBundle","satisfiesPzi":true},"stages":[{"name":"BUILD","message":"Build in progress","state":"IN_PROGRESS","resource":"projects/101841828420/locations/us-central1/builds/5f592f34-5ebc-46a7-9a65-6be273cbed07","resourceUri":"https://console.cloud.google.com/cloud-build/builds;region=us-central1/5f592f34-5ebc-46a7-9a65-6be273cbed07?project=101841828420"},{"name":"SERVICE","state":"NOT_STARTED"}],"operationType":"UPDATE_FUNCTION","buildName":"projects/101841828420/locations/us-central1/builds/5f592f34-5ebc-46a7-9a65-6be273cbed07"},"done":false}
[debug] [2025-12-03T18:51:48.408Z] <<< [apiv2][status] GET https://cloudfunctions.googleapis.com/v2/projects/glucose-goose/locations/us-central1/operations/operation-1764787900973-64510b3f0fff1-4d5c1e9d-f77f8d29 200
[debug] [2025-12-03T18:51:48.408Z] <<< [apiv2][body] GET https://cloudfunctions.googleapis.com/v2/projects/glucose-goose/locations/us-central1/operations/operation-1764787900973-64510b3f0fff1-4d5c1e9d-f77f8d29 {"name":"projects/glucose-goose/locations/us-central1/operations/operation-1764787900973-64510b3f0fff1-4d5c1e9d-f77f8d29","metadata":{"@type":"type.googleapis.com/google.cloud.functions.v2.OperationMetadata","createTime":"2025-12-03T18:51:41.513263654Z","target":"projects/glucose-goose/locations/us-central1/functions/deleteTreatment","verb":"update","cancelRequested":false,"apiVersion":"v2","requestResource":{"@type":"type.googleapis.com/google.cloud.functions.v2.Function","name":"projects/glucose-goose/locations/us-central1/functions/deleteTreatment","buildConfig":{"runtime":"nodejs24","entryPoint":"deleteTreatment","source":{"storageSource":{"bucket":"gcf-v2-sources-101841828420-us-central1","object":"deleteTreatment/function-source.zip","generation":"1764787901470448"}},"environmentVariables":{"GOOGLE_NODE_RUN_SCRIPTS":""},"dockerRepository":"projects/glucose-goose/locations/us-central1/repositories/gcf-artifacts","serviceAccount":"projects/glucose-goose/serviceAccounts/101841828420-compute@developer.gserviceaccount.com","automaticUpdatePolicy":{}},"serviceConfig":{"service":"projects/glucose-goose/locations/us-central1/services/deletetreatment","timeoutSeconds":60,"environmentVariables":{"FIREBASE_CONFIG":"{\"projectId\":\"glucose-goose\",\"storageBucket\":\"glucose-goose.firebasestorage.app\"}","GCLOUD_PROJECT":"glucose-goose","EVENTARC_CLOUD_EVENT_SOURCE":"projects/glucose-goose/locations/us-central1/services/deleteTreatment","FUNCTION_TARGET":"deleteTreatment","LOG_EXECUTION_ID":"true","FUNCTION_SIGNATURE_TYPE":"http"},"ingressSettings":"ALLOW_ALL","uri":"https://deletetreatment-ft7us77rra-uc.a.run.app","serviceAccountEmail":"101841828420-compute@developer.gserviceaccount.com","availableMemory":"256Mi","allTrafficOnLatestRevision":true,"revision":"deletetreatment-00010-fer","maxInstanceRequestConcurrency":80,"availableCpu":"1"},"state":"ACTIVE","labels":{"deployment-tool":"cli-firebase","firebase-functions-hash":"91b398480f89e08511a9b562cf02fe3c181037bd"},"environment":"GEN_2","url":"https://us-central1-glucose-goose.cloudfunctions.net/deleteTreatment","satisfiesPzi":true},"stages":[{"name":"BUILD","message":"Build in progress","state":"IN_PROGRESS","resource":"projects/101841828420/locations/us-central1/builds/60770b9f-35f2-4c27-bfb8-5754e126c628","resourceUri":"https://console.cloud.google.com/cloud-build/builds;region=us-central1/60770b9f-35f2-4c27-bfb8-5754e126c628?project=101841828420"},{"name":"SERVICE","state":"NOT_STARTED"}],"operationType":"UPDATE_FUNCTION","buildName":"projects/101841828420/locations/us-central1/builds/60770b9f-35f2-4c27-bfb8-5754e126c628"},"done":false}
[debug] [2025-12-03T18:51:48.445Z] <<< [apiv2][status] GET https://cloudfunctions.googleapis.com/v2/projects/glucose-goose/locations/us-central1/operations/operation-1764787901072-64510b3f283d9-edb4b15c-c55e74e4 200
[debug] [2025-12-03T18:51:48.446Z] <<< [apiv2][body] GET https://cloudfunctions.googleapis.com/v2/projects/glucose-goose/locations/us-central1/operations/operation-1764787901072-64510b3f283d9-edb4b15c-c55e74e4 {"name":"projects/glucose-goose/locations/us-central1/operations/operation-1764787901072-64510b3f283d9-edb4b15c-c55e74e4","metadata":{"@type":"type.googleapis.com/google.cloud.functions.v2.OperationMetadata","createTime":"2025-12-03T18:51:41.632053468Z","target":"projects/glucose-goose/locations/us-central1/functions/simulateGlucose","verb":"update","cancelRequested":false,"apiVersion":"v2","requestResource":{"@type":"type.googleapis.com/google.cloud.functions.v2.Function","name":"projects/glucose-goose/locations/us-central1/functions/simulateGlucose","buildConfig":{"runtime":"nodejs24","entryPoint":"simulateGlucose","source":{"storageSource":{"bucket":"gcf-v2-sources-101841828420-us-central1","object":"simulateGlucose/function-source.zip","generation":"1764787901587809"}},"environmentVariables":{"GOOGLE_NODE_RUN_SCRIPTS":""},"dockerRepository":"projects/glucose-goose/locations/us-central1/repositories/gcf-artifacts","serviceAccount":"projects/glucose-goose/serviceAccounts/101841828420-compute@developer.gserviceaccount.com","automaticUpdatePolicy":{}},"serviceConfig":{"service":"projects/glucose-goose/locations/us-central1/services/simulateglucose","timeoutSeconds":60,"environmentVariables":{"FIREBASE_CONFIG":"{\"projectId\":\"glucose-goose\",\"storageBucket\":\"glucose-goose.firebasestorage.app\"}","GCLOUD_PROJECT":"glucose-goose","EVENTARC_CLOUD_EVENT_SOURCE":"projects/glucose-goose/locations/us-central1/services/simulateGlucose","FUNCTION_TARGET":"simulateGlucose","LOG_EXECUTION_ID":"true","FUNCTION_SIGNATURE_TYPE":"http"},"ingressSettings":"ALLOW_ALL","uri":"https://simulateglucose-ft7us77rra-uc.a.run.app","serviceAccountEmail":"101841828420-compute@developer.gserviceaccount.com","availableMemory":"256Mi","allTrafficOnLatestRevision":true,"secretEnvironmentVariables":[{"key":"NIGHTSCOUT_API_SECRET","projectId":"glucose-goose","secret":"NIGHTSCOUT_API_SECRET","version":"2"},{"key":"NIGHTSCOUT_URL","projectId":"glucose-goose","secret":"NIGHTSCOUT_URL","version":"1"}],"revision":"simulateglucose-00005-xor","maxInstanceRequestConcurrency":80,"availableCpu":"1"},"state":"ACTIVE","labels":{"deployment-tool":"cli-firebase","deployment-scheduled":"true","firebase-functions-hash":"55644f99d253950dc78f8082fd3954898b17cf74"},"environment":"GEN_2","url":"https://us-central1-glucose-goose.cloudfunctions.net/simulateGlucose","satisfiesPzi":true},"stages":[{"name":"BUILD","message":"Build in progress","state":"IN_PROGRESS","resource":"projects/101841828420/locations/us-central1/builds/75494ea1-0346-45af-96b4-cc9d8848da86","resourceUri":"https://console.cloud.google.com/cloud-build/builds;region=us-central1/75494ea1-0346-45af-96b4-cc9d8848da86?project=101841828420"},{"name":"SERVICE","state":"NOT_STARTED"}],"operationType":"UPDATE_FUNCTION","buildName":"projects/101841828420/locations/us-central1/builds/75494ea1-0346-45af-96b4-cc9d8848da86"},"done":false}
[debug] [2025-12-03T18:51:51.822Z] [update-default-us-central1-updateTreatment] Retrying task index 0
[debug] [2025-12-03T18:51:51.823Z] Checked if tokens are valid: true, expires at: 1764789425255
[debug] [2025-12-03T18:51:51.823Z] Checked if tokens are valid: true, expires at: 1764789425255
[debug] [2025-12-03T18:51:51.824Z] >>> [apiv2][query] GET https://cloudfunctions.googleapis.com/v2/projects/glucose-goose/locations/us-central1/operations/operation-1764787901079-64510b3f29e91-09c3b7ee-9453798e [none]
[debug] [2025-12-03T18:51:52.384Z] [update-default-us-central1-getNightscoutBundle] Retrying task index 0
[debug] [2025-12-03T18:51:52.384Z] Checked if tokens are valid: true, expires at: 1764789425255
[debug] [2025-12-03T18:51:52.384Z] Checked if tokens are valid: true, expires at: 1764789425255
[debug] [2025-12-03T18:51:52.385Z] >>> [apiv2][query] GET https://cloudfunctions.googleapis.com/v2/projects/glucose-goose/locations/us-central1/operations/operation-1764787901112-64510b3f31f58-6bf25453-d493131c [none]
[debug] [2025-12-03T18:51:52.409Z] [update-default-us-central1-deleteTreatment] Retrying task index 0
[debug] [2025-12-03T18:51:52.409Z] Checked if tokens are valid: true, expires at: 1764789425255
[debug] [2025-12-03T18:51:52.410Z] Checked if tokens are valid: true, expires at: 1764789425255
[debug] [2025-12-03T18:51:52.410Z] >>> [apiv2][query] GET https://cloudfunctions.googleapis.com/v2/projects/glucose-goose/locations/us-central1/operations/operation-1764787900973-64510b3f0fff1-4d5c1e9d-f77f8d29 [none]
[debug] [2025-12-03T18:51:52.447Z] [update-default-us-central1-simulateGlucose] Retrying task index 0
[debug] [2025-12-03T18:51:52.447Z] Checked if tokens are valid: true, expires at: 1764789425255
[debug] [2025-12-03T18:51:52.447Z] Checked if tokens are valid: true, expires at: 1764789425255
[debug] [2025-12-03T18:51:52.448Z] >>> [apiv2][query] GET https://cloudfunctions.googleapis.com/v2/projects/glucose-goose/locations/us-central1/operations/operation-1764787901072-64510b3f283d9-edb4b15c-c55e74e4 [none]
[debug] [2025-12-03T18:51:52.569Z] <<< [apiv2][status] GET https://cloudfunctions.googleapis.com/v2/projects/glucose-goose/locations/us-central1/operations/operation-1764787901079-64510b3f29e91-09c3b7ee-9453798e 200
[debug] [2025-12-03T18:51:52.569Z] <<< [apiv2][body] GET https://cloudfunctions.googleapis.com/v2/projects/glucose-goose/locations/us-central1/operations/operation-1764787901079-64510b3f29e91-09c3b7ee-9453798e {"name":"projects/glucose-goose/locations/us-central1/operations/operation-1764787901079-64510b3f29e91-09c3b7ee-9453798e","metadata":{"@type":"type.googleapis.com/google.cloud.functions.v2.OperationMetadata","createTime":"2025-12-03T18:51:41.622988467Z","target":"projects/glucose-goose/locations/us-central1/functions/updateTreatment","verb":"update","cancelRequested":false,"apiVersion":"v2","requestResource":{"@type":"type.googleapis.com/google.cloud.functions.v2.Function","name":"projects/glucose-goose/locations/us-central1/functions/updateTreatment","buildConfig":{"runtime":"nodejs24","entryPoint":"updateTreatment","source":{"storageSource":{"bucket":"gcf-v2-sources-101841828420-us-central1","object":"updateTreatment/function-source.zip","generation":"1764787901582375"}},"environmentVariables":{"GOOGLE_NODE_RUN_SCRIPTS":""},"dockerRepository":"projects/glucose-goose/locations/us-central1/repositories/gcf-artifacts","serviceAccount":"projects/glucose-goose/serviceAccounts/101841828420-compute@developer.gserviceaccount.com","automaticUpdatePolicy":{}},"serviceConfig":{"service":"projects/glucose-goose/locations/us-central1/services/updatetreatment","timeoutSeconds":60,"environmentVariables":{"FIREBASE_CONFIG":"{\"projectId\":\"glucose-goose\",\"storageBucket\":\"glucose-goose.firebasestorage.app\"}","GCLOUD_PROJECT":"glucose-goose","EVENTARC_CLOUD_EVENT_SOURCE":"projects/glucose-goose/locations/us-central1/services/updateTreatment","FUNCTION_TARGET":"updateTreatment","LOG_EXECUTION_ID":"true","FUNCTION_SIGNATURE_TYPE":"http"},"ingressSettings":"ALLOW_ALL","uri":"https://updatetreatment-ft7us77rra-uc.a.run.app","serviceAccountEmail":"101841828420-compute@developer.gserviceaccount.com","availableMemory":"256Mi","allTrafficOnLatestRevision":true,"revision":"updatetreatment-00016-hit","maxInstanceRequestConcurrency":80,"availableCpu":"1"},"state":"ACTIVE","labels":{"deployment-tool":"cli-firebase","firebase-functions-hash":"91b398480f89e08511a9b562cf02fe3c181037bd"},"environment":"GEN_2","url":"https://us-central1-glucose-goose.cloudfunctions.net/updateTreatment","satisfiesPzi":true},"stages":[{"name":"BUILD","message":"Build in progress","state":"IN_PROGRESS","resource":"projects/101841828420/locations/us-central1/builds/be135d36-8bd6-4598-8dba-1ef58fbf0823","resourceUri":"https://console.cloud.google.com/cloud-build/builds;region=us-central1/be135d36-8bd6-4598-8dba-1ef58fbf0823?project=101841828420"},{"name":"SERVICE","state":"NOT_STARTED"}],"operationType":"UPDATE_FUNCTION","buildName":"projects/101841828420/locations/us-central1/builds/be135d36-8bd6-4598-8dba-1ef58fbf0823"},"done":false}
[debug] [2025-12-03T18:51:53.197Z] <<< [apiv2][status] GET https://cloudfunctions.googleapis.com/v2/projects/glucose-goose/locations/us-central1/operations/operation-1764787901112-64510b3f31f58-6bf25453-d493131c 200
[debug] [2025-12-03T18:51:53.198Z] <<< [apiv2][body] GET https://cloudfunctions.googleapis.com/v2/projects/glucose-goose/locations/us-central1/operations/operation-1764787901112-64510b3f31f58-6bf25453-d493131c {"name":"projects/glucose-goose/locations/us-central1/operations/operation-1764787901112-64510b3f31f58-6bf25453-d493131c","metadata":{"@type":"type.googleapis.com/google.cloud.functions.v2.OperationMetadata","createTime":"2025-12-03T18:51:41.644994154Z","target":"projects/glucose-goose/locations/us-central1/functions/getNightscoutBundle","verb":"update","cancelRequested":false,"apiVersion":"v2","requestResource":{"@type":"type.googleapis.com/google.cloud.functions.v2.Function","name":"projects/glucose-goose/locations/us-central1/functions/getNightscoutBundle","buildConfig":{"runtime":"nodejs24","entryPoint":"getNightscoutBundle","source":{"storageSource":{"bucket":"gcf-v2-sources-101841828420-us-central1","object":"getNightscoutBundle/function-source.zip","generation":"1764787901594657"}},"environmentVariables":{"GOOGLE_NODE_RUN_SCRIPTS":""},"dockerRepository":"projects/glucose-goose/locations/us-central1/repositories/gcf-artifacts","serviceAccount":"projects/glucose-goose/serviceAccounts/101841828420-compute@developer.gserviceaccount.com","automaticUpdatePolicy":{}},"serviceConfig":{"service":"projects/glucose-goose/locations/us-central1/services/getnightscoutbundle","timeoutSeconds":60,"environmentVariables":{"FIREBASE_CONFIG":"{\"projectId\":\"glucose-goose\",\"storageBucket\":\"glucose-goose.firebasestorage.app\"}","GCLOUD_PROJECT":"glucose-goose","EVENTARC_CLOUD_EVENT_SOURCE":"projects/glucose-goose/locations/us-central1/services/getNightscoutBundle","FUNCTION_TARGET":"getNightscoutBundle","LOG_EXECUTION_ID":"true","FUNCTION_SIGNATURE_TYPE":"http"},"ingressSettings":"ALLOW_ALL","uri":"https://getnightscoutbundle-ft7us77rra-uc.a.run.app","serviceAccountEmail":"101841828420-compute@developer.gserviceaccount.com","availableMemory":"256Mi","allTrafficOnLatestRevision":true,"revision":"getnightscoutbundle-00025-biw","maxInstanceRequestConcurrency":80,"availableCpu":"1"},"state":"ACTIVE","labels":{"deployment-tool":"cli-firebase","firebase-functions-hash":"91b398480f89e08511a9b562cf02fe3c181037bd"},"environment":"GEN_2","url":"https://us-central1-glucose-goose.cloudfunctions.net/getNightscoutBundle","satisfiesPzi":true},"stages":[{"name":"BUILD","message":"Build in progress","state":"IN_PROGRESS","resource":"projects/101841828420/locations/us-central1/builds/5f592f34-5ebc-46a7-9a65-6be273cbed07","resourceUri":"https://console.cloud.google.com/cloud-build/builds;region=us-central1/5f592f34-5ebc-46a7-9a65-6be273cbed07?project=101841828420"},{"name":"SERVICE","state":"NOT_STARTED"}],"operationType":"UPDATE_FUNCTION","buildName":"projects/101841828420/locations/us-central1/builds/5f592f34-5ebc-46a7-9a65-6be273cbed07"},"done":false}
[debug] [2025-12-03T18:51:53.230Z] <<< [apiv2][status] GET https://cloudfunctions.googleapis.com/v2/projects/glucose-goose/locations/us-central1/operations/operation-1764787900973-64510b3f0fff1-4d5c1e9d-f77f8d29 200
[debug] [2025-12-03T18:51:53.231Z] <<< [apiv2][body] GET https://cloudfunctions.googleapis.com/v2/projects/glucose-goose/locations/us-central1/operations/operation-1764787900973-64510b3f0fff1-4d5c1e9d-f77f8d29 {"name":"projects/glucose-goose/locations/us-central1/operations/operation-1764787900973-64510b3f0fff1-4d5c1e9d-f77f8d29","metadata":{"@type":"type.googleapis.com/google.cloud.functions.v2.OperationMetadata","createTime":"2025-12-03T18:51:41.513263654Z","target":"projects/glucose-goose/locations/us-central1/functions/deleteTreatment","verb":"update","cancelRequested":false,"apiVersion":"v2","requestResource":{"@type":"type.googleapis.com/google.cloud.functions.v2.Function","name":"projects/glucose-goose/locations/us-central1/functions/deleteTreatment","buildConfig":{"runtime":"nodejs24","entryPoint":"deleteTreatment","source":{"storageSource":{"bucket":"gcf-v2-sources-101841828420-us-central1","object":"deleteTreatment/function-source.zip","generation":"1764787901470448"}},"environmentVariables":{"GOOGLE_NODE_RUN_SCRIPTS":""},"dockerRepository":"projects/glucose-goose/locations/us-central1/repositories/gcf-artifacts","serviceAccount":"projects/glucose-goose/serviceAccounts/101841828420-compute@developer.gserviceaccount.com","automaticUpdatePolicy":{}},"serviceConfig":{"service":"projects/glucose-goose/locations/us-central1/services/deletetreatment","timeoutSeconds":60,"environmentVariables":{"FIREBASE_CONFIG":"{\"projectId\":\"glucose-goose\",\"storageBucket\":\"glucose-goose.firebasestorage.app\"}","GCLOUD_PROJECT":"glucose-goose","EVENTARC_CLOUD_EVENT_SOURCE":"projects/glucose-goose/locations/us-central1/services/deleteTreatment","FUNCTION_TARGET":"deleteTreatment","LOG_EXECUTION_ID":"true","FUNCTION_SIGNATURE_TYPE":"http"},"ingressSettings":"ALLOW_ALL","uri":"https://deletetreatment-ft7us77rra-uc.a.run.app","serviceAccountEmail":"101841828420-compute@developer.gserviceaccount.com","availableMemory":"256Mi","allTrafficOnLatestRevision":true,"revision":"deletetreatment-00010-fer","maxInstanceRequestConcurrency":80,"availableCpu":"1"},"state":"ACTIVE","labels":{"deployment-tool":"cli-firebase","firebase-functions-hash":"91b398480f89e08511a9b562cf02fe3c181037bd"},"environment":"GEN_2","url":"https://us-central1-glucose-goose.cloudfunctions.net/deleteTreatment","satisfiesPzi":true},"stages":[{"name":"BUILD","message":"Build in progress","state":"IN_PROGRESS","resource":"projects/101841828420/locations/us-central1/builds/60770b9f-35f2-4c27-bfb8-5754e126c628","resourceUri":"https://console.cloud.google.com/cloud-build/builds;region=us-central1/60770b9f-35f2-4c27-bfb8-5754e126c628?project=101841828420"},{"name":"SERVICE","state":"NOT_STARTED"}],"operationType":"UPDATE_FUNCTION","buildName":"projects/101841828420/locations/us-central1/builds/60770b9f-35f2-4c27-bfb8-5754e126c628"},"done":false}
[debug] [2025-12-03T18:51:53.232Z] <<< [apiv2][status] GET https://cloudfunctions.googleapis.com/v2/projects/glucose-goose/locations/us-central1/operations/operation-1764787901072-64510b3f283d9-edb4b15c-c55e74e4 200
[debug] [2025-12-03T18:51:53.233Z] <<< [apiv2][body] GET https://cloudfunctions.googleapis.com/v2/projects/glucose-goose/locations/us-central1/operations/operation-1764787901072-64510b3f283d9-edb4b15c-c55e74e4 {"name":"projects/glucose-goose/locations/us-central1/operations/operation-1764787901072-64510b3f283d9-edb4b15c-c55e74e4","metadata":{"@type":"type.googleapis.com/google.cloud.functions.v2.OperationMetadata","createTime":"2025-12-03T18:51:41.632053468Z","target":"projects/glucose-goose/locations/us-central1/functions/simulateGlucose","verb":"update","cancelRequested":false,"apiVersion":"v2","requestResource":{"@type":"type.googleapis.com/google.cloud.functions.v2.Function","name":"projects/glucose-goose/locations/us-central1/functions/simulateGlucose","buildConfig":{"runtime":"nodejs24","entryPoint":"simulateGlucose","source":{"storageSource":{"bucket":"gcf-v2-sources-101841828420-us-central1","object":"simulateGlucose/function-source.zip","generation":"1764787901587809"}},"environmentVariables":{"GOOGLE_NODE_RUN_SCRIPTS":""},"dockerRepository":"projects/glucose-goose/locations/us-central1/repositories/gcf-artifacts","serviceAccount":"projects/glucose-goose/serviceAccounts/101841828420-compute@developer.gserviceaccount.com","automaticUpdatePolicy":{}},"serviceConfig":{"service":"projects/glucose-goose/locations/us-central1/services/simulateglucose","timeoutSeconds":60,"environmentVariables":{"FIREBASE_CONFIG":"{\"projectId\":\"glucose-goose\",\"storageBucket\":\"glucose-goose.firebasestorage.app\"}","GCLOUD_PROJECT":"glucose-goose","EVENTARC_CLOUD_EVENT_SOURCE":"projects/glucose-goose/locations/us-central1/services/simulateGlucose","FUNCTION_TARGET":"simulateGlucose","LOG_EXECUTION_ID":"true","FUNCTION_SIGNATURE_TYPE":"http"},"ingressSettings":"ALLOW_ALL","uri":"https://simulateglucose-ft7us77rra-uc.a.run.app","serviceAccountEmail":"101841828420-compute@developer.gserviceaccount.com","availableMemory":"256Mi","allTrafficOnLatestRevision":true,"secretEnvironmentVariables":[{"key":"NIGHTSCOUT_API_SECRET","projectId":"glucose-goose","secret":"NIGHTSCOUT_API_SECRET","version":"2"},{"key":"NIGHTSCOUT_URL","projectId":"glucose-goose","secret":"NIGHTSCOUT_URL","version":"1"}],"revision":"simulateglucose-00005-xor","maxInstanceRequestConcurrency":80,"availableCpu":"1"},"state":"ACTIVE","labels":{"deployment-tool":"cli-firebase","deployment-scheduled":"true","firebase-functions-hash":"55644f99d253950dc78f8082fd3954898b17cf74"},"environment":"GEN_2","url":"https://us-central1-glucose-goose.cloudfunctions.net/simulateGlucose","satisfiesPzi":true},"stages":[{"name":"BUILD","message":"Build in progress","state":"IN_PROGRESS","resource":"projects/101841828420/locations/us-central1/builds/75494ea1-0346-45af-96b4-cc9d8848da86","resourceUri":"https://console.cloud.google.com/cloud-build/builds;region=us-central1/75494ea1-0346-45af-96b4-cc9d8848da86?project=101841828420"},{"name":"SERVICE","state":"NOT_STARTED"}],"operationType":"UPDATE_FUNCTION","buildName":"projects/101841828420/locations/us-central1/builds/75494ea1-0346-45af-96b4-cc9d8848da86"},"done":false}
[debug] [2025-12-03T18:52:00.571Z] [update-default-us-central1-updateTreatment] Retrying task index 0
[debug] [2025-12-03T18:52:00.572Z] Checked if tokens are valid: true, expires at: 1764789425255
[debug] [2025-12-03T18:52:00.572Z] Checked if tokens are valid: true, expires at: 1764789425255
[debug] [2025-12-03T18:52:00.572Z] >>> [apiv2][query] GET https://cloudfunctions.googleapis.com/v2/projects/glucose-goose/locations/us-central1/operations/operation-1764787901079-64510b3f29e91-09c3b7ee-9453798e [none]
[debug] [2025-12-03T18:52:01.199Z] [update-default-us-central1-getNightscoutBundle] Retrying task index 0
[debug] [2025-12-03T18:52:01.199Z] Checked if tokens are valid: true, expires at: 1764789425255
[debug] [2025-12-03T18:52:01.199Z] Checked if tokens are valid: true, expires at: 1764789425255
[debug] [2025-12-03T18:52:01.199Z] >>> [apiv2][query] GET https://cloudfunctions.googleapis.com/v2/projects/glucose-goose/locations/us-central1/operations/operation-1764787901112-64510b3f31f58-6bf25453-d493131c [none]
[debug] [2025-12-03T18:52:01.232Z] [update-default-us-central1-deleteTreatment] Retrying task index 0
[debug] [2025-12-03T18:52:01.233Z] Checked if tokens are valid: true, expires at: 1764789425255
[debug] [2025-12-03T18:52:01.233Z] Checked if tokens are valid: true, expires at: 1764789425255
[debug] [2025-12-03T18:52:01.233Z] >>> [apiv2][query] GET https://cloudfunctions.googleapis.com/v2/projects/glucose-goose/locations/us-central1/operations/operation-1764787900973-64510b3f0fff1-4d5c1e9d-f77f8d29 [none]
[debug] [2025-12-03T18:52:01.237Z] [update-default-us-central1-simulateGlucose] Retrying task index 0
[debug] [2025-12-03T18:52:01.238Z] Checked if tokens are valid: true, expires at: 1764789425255
[debug] [2025-12-03T18:52:01.239Z] Checked if tokens are valid: true, expires at: 1764789425255
[debug] [2025-12-03T18:52:01.239Z] >>> [apiv2][query] GET https://cloudfunctions.googleapis.com/v2/projects/glucose-goose/locations/us-central1/operations/operation-1764787901072-64510b3f283d9-edb4b15c-c55e74e4 [none]
[debug] [2025-12-03T18:52:01.432Z] <<< [apiv2][status] GET https://cloudfunctions.googleapis.com/v2/projects/glucose-goose/locations/us-central1/operations/operation-1764787901079-64510b3f29e91-09c3b7ee-9453798e 200
[debug] [2025-12-03T18:52:01.433Z] <<< [apiv2][body] GET https://cloudfunctions.googleapis.com/v2/projects/glucose-goose/locations/us-central1/operations/operation-1764787901079-64510b3f29e91-09c3b7ee-9453798e {"name":"projects/glucose-goose/locations/us-central1/operations/operation-1764787901079-64510b3f29e91-09c3b7ee-9453798e","metadata":{"@type":"type.googleapis.com/google.cloud.functions.v2.OperationMetadata","createTime":"2025-12-03T18:51:41.622988467Z","target":"projects/glucose-goose/locations/us-central1/functions/updateTreatment","verb":"update","cancelRequested":false,"apiVersion":"v2","requestResource":{"@type":"type.googleapis.com/google.cloud.functions.v2.Function","name":"projects/glucose-goose/locations/us-central1/functions/updateTreatment","buildConfig":{"runtime":"nodejs24","entryPoint":"updateTreatment","source":{"storageSource":{"bucket":"gcf-v2-sources-101841828420-us-central1","object":"updateTreatment/function-source.zip","generation":"1764787901582375"}},"environmentVariables":{"GOOGLE_NODE_RUN_SCRIPTS":""},"dockerRepository":"projects/glucose-goose/locations/us-central1/repositories/gcf-artifacts","serviceAccount":"projects/glucose-goose/serviceAccounts/101841828420-compute@developer.gserviceaccount.com","automaticUpdatePolicy":{}},"serviceConfig":{"service":"projects/glucose-goose/locations/us-central1/services/updatetreatment","timeoutSeconds":60,"environmentVariables":{"FIREBASE_CONFIG":"{\"projectId\":\"glucose-goose\",\"storageBucket\":\"glucose-goose.firebasestorage.app\"}","GCLOUD_PROJECT":"glucose-goose","EVENTARC_CLOUD_EVENT_SOURCE":"projects/glucose-goose/locations/us-central1/services/updateTreatment","FUNCTION_TARGET":"updateTreatment","LOG_EXECUTION_ID":"true","FUNCTION_SIGNATURE_TYPE":"http"},"ingressSettings":"ALLOW_ALL","uri":"https://updatetreatment-ft7us77rra-uc.a.run.app","serviceAccountEmail":"101841828420-compute@developer.gserviceaccount.com","availableMemory":"256Mi","allTrafficOnLatestRevision":true,"revision":"updatetreatment-00016-hit","maxInstanceRequestConcurrency":80,"availableCpu":"1"},"state":"ACTIVE","labels":{"deployment-tool":"cli-firebase","firebase-functions-hash":"91b398480f89e08511a9b562cf02fe3c181037bd"},"environment":"GEN_2","url":"https://us-central1-glucose-goose.cloudfunctions.net/updateTreatment","satisfiesPzi":true},"stages":[{"name":"BUILD","message":"Build in progress","state":"IN_PROGRESS","resource":"projects/101841828420/locations/us-central1/builds/be135d36-8bd6-4598-8dba-1ef58fbf0823","resourceUri":"https://console.cloud.google.com/cloud-build/builds;region=us-central1/be135d36-8bd6-4598-8dba-1ef58fbf0823?project=101841828420"},{"name":"SERVICE","state":"NOT_STARTED"}],"operationType":"UPDATE_FUNCTION","buildName":"projects/101841828420/locations/us-central1/builds/be135d36-8bd6-4598-8dba-1ef58fbf0823"},"done":false}
[debug] [2025-12-03T18:52:02.109Z] <<< [apiv2][status] GET https://cloudfunctions.googleapis.com/v2/projects/glucose-goose/locations/us-central1/operations/operation-1764787901112-64510b3f31f58-6bf25453-d493131c 200
[debug] [2025-12-03T18:52:02.109Z] <<< [apiv2][body] GET https://cloudfunctions.googleapis.com/v2/projects/glucose-goose/locations/us-central1/operations/operation-1764787901112-64510b3f31f58-6bf25453-d493131c {"name":"projects/glucose-goose/locations/us-central1/operations/operation-1764787901112-64510b3f31f58-6bf25453-d493131c","metadata":{"@type":"type.googleapis.com/google.cloud.functions.v2.OperationMetadata","createTime":"2025-12-03T18:51:41.644994154Z","target":"projects/glucose-goose/locations/us-central1/functions/getNightscoutBundle","verb":"update","cancelRequested":false,"apiVersion":"v2","requestResource":{"@type":"type.googleapis.com/google.cloud.functions.v2.Function","name":"projects/glucose-goose/locations/us-central1/functions/getNightscoutBundle","buildConfig":{"runtime":"nodejs24","entryPoint":"getNightscoutBundle","source":{"storageSource":{"bucket":"gcf-v2-sources-101841828420-us-central1","object":"getNightscoutBundle/function-source.zip","generation":"1764787901594657"}},"environmentVariables":{"GOOGLE_NODE_RUN_SCRIPTS":""},"dockerRepository":"projects/glucose-goose/locations/us-central1/repositories/gcf-artifacts","serviceAccount":"projects/glucose-goose/serviceAccounts/101841828420-compute@developer.gserviceaccount.com","automaticUpdatePolicy":{}},"serviceConfig":{"service":"projects/glucose-goose/locations/us-central1/services/getnightscoutbundle","timeoutSeconds":60,"environmentVariables":{"FIREBASE_CONFIG":"{\"projectId\":\"glucose-goose\",\"storageBucket\":\"glucose-goose.firebasestorage.app\"}","GCLOUD_PROJECT":"glucose-goose","EVENTARC_CLOUD_EVENT_SOURCE":"projects/glucose-goose/locations/us-central1/services/getNightscoutBundle","FUNCTION_TARGET":"getNightscoutBundle","LOG_EXECUTION_ID":"true","FUNCTION_SIGNATURE_TYPE":"http"},"ingressSettings":"ALLOW_ALL","uri":"https://getnightscoutbundle-ft7us77rra-uc.a.run.app","serviceAccountEmail":"101841828420-compute@developer.gserviceaccount.com","availableMemory":"256Mi","allTrafficOnLatestRevision":true,"revision":"getnightscoutbundle-00025-biw","maxInstanceRequestConcurrency":80,"availableCpu":"1"},"state":"ACTIVE","labels":{"deployment-tool":"cli-firebase","firebase-functions-hash":"91b398480f89e08511a9b562cf02fe3c181037bd"},"environment":"GEN_2","url":"https://us-central1-glucose-goose.cloudfunctions.net/getNightscoutBundle","satisfiesPzi":true},"stages":[{"name":"BUILD","message":"Build in progress","state":"IN_PROGRESS","resource":"projects/101841828420/locations/us-central1/builds/5f592f34-5ebc-46a7-9a65-6be273cbed07","resourceUri":"https://console.cloud.google.com/cloud-build/builds;region=us-central1/5f592f34-5ebc-46a7-9a65-6be273cbed07?project=101841828420"},{"name":"SERVICE","state":"NOT_STARTED"}],"operationType":"UPDATE_FUNCTION","buildName":"projects/101841828420/locations/us-central1/builds/5f592f34-5ebc-46a7-9a65-6be273cbed07"},"done":false}
[debug] [2025-12-03T18:52:02.150Z] <<< [apiv2][status] GET https://cloudfunctions.googleapis.com/v2/projects/glucose-goose/locations/us-central1/operations/operation-1764787901072-64510b3f283d9-edb4b15c-c55e74e4 200
[debug] [2025-12-03T18:52:02.151Z] <<< [apiv2][body] GET https://cloudfunctions.googleapis.com/v2/projects/glucose-goose/locations/us-central1/operations/operation-1764787901072-64510b3f283d9-edb4b15c-c55e74e4 {"name":"projects/glucose-goose/locations/us-central1/operations/operation-1764787901072-64510b3f283d9-edb4b15c-c55e74e4","metadata":{"@type":"type.googleapis.com/google.cloud.functions.v2.OperationMetadata","createTime":"2025-12-03T18:51:41.632053468Z","target":"projects/glucose-goose/locations/us-central1/functions/simulateGlucose","verb":"update","cancelRequested":false,"apiVersion":"v2","requestResource":{"@type":"type.googleapis.com/google.cloud.functions.v2.Function","name":"projects/glucose-goose/locations/us-central1/functions/simulateGlucose","buildConfig":{"runtime":"nodejs24","entryPoint":"simulateGlucose","source":{"storageSource":{"bucket":"gcf-v2-sources-101841828420-us-central1","object":"simulateGlucose/function-source.zip","generation":"1764787901587809"}},"environmentVariables":{"GOOGLE_NODE_RUN_SCRIPTS":""},"dockerRepository":"projects/glucose-goose/locations/us-central1/repositories/gcf-artifacts","serviceAccount":"projects/glucose-goose/serviceAccounts/101841828420-compute@developer.gserviceaccount.com","automaticUpdatePolicy":{}},"serviceConfig":{"service":"projects/glucose-goose/locations/us-central1/services/simulateglucose","timeoutSeconds":60,"environmentVariables":{"FIREBASE_CONFIG":"{\"projectId\":\"glucose-goose\",\"storageBucket\":\"glucose-goose.firebasestorage.app\"}","GCLOUD_PROJECT":"glucose-goose","EVENTARC_CLOUD_EVENT_SOURCE":"projects/glucose-goose/locations/us-central1/services/simulateGlucose","FUNCTION_TARGET":"simulateGlucose","LOG_EXECUTION_ID":"true","FUNCTION_SIGNATURE_TYPE":"http"},"ingressSettings":"ALLOW_ALL","uri":"https://simulateglucose-ft7us77rra-uc.a.run.app","serviceAccountEmail":"101841828420-compute@developer.gserviceaccount.com","availableMemory":"256Mi","allTrafficOnLatestRevision":true,"secretEnvironmentVariables":[{"key":"NIGHTSCOUT_API_SECRET","projectId":"glucose-goose","secret":"NIGHTSCOUT_API_SECRET","version":"2"},{"key":"NIGHTSCOUT_URL","projectId":"glucose-goose","secret":"NIGHTSCOUT_URL","version":"1"}],"revision":"simulateglucose-00005-xor","maxInstanceRequestConcurrency":80,"availableCpu":"1"},"state":"ACTIVE","labels":{"deployment-tool":"cli-firebase","deployment-scheduled":"true","firebase-functions-hash":"55644f99d253950dc78f8082fd3954898b17cf74"},"environment":"GEN_2","url":"https://us-central1-glucose-goose.cloudfunctions.net/simulateGlucose","satisfiesPzi":true},"stages":[{"name":"BUILD","message":"Build in progress","state":"IN_PROGRESS","resource":"projects/101841828420/locations/us-central1/builds/75494ea1-0346-45af-96b4-cc9d8848da86","resourceUri":"https://console.cloud.google.com/cloud-build/builds;region=us-central1/75494ea1-0346-45af-96b4-cc9d8848da86?project=101841828420"},{"name":"SERVICE","state":"NOT_STARTED"}],"operationType":"UPDATE_FUNCTION","buildName":"projects/101841828420/locations/us-central1/builds/75494ea1-0346-45af-96b4-cc9d8848da86"},"done":false}
[debug] [2025-12-03T18:52:02.159Z] <<< [apiv2][status] GET https://cloudfunctions.googleapis.com/v2/projects/glucose-goose/locations/us-central1/operations/operation-1764787900973-64510b3f0fff1-4d5c1e9d-f77f8d29 200
[debug] [2025-12-03T18:52:02.159Z] <<< [apiv2][body] GET https://cloudfunctions.googleapis.com/v2/projects/glucose-goose/locations/us-central1/operations/operation-1764787900973-64510b3f0fff1-4d5c1e9d-f77f8d29 {"name":"projects/glucose-goose/locations/us-central1/operations/operation-1764787900973-64510b3f0fff1-4d5c1e9d-f77f8d29","metadata":{"@type":"type.googleapis.com/google.cloud.functions.v2.OperationMetadata","createTime":"2025-12-03T18:51:41.513263654Z","target":"projects/glucose-goose/locations/us-central1/functions/deleteTreatment","verb":"update","cancelRequested":false,"apiVersion":"v2","requestResource":{"@type":"type.googleapis.com/google.cloud.functions.v2.Function","name":"projects/glucose-goose/locations/us-central1/functions/deleteTreatment","buildConfig":{"runtime":"nodejs24","entryPoint":"deleteTreatment","source":{"storageSource":{"bucket":"gcf-v2-sources-101841828420-us-central1","object":"deleteTreatment/function-source.zip","generation":"1764787901470448"}},"environmentVariables":{"GOOGLE_NODE_RUN_SCRIPTS":""},"dockerRepository":"projects/glucose-goose/locations/us-central1/repositories/gcf-artifacts","serviceAccount":"projects/glucose-goose/serviceAccounts/101841828420-compute@developer.gserviceaccount.com","automaticUpdatePolicy":{}},"serviceConfig":{"service":"projects/glucose-goose/locations/us-central1/services/deletetreatment","timeoutSeconds":60,"environmentVariables":{"FIREBASE_CONFIG":"{\"projectId\":\"glucose-goose\",\"storageBucket\":\"glucose-goose.firebasestorage.app\"}","GCLOUD_PROJECT":"glucose-goose","EVENTARC_CLOUD_EVENT_SOURCE":"projects/glucose-goose/locations/us-central1/services/deleteTreatment","FUNCTION_TARGET":"deleteTreatment","LOG_EXECUTION_ID":"true","FUNCTION_SIGNATURE_TYPE":"http"},"ingressSettings":"ALLOW_ALL","uri":"https://deletetreatment-ft7us77rra-uc.a.run.app","serviceAccountEmail":"101841828420-compute@developer.gserviceaccount.com","availableMemory":"256Mi","allTrafficOnLatestRevision":true,"revision":"deletetreatment-00010-fer","maxInstanceRequestConcurrency":80,"availableCpu":"1"},"state":"ACTIVE","labels":{"deployment-tool":"cli-firebase","firebase-functions-hash":"91b398480f89e08511a9b562cf02fe3c181037bd"},"environment":"GEN_2","url":"https://us-central1-glucose-goose.cloudfunctions.net/deleteTreatment","satisfiesPzi":true},"stages":[{"name":"BUILD","message":"Build in progress","state":"IN_PROGRESS","resource":"projects/101841828420/locations/us-central1/builds/60770b9f-35f2-4c27-bfb8-5754e126c628","resourceUri":"https://console.cloud.google.com/cloud-build/builds;region=us-central1/60770b9f-35f2-4c27-bfb8-5754e126c628?project=101841828420"},{"name":"SERVICE","state":"NOT_STARTED"}],"operationType":"UPDATE_FUNCTION","buildName":"projects/101841828420/locations/us-central1/builds/60770b9f-35f2-4c27-bfb8-5754e126c628"},"done":false}
[debug] [2025-12-03T18:52:11.437Z] [update-default-us-central1-updateTreatment] Retrying task index 0
[debug] [2025-12-03T18:52:11.438Z] Checked if tokens are valid: true, expires at: 1764789425255
[debug] [2025-12-03T18:52:11.438Z] Checked if tokens are valid: true, expires at: 1764789425255
[debug] [2025-12-03T18:52:11.439Z] >>> [apiv2][query] GET https://cloudfunctions.googleapis.com/v2/projects/glucose-goose/locations/us-central1/operations/operation-1764787901079-64510b3f29e91-09c3b7ee-9453798e [none]
[debug] [2025-12-03T18:52:12.111Z] [update-default-us-central1-getNightscoutBundle] Retrying task index 0
[debug] [2025-12-03T18:52:12.111Z] Checked if tokens are valid: true, expires at: 1764789425255
[debug] [2025-12-03T18:52:12.112Z] Checked if tokens are valid: true, expires at: 1764789425255
[debug] [2025-12-03T18:52:12.113Z] >>> [apiv2][query] GET https://cloudfunctions.googleapis.com/v2/projects/glucose-goose/locations/us-central1/operations/operation-1764787901112-64510b3f31f58-6bf25453-d493131c [none]
[debug] [2025-12-03T18:52:12.158Z] [update-default-us-central1-simulateGlucose] Retrying task index 0
[debug] [2025-12-03T18:52:12.159Z] Checked if tokens are valid: true, expires at: 1764789425255
[debug] [2025-12-03T18:52:12.159Z] Checked if tokens are valid: true, expires at: 1764789425255
[debug] [2025-12-03T18:52:12.159Z] >>> [apiv2][query] GET https://cloudfunctions.googleapis.com/v2/projects/glucose-goose/locations/us-central1/operations/operation-1764787901072-64510b3f283d9-edb4b15c-c55e74e4 [none]
[debug] [2025-12-03T18:52:12.175Z] [update-default-us-central1-deleteTreatment] Retrying task index 0
[debug] [2025-12-03T18:52:12.176Z] Checked if tokens are valid: true, expires at: 1764789425255
[debug] [2025-12-03T18:52:12.176Z] Checked if tokens are valid: true, expires at: 1764789425255
[debug] [2025-12-03T18:52:12.176Z] >>> [apiv2][query] GET https://cloudfunctions.googleapis.com/v2/projects/glucose-goose/locations/us-central1/operations/operation-1764787900973-64510b3f0fff1-4d5c1e9d-f77f8d29 [none]
[debug] [2025-12-03T18:52:12.324Z] <<< [apiv2][status] GET https://cloudfunctions.googleapis.com/v2/projects/glucose-goose/locations/us-central1/operations/operation-1764787901079-64510b3f29e91-09c3b7ee-9453798e 200
[debug] [2025-12-03T18:52:12.326Z] <<< [apiv2][body] GET https://cloudfunctions.googleapis.com/v2/projects/glucose-goose/locations/us-central1/operations/operation-1764787901079-64510b3f29e91-09c3b7ee-9453798e {"name":"projects/glucose-goose/locations/us-central1/operations/operation-1764787901079-64510b3f29e91-09c3b7ee-9453798e","metadata":{"@type":"type.googleapis.com/google.cloud.functions.v2.OperationMetadata","createTime":"2025-12-03T18:51:41.622988467Z","target":"projects/glucose-goose/locations/us-central1/functions/updateTreatment","verb":"update","cancelRequested":false,"apiVersion":"v2","requestResource":{"@type":"type.googleapis.com/google.cloud.functions.v2.Function","name":"projects/glucose-goose/locations/us-central1/functions/updateTreatment","buildConfig":{"runtime":"nodejs24","entryPoint":"updateTreatment","source":{"storageSource":{"bucket":"gcf-v2-sources-101841828420-us-central1","object":"updateTreatment/function-source.zip","generation":"1764787901582375"}},"environmentVariables":{"GOOGLE_NODE_RUN_SCRIPTS":""},"dockerRepository":"projects/glucose-goose/locations/us-central1/repositories/gcf-artifacts","serviceAccount":"projects/glucose-goose/serviceAccounts/101841828420-compute@developer.gserviceaccount.com","automaticUpdatePolicy":{}},"serviceConfig":{"service":"projects/glucose-goose/locations/us-central1/services/updatetreatment","timeoutSeconds":60,"environmentVariables":{"FIREBASE_CONFIG":"{\"projectId\":\"glucose-goose\",\"storageBucket\":\"glucose-goose.firebasestorage.app\"}","GCLOUD_PROJECT":"glucose-goose","EVENTARC_CLOUD_EVENT_SOURCE":"projects/glucose-goose/locations/us-central1/services/updateTreatment","FUNCTION_TARGET":"updateTreatment","LOG_EXECUTION_ID":"true","FUNCTION_SIGNATURE_TYPE":"http"},"ingressSettings":"ALLOW_ALL","uri":"https://updatetreatment-ft7us77rra-uc.a.run.app","serviceAccountEmail":"101841828420-compute@developer.gserviceaccount.com","availableMemory":"256Mi","allTrafficOnLatestRevision":true,"revision":"updatetreatment-00016-hit","maxInstanceRequestConcurrency":80,"availableCpu":"1"},"state":"ACTIVE","labels":{"deployment-tool":"cli-firebase","firebase-functions-hash":"91b398480f89e08511a9b562cf02fe3c181037bd"},"environment":"GEN_2","url":"https://us-central1-glucose-goose.cloudfunctions.net/updateTreatment","satisfiesPzi":true},"stages":[{"name":"BUILD","message":"Build in progress","state":"IN_PROGRESS","resource":"projects/101841828420/locations/us-central1/builds/be135d36-8bd6-4598-8dba-1ef58fbf0823","resourceUri":"https://console.cloud.google.com/cloud-build/builds;region=us-central1/be135d36-8bd6-4598-8dba-1ef58fbf0823?project=101841828420"},{"name":"SERVICE","state":"NOT_STARTED"}],"operationType":"UPDATE_FUNCTION","buildName":"projects/101841828420/locations/us-central1/builds/be135d36-8bd6-4598-8dba-1ef58fbf0823"},"done":false}
[debug] [2025-12-03T18:52:12.977Z] <<< [apiv2][status] GET https://cloudfunctions.googleapis.com/v2/projects/glucose-goose/locations/us-central1/operations/operation-1764787901112-64510b3f31f58-6bf25453-d493131c 200
[debug] [2025-12-03T18:52:12.978Z] <<< [apiv2][body] GET https://cloudfunctions.googleapis.com/v2/projects/glucose-goose/locations/us-central1/operations/operation-1764787901112-64510b3f31f58-6bf25453-d493131c {"name":"projects/glucose-goose/locations/us-central1/operations/operation-1764787901112-64510b3f31f58-6bf25453-d493131c","metadata":{"@type":"type.googleapis.com/google.cloud.functions.v2.OperationMetadata","createTime":"2025-12-03T18:51:41.644994154Z","target":"projects/glucose-goose/locations/us-central1/functions/getNightscoutBundle","verb":"update","cancelRequested":false,"apiVersion":"v2","requestResource":{"@type":"type.googleapis.com/google.cloud.functions.v2.Function","name":"projects/glucose-goose/locations/us-central1/functions/getNightscoutBundle","buildConfig":{"runtime":"nodejs24","entryPoint":"getNightscoutBundle","source":{"storageSource":{"bucket":"gcf-v2-sources-101841828420-us-central1","object":"getNightscoutBundle/function-source.zip","generation":"1764787901594657"}},"environmentVariables":{"GOOGLE_NODE_RUN_SCRIPTS":""},"dockerRepository":"projects/glucose-goose/locations/us-central1/repositories/gcf-artifacts","serviceAccount":"projects/glucose-goose/serviceAccounts/101841828420-compute@developer.gserviceaccount.com","automaticUpdatePolicy":{}},"serviceConfig":{"service":"projects/glucose-goose/locations/us-central1/services/getnightscoutbundle","timeoutSeconds":60,"environmentVariables":{"FIREBASE_CONFIG":"{\"projectId\":\"glucose-goose\",\"storageBucket\":\"glucose-goose.firebasestorage.app\"}","GCLOUD_PROJECT":"glucose-goose","EVENTARC_CLOUD_EVENT_SOURCE":"projects/glucose-goose/locations/us-central1/services/getNightscoutBundle","FUNCTION_TARGET":"getNightscoutBundle","LOG_EXECUTION_ID":"true","FUNCTION_SIGNATURE_TYPE":"http"},"ingressSettings":"ALLOW_ALL","uri":"https://getnightscoutbundle-ft7us77rra-uc.a.run.app","serviceAccountEmail":"101841828420-compute@developer.gserviceaccount.com","availableMemory":"256Mi","allTrafficOnLatestRevision":true,"revision":"getnightscoutbundle-00025-biw","maxInstanceRequestConcurrency":80,"availableCpu":"1"},"state":"ACTIVE","labels":{"deployment-tool":"cli-firebase","firebase-functions-hash":"91b398480f89e08511a9b562cf02fe3c181037bd"},"environment":"GEN_2","url":"https://us-central1-glucose-goose.cloudfunctions.net/getNightscoutBundle","satisfiesPzi":true},"stages":[{"name":"BUILD","message":"Build in progress","state":"IN_PROGRESS","resource":"projects/101841828420/locations/us-central1/builds/5f592f34-5ebc-46a7-9a65-6be273cbed07","resourceUri":"https://console.cloud.google.com/cloud-build/builds;region=us-central1/5f592f34-5ebc-46a7-9a65-6be273cbed07?project=101841828420"},{"name":"SERVICE","state":"NOT_STARTED"}],"operationType":"UPDATE_FUNCTION","buildName":"projects/101841828420/locations/us-central1/builds/5f592f34-5ebc-46a7-9a65-6be273cbed07"},"done":false}
[debug] [2025-12-03T18:52:13.008Z] <<< [apiv2][status] GET https://cloudfunctions.googleapis.com/v2/projects/glucose-goose/locations/us-central1/operations/operation-1764787901072-64510b3f283d9-edb4b15c-c55e74e4 200
[debug] [2025-12-03T18:52:13.008Z] <<< [apiv2][body] GET https://cloudfunctions.googleapis.com/v2/projects/glucose-goose/locations/us-central1/operations/operation-1764787901072-64510b3f283d9-edb4b15c-c55e74e4 {"name":"projects/glucose-goose/locations/us-central1/operations/operation-1764787901072-64510b3f283d9-edb4b15c-c55e74e4","metadata":{"@type":"type.googleapis.com/google.cloud.functions.v2.OperationMetadata","createTime":"2025-12-03T18:51:41.632053468Z","target":"projects/glucose-goose/locations/us-central1/functions/simulateGlucose","verb":"update","cancelRequested":false,"apiVersion":"v2","requestResource":{"@type":"type.googleapis.com/google.cloud.functions.v2.Function","name":"projects/glucose-goose/locations/us-central1/functions/simulateGlucose","buildConfig":{"runtime":"nodejs24","entryPoint":"simulateGlucose","source":{"storageSource":{"bucket":"gcf-v2-sources-101841828420-us-central1","object":"simulateGlucose/function-source.zip","generation":"1764787901587809"}},"environmentVariables":{"GOOGLE_NODE_RUN_SCRIPTS":""},"dockerRepository":"projects/glucose-goose/locations/us-central1/repositories/gcf-artifacts","serviceAccount":"projects/glucose-goose/serviceAccounts/101841828420-compute@developer.gserviceaccount.com","automaticUpdatePolicy":{}},"serviceConfig":{"service":"projects/glucose-goose/locations/us-central1/services/simulateglucose","timeoutSeconds":60,"environmentVariables":{"FIREBASE_CONFIG":"{\"projectId\":\"glucose-goose\",\"storageBucket\":\"glucose-goose.firebasestorage.app\"}","GCLOUD_PROJECT":"glucose-goose","EVENTARC_CLOUD_EVENT_SOURCE":"projects/glucose-goose/locations/us-central1/services/simulateGlucose","FUNCTION_TARGET":"simulateGlucose","LOG_EXECUTION_ID":"true","FUNCTION_SIGNATURE_TYPE":"http"},"ingressSettings":"ALLOW_ALL","uri":"https://simulateglucose-ft7us77rra-uc.a.run.app","serviceAccountEmail":"101841828420-compute@developer.gserviceaccount.com","availableMemory":"256Mi","allTrafficOnLatestRevision":true,"secretEnvironmentVariables":[{"key":"NIGHTSCOUT_API_SECRET","projectId":"glucose-goose","secret":"NIGHTSCOUT_API_SECRET","version":"2"},{"key":"NIGHTSCOUT_URL","projectId":"glucose-goose","secret":"NIGHTSCOUT_URL","version":"1"}],"revision":"simulateglucose-00005-xor","maxInstanceRequestConcurrency":80,"availableCpu":"1"},"state":"ACTIVE","labels":{"deployment-tool":"cli-firebase","deployment-scheduled":"true","firebase-functions-hash":"55644f99d253950dc78f8082fd3954898b17cf74"},"environment":"GEN_2","url":"https://us-central1-glucose-goose.cloudfunctions.net/simulateGlucose","satisfiesPzi":true},"stages":[{"name":"BUILD","message":"Build in progress","state":"IN_PROGRESS","resource":"projects/101841828420/locations/us-central1/builds/75494ea1-0346-45af-96b4-cc9d8848da86","resourceUri":"https://console.cloud.google.com/cloud-build/builds;region=us-central1/75494ea1-0346-45af-96b4-cc9d8848da86?project=101841828420"},{"name":"SERVICE","state":"NOT_STARTED"}],"operationType":"UPDATE_FUNCTION","buildName":"projects/101841828420/locations/us-central1/builds/75494ea1-0346-45af-96b4-cc9d8848da86"},"done":false}
[debug] [2025-12-03T18:52:13.032Z] <<< [apiv2][status] GET https://cloudfunctions.googleapis.com/v2/projects/glucose-goose/locations/us-central1/operations/operation-1764787900973-64510b3f0fff1-4d5c1e9d-f77f8d29 200
[debug] [2025-12-03T18:52:13.033Z] <<< [apiv2][body] GET https://cloudfunctions.googleapis.com/v2/projects/glucose-goose/locations/us-central1/operations/operation-1764787900973-64510b3f0fff1-4d5c1e9d-f77f8d29 {"name":"projects/glucose-goose/locations/us-central1/operations/operation-1764787900973-64510b3f0fff1-4d5c1e9d-f77f8d29","metadata":{"@type":"type.googleapis.com/google.cloud.functions.v2.OperationMetadata","createTime":"2025-12-03T18:51:41.513263654Z","target":"projects/glucose-goose/locations/us-central1/functions/deleteTreatment","verb":"update","cancelRequested":false,"apiVersion":"v2","requestResource":{"@type":"type.googleapis.com/google.cloud.functions.v2.Function","name":"projects/glucose-goose/locations/us-central1/functions/deleteTreatment","buildConfig":{"runtime":"nodejs24","entryPoint":"deleteTreatment","source":{"storageSource":{"bucket":"gcf-v2-sources-101841828420-us-central1","object":"deleteTreatment/function-source.zip","generation":"1764787901470448"}},"environmentVariables":{"GOOGLE_NODE_RUN_SCRIPTS":""},"dockerRepository":"projects/glucose-goose/locations/us-central1/repositories/gcf-artifacts","serviceAccount":"projects/glucose-goose/serviceAccounts/101841828420-compute@developer.gserviceaccount.com","automaticUpdatePolicy":{}},"serviceConfig":{"service":"projects/glucose-goose/locations/us-central1/services/deletetreatment","timeoutSeconds":60,"environmentVariables":{"FIREBASE_CONFIG":"{\"projectId\":\"glucose-goose\",\"storageBucket\":\"glucose-goose.firebasestorage.app\"}","GCLOUD_PROJECT":"glucose-goose","EVENTARC_CLOUD_EVENT_SOURCE":"projects/glucose-goose/locations/us-central1/services/deleteTreatment","FUNCTION_TARGET":"deleteTreatment","LOG_EXECUTION_ID":"true","FUNCTION_SIGNATURE_TYPE":"http"},"ingressSettings":"ALLOW_ALL","uri":"https://deletetreatment-ft7us77rra-uc.a.run.app","serviceAccountEmail":"101841828420-compute@developer.gserviceaccount.com","availableMemory":"256Mi","allTrafficOnLatestRevision":true,"revision":"deletetreatment-00010-fer","maxInstanceRequestConcurrency":80,"availableCpu":"1"},"state":"ACTIVE","labels":{"deployment-tool":"cli-firebase","firebase-functions-hash":"91b398480f89e08511a9b562cf02fe3c181037bd"},"environment":"GEN_2","url":"https://us-central1-glucose-goose.cloudfunctions.net/deleteTreatment","satisfiesPzi":true},"stages":[{"name":"BUILD","message":"Build in progress","state":"IN_PROGRESS","resource":"projects/101841828420/locations/us-central1/builds/60770b9f-35f2-4c27-bfb8-5754e126c628","resourceUri":"https://console.cloud.google.com/cloud-build/builds;region=us-central1/60770b9f-35f2-4c27-bfb8-5754e126c628?project=101841828420"},{"name":"SERVICE","state":"NOT_STARTED"}],"operationType":"UPDATE_FUNCTION","buildName":"projects/101841828420/locations/us-central1/builds/60770b9f-35f2-4c27-bfb8-5754e126c628"},"done":false}
[debug] [2025-12-03T18:52:22.330Z] [update-default-us-central1-updateTreatment] Retrying task index 0
[debug] [2025-12-03T18:52:22.331Z] Checked if tokens are valid: true, expires at: 1764789425255
[debug] [2025-12-03T18:52:22.331Z] Checked if tokens are valid: true, expires at: 1764789425255
[debug] [2025-12-03T18:52:22.332Z] >>> [apiv2][query] GET https://cloudfunctions.googleapis.com/v2/projects/glucose-goose/locations/us-central1/operations/operation-1764787901079-64510b3f29e91-09c3b7ee-9453798e [none]
[debug] [2025-12-03T18:52:22.979Z] [update-default-us-central1-getNightscoutBundle] Retrying task index 0
[debug] [2025-12-03T18:52:22.979Z] Checked if tokens are valid: true, expires at: 1764789425255
[debug] [2025-12-03T18:52:22.980Z] Checked if tokens are valid: true, expires at: 1764789425255
[debug] [2025-12-03T18:52:22.980Z] >>> [apiv2][query] GET https://cloudfunctions.googleapis.com/v2/projects/glucose-goose/locations/us-central1/operations/operation-1764787901112-64510b3f31f58-6bf25453-d493131c [none]
[debug] [2025-12-03T18:52:23.009Z] [update-default-us-central1-simulateGlucose] Retrying task index 0
[debug] [2025-12-03T18:52:23.010Z] Checked if tokens are valid: true, expires at: 1764789425255
[debug] [2025-12-03T18:52:23.010Z] Checked if tokens are valid: true, expires at: 1764789425255
[debug] [2025-12-03T18:52:23.010Z] >>> [apiv2][query] GET https://cloudfunctions.googleapis.com/v2/projects/glucose-goose/locations/us-central1/operations/operation-1764787901072-64510b3f283d9-edb4b15c-c55e74e4 [none]
[debug] [2025-12-03T18:52:23.034Z] [update-default-us-central1-deleteTreatment] Retrying task index 0
[debug] [2025-12-03T18:52:23.034Z] Checked if tokens are valid: true, expires at: 1764789425255
[debug] [2025-12-03T18:52:23.034Z] Checked if tokens are valid: true, expires at: 1764789425255
[debug] [2025-12-03T18:52:23.034Z] >>> [apiv2][query] GET https://cloudfunctions.googleapis.com/v2/projects/glucose-goose/locations/us-central1/operations/operation-1764787900973-64510b3f0fff1-4d5c1e9d-f77f8d29 [none]
[debug] [2025-12-03T18:52:23.165Z] <<< [apiv2][status] GET https://cloudfunctions.googleapis.com/v2/projects/glucose-goose/locations/us-central1/operations/operation-1764787901079-64510b3f29e91-09c3b7ee-9453798e 200
[debug] [2025-12-03T18:52:23.165Z] <<< [apiv2][body] GET https://cloudfunctions.googleapis.com/v2/projects/glucose-goose/locations/us-central1/operations/operation-1764787901079-64510b3f29e91-09c3b7ee-9453798e {"name":"projects/glucose-goose/locations/us-central1/operations/operation-1764787901079-64510b3f29e91-09c3b7ee-9453798e","metadata":{"@type":"type.googleapis.com/google.cloud.functions.v2.OperationMetadata","createTime":"2025-12-03T18:51:41.622988467Z","target":"projects/glucose-goose/locations/us-central1/functions/updateTreatment","verb":"update","cancelRequested":false,"apiVersion":"v2","requestResource":{"@type":"type.googleapis.com/google.cloud.functions.v2.Function","name":"projects/glucose-goose/locations/us-central1/functions/updateTreatment","buildConfig":{"runtime":"nodejs24","entryPoint":"updateTreatment","source":{"storageSource":{"bucket":"gcf-v2-sources-101841828420-us-central1","object":"updateTreatment/function-source.zip","generation":"1764787901582375"}},"environmentVariables":{"GOOGLE_NODE_RUN_SCRIPTS":""},"dockerRepository":"projects/glucose-goose/locations/us-central1/repositories/gcf-artifacts","serviceAccount":"projects/glucose-goose/serviceAccounts/101841828420-compute@developer.gserviceaccount.com","automaticUpdatePolicy":{}},"serviceConfig":{"service":"projects/glucose-goose/locations/us-central1/services/updatetreatment","timeoutSeconds":60,"environmentVariables":{"FIREBASE_CONFIG":"{\"projectId\":\"glucose-goose\",\"storageBucket\":\"glucose-goose.firebasestorage.app\"}","GCLOUD_PROJECT":"glucose-goose","EVENTARC_CLOUD_EVENT_SOURCE":"projects/glucose-goose/locations/us-central1/services/updateTreatment","FUNCTION_TARGET":"updateTreatment","LOG_EXECUTION_ID":"true","FUNCTION_SIGNATURE_TYPE":"http"},"ingressSettings":"ALLOW_ALL","uri":"https://updatetreatment-ft7us77rra-uc.a.run.app","serviceAccountEmail":"101841828420-compute@developer.gserviceaccount.com","availableMemory":"256Mi","allTrafficOnLatestRevision":true,"revision":"updatetreatment-00016-hit","maxInstanceRequestConcurrency":80,"availableCpu":"1"},"state":"ACTIVE","labels":{"deployment-tool":"cli-firebase","firebase-functions-hash":"91b398480f89e08511a9b562cf02fe3c181037bd"},"environment":"GEN_2","url":"https://us-central1-glucose-goose.cloudfunctions.net/updateTreatment","satisfiesPzi":true},"stages":[{"name":"BUILD","message":"Build finished","state":"COMPLETE","resource":"projects/101841828420/locations/us-central1/builds/be135d36-8bd6-4598-8dba-1ef58fbf0823","resourceUri":"https://console.cloud.google.com/cloud-build/builds;region=us-central1/be135d36-8bd6-4598-8dba-1ef58fbf0823?project=101841828420"},{"name":"SERVICE","message":"Updating Cloud Run service","state":"IN_PROGRESS","resource":"projects/glucose-goose/locations/us-central1/services/updatetreatment","resourceUri":"https://console.cloud.google.com/run/detail/us-central1/updatetreatment?project=glucose-goose","stateMessages":[{"severity":"INFO","type":"CloudRunServiceNewRevisionTrafficInfo","message":"A new revision will be deployed serving with 100% traffic."}]}],"sourceToken":"Cldwcm9qZWN0cy8xMDE4NDE4Mjg0MjAvbG9jYXRpb25zL3VzLWNlbnRyYWwxL2J1aWxkcy9iZTEzNWQzNi04YmQ2LTQ1OTgtOGRiYS0xZWY1OGZiZjA4MjMSb3VzLWNlbnRyYWwxLWRvY2tlci5wa2cuZGV2L2dsdWNvc2UtZ29vc2UvZ2NmLWFydGlmYWN0cy9nbHVjb3NlLS1nb29zZV9fdXMtLWNlbnRyYWwxX191cGRhdGVfdHJlYXRtZW50OnZlcnNpb25fMRjE9Pux+wIiRnByb2plY3RzL2dsdWNvc2UtZ29vc2UvbG9jYXRpb25zL3VzLWNlbnRyYWwxL2Z1bmN0aW9ucy91cGRhdGVUcmVhdG1lbnQqDAjfjcLJBhCwpdW2AzIIbm9kZWpzMjQ6dgojZ2NyLmlvL2dhZS1ydW50aW1lcy9ub2RlanMyNDpzdGFibGUST3VzLWNlbnRyYWwxLWRvY2tlci5wa2cuZGV2L3NlcnZlcmxlc3MtcnVudGltZXMvZ29vZ2xlLTI0LWZ1bGwvcnVudGltZXMvbm9kZWpzMjRAAQ==","operationType":"UPDATE_FUNCTION","buildName":"projects/101841828420/locations/us-central1/builds/be135d36-8bd6-4598-8dba-1ef58fbf0823"},"done":false}
[debug] [2025-12-03T18:52:23.166Z] Got source token Cldwcm9qZWN0cy8xMDE4NDE4Mjg0MjAvbG9jYXRpb25zL3VzLWNlbnRyYWwxL2J1aWxkcy9iZTEzNWQzNi04YmQ2LTQ1OTgtOGRiYS0xZWY1OGZiZjA4MjMSb3VzLWNlbnRyYWwxLWRvY2tlci5wa2cuZGV2L2dsdWNvc2UtZ29vc2UvZ2NmLWFydGlmYWN0cy9nbHVjb3NlLS1nb29zZV9fdXMtLWNlbnRyYWwxX191cGRhdGVfdHJlYXRtZW50OnZlcnNpb25fMRjE9Pux+wIiRnByb2plY3RzL2dsdWNvc2UtZ29vc2UvbG9jYXRpb25zL3VzLWNlbnRyYWwxL2Z1bmN0aW9ucy91cGRhdGVUcmVhdG1lbnQqDAjfjcLJBhCwpdW2AzIIbm9kZWpzMjQ6dgojZ2NyLmlvL2dhZS1ydW50aW1lcy9ub2RlanMyNDpzdGFibGUST3VzLWNlbnRyYWwxLWRvY2tlci5wa2cuZGV2L3NlcnZlcmxlc3MtcnVudGltZXMvZ29vZ2xlLTI0LWZ1bGwvcnVudGltZXMvbm9kZWpzMjRAAQ== for region us-central1
[debug] [2025-12-03T18:52:23.813Z] <<< [apiv2][status] GET https://cloudfunctions.googleapis.com/v2/projects/glucose-goose/locations/us-central1/operations/operation-1764787901112-64510b3f31f58-6bf25453-d493131c 200
[debug] [2025-12-03T18:52:23.813Z] <<< [apiv2][body] GET https://cloudfunctions.googleapis.com/v2/projects/glucose-goose/locations/us-central1/operations/operation-1764787901112-64510b3f31f58-6bf25453-d493131c {"name":"projects/glucose-goose/locations/us-central1/operations/operation-1764787901112-64510b3f31f58-6bf25453-d493131c","metadata":{"@type":"type.googleapis.com/google.cloud.functions.v2.OperationMetadata","createTime":"2025-12-03T18:51:41.644994154Z","target":"projects/glucose-goose/locations/us-central1/functions/getNightscoutBundle","verb":"update","cancelRequested":false,"apiVersion":"v2","requestResource":{"@type":"type.googleapis.com/google.cloud.functions.v2.Function","name":"projects/glucose-goose/locations/us-central1/functions/getNightscoutBundle","buildConfig":{"runtime":"nodejs24","entryPoint":"getNightscoutBundle","source":{"storageSource":{"bucket":"gcf-v2-sources-101841828420-us-central1","object":"getNightscoutBundle/function-source.zip","generation":"1764787901594657"}},"environmentVariables":{"GOOGLE_NODE_RUN_SCRIPTS":""},"dockerRepository":"projects/glucose-goose/locations/us-central1/repositories/gcf-artifacts","serviceAccount":"projects/glucose-goose/serviceAccounts/101841828420-compute@developer.gserviceaccount.com","automaticUpdatePolicy":{}},"serviceConfig":{"service":"projects/glucose-goose/locations/us-central1/services/getnightscoutbundle","timeoutSeconds":60,"environmentVariables":{"FIREBASE_CONFIG":"{\"projectId\":\"glucose-goose\",\"storageBucket\":\"glucose-goose.firebasestorage.app\"}","GCLOUD_PROJECT":"glucose-goose","EVENTARC_CLOUD_EVENT_SOURCE":"projects/glucose-goose/locations/us-central1/services/getNightscoutBundle","FUNCTION_TARGET":"getNightscoutBundle","LOG_EXECUTION_ID":"true","FUNCTION_SIGNATURE_TYPE":"http"},"ingressSettings":"ALLOW_ALL","uri":"https://getnightscoutbundle-ft7us77rra-uc.a.run.app","serviceAccountEmail":"101841828420-compute@developer.gserviceaccount.com","availableMemory":"256Mi","allTrafficOnLatestRevision":true,"revision":"getnightscoutbundle-00025-biw","maxInstanceRequestConcurrency":80,"availableCpu":"1"},"state":"ACTIVE","labels":{"deployment-tool":"cli-firebase","firebase-functions-hash":"91b398480f89e08511a9b562cf02fe3c181037bd"},"environment":"GEN_2","url":"https://us-central1-glucose-goose.cloudfunctions.net/getNightscoutBundle","satisfiesPzi":true},"stages":[{"name":"BUILD","message":"Build in progress","state":"IN_PROGRESS","resource":"projects/101841828420/locations/us-central1/builds/5f592f34-5ebc-46a7-9a65-6be273cbed07","resourceUri":"https://console.cloud.google.com/cloud-build/builds;region=us-central1/5f592f34-5ebc-46a7-9a65-6be273cbed07?project=101841828420"},{"name":"SERVICE","state":"NOT_STARTED"}],"operationType":"UPDATE_FUNCTION","buildName":"projects/101841828420/locations/us-central1/builds/5f592f34-5ebc-46a7-9a65-6be273cbed07"},"done":false}
[debug] [2025-12-03T18:52:23.857Z] <<< [apiv2][status] GET https://cloudfunctions.googleapis.com/v2/projects/glucose-goose/locations/us-central1/operations/operation-1764787901072-64510b3f283d9-edb4b15c-c55e74e4 200
[debug] [2025-12-03T18:52:23.858Z] <<< [apiv2][body] GET https://cloudfunctions.googleapis.com/v2/projects/glucose-goose/locations/us-central1/operations/operation-1764787901072-64510b3f283d9-edb4b15c-c55e74e4 {"name":"projects/glucose-goose/locations/us-central1/operations/operation-1764787901072-64510b3f283d9-edb4b15c-c55e74e4","metadata":{"@type":"type.googleapis.com/google.cloud.functions.v2.OperationMetadata","createTime":"2025-12-03T18:51:41.632053468Z","target":"projects/glucose-goose/locations/us-central1/functions/simulateGlucose","verb":"update","cancelRequested":false,"apiVersion":"v2","requestResource":{"@type":"type.googleapis.com/google.cloud.functions.v2.Function","name":"projects/glucose-goose/locations/us-central1/functions/simulateGlucose","buildConfig":{"runtime":"nodejs24","entryPoint":"simulateGlucose","source":{"storageSource":{"bucket":"gcf-v2-sources-101841828420-us-central1","object":"simulateGlucose/function-source.zip","generation":"1764787901587809"}},"environmentVariables":{"GOOGLE_NODE_RUN_SCRIPTS":""},"dockerRepository":"projects/glucose-goose/locations/us-central1/repositories/gcf-artifacts","serviceAccount":"projects/glucose-goose/serviceAccounts/101841828420-compute@developer.gserviceaccount.com","automaticUpdatePolicy":{}},"serviceConfig":{"service":"projects/glucose-goose/locations/us-central1/services/simulateglucose","timeoutSeconds":60,"environmentVariables":{"FIREBASE_CONFIG":"{\"projectId\":\"glucose-goose\",\"storageBucket\":\"glucose-goose.firebasestorage.app\"}","GCLOUD_PROJECT":"glucose-goose","EVENTARC_CLOUD_EVENT_SOURCE":"projects/glucose-goose/locations/us-central1/services/simulateGlucose","FUNCTION_TARGET":"simulateGlucose","LOG_EXECUTION_ID":"true","FUNCTION_SIGNATURE_TYPE":"http"},"ingressSettings":"ALLOW_ALL","uri":"https://simulateglucose-ft7us77rra-uc.a.run.app","serviceAccountEmail":"101841828420-compute@developer.gserviceaccount.com","availableMemory":"256Mi","allTrafficOnLatestRevision":true,"secretEnvironmentVariables":[{"key":"NIGHTSCOUT_API_SECRET","projectId":"glucose-goose","secret":"NIGHTSCOUT_API_SECRET","version":"2"},{"key":"NIGHTSCOUT_URL","projectId":"glucose-goose","secret":"NIGHTSCOUT_URL","version":"1"}],"revision":"simulateglucose-00005-xor","maxInstanceRequestConcurrency":80,"availableCpu":"1"},"state":"ACTIVE","labels":{"deployment-tool":"cli-firebase","deployment-scheduled":"true","firebase-functions-hash":"55644f99d253950dc78f8082fd3954898b17cf74"},"environment":"GEN_2","url":"https://us-central1-glucose-goose.cloudfunctions.net/simulateGlucose","satisfiesPzi":true},"stages":[{"name":"BUILD","message":"Build finished","state":"COMPLETE","resource":"projects/101841828420/locations/us-central1/builds/75494ea1-0346-45af-96b4-cc9d8848da86","resourceUri":"https://console.cloud.google.com/cloud-build/builds;region=us-central1/75494ea1-0346-45af-96b4-cc9d8848da86?project=101841828420"},{"name":"SERVICE","message":"Updating Cloud Run service","state":"IN_PROGRESS","resource":"projects/glucose-goose/locations/us-central1/services/simulateglucose","resourceUri":"https://console.cloud.google.com/run/detail/us-central1/simulateglucose?project=glucose-goose","stateMessages":[{"severity":"INFO","type":"CloudRunServiceNewRevisionTrafficInfo","message":"A new revision will be deployed serving with 100% traffic."}]}],"sourceToken":"Cldwcm9qZWN0cy8xMDE4NDE4Mjg0MjAvbG9jYXRpb25zL3VzLWNlbnRyYWwxL2J1aWxkcy83NTQ5NGVhMS0wMzQ2LTQ1YWYtOTZiNC1jYzlkODg0OGRhODYSb3VzLWNlbnRyYWwxLWRvY2tlci5wa2cuZGV2L2dsdWNvc2UtZ29vc2UvZ2NmLWFydGlmYWN0cy9nbHVjb3NlLS1nb29zZV9fdXMtLWNlbnRyYWwxX19zaW11bGF0ZV9nbHVjb3NlOnZlcnNpb25fMRjE9Pux+wIiRnByb2plY3RzL2dsdWNvc2UtZ29vc2UvbG9jYXRpb25zL3VzLWNlbnRyYWwxL2Z1bmN0aW9ucy9zaW11bGF0ZUdsdWNvc2UqDAjjjcLJBhDIiryBATIIbm9kZWpzMjQ6dgojZ2NyLmlvL2dhZS1ydW50aW1lcy9ub2RlanMyNDpzdGFibGUST3VzLWNlbnRyYWwxLWRvY2tlci5wa2cuZGV2L3NlcnZlcmxlc3MtcnVudGltZXMvZ29vZ2xlLTI0LWZ1bGwvcnVudGltZXMvbm9kZWpzMjRAAQ==","operationType":"UPDATE_FUNCTION","buildName":"projects/101841828420/locations/us-central1/builds/75494ea1-0346-45af-96b4-cc9d8848da86"},"done":false}
[debug] [2025-12-03T18:52:23.858Z] Got source token Cldwcm9qZWN0cy8xMDE4NDE4Mjg0MjAvbG9jYXRpb25zL3VzLWNlbnRyYWwxL2J1aWxkcy83NTQ5NGVhMS0wMzQ2LTQ1YWYtOTZiNC1jYzlkODg0OGRhODYSb3VzLWNlbnRyYWwxLWRvY2tlci5wa2cuZGV2L2dsdWNvc2UtZ29vc2UvZ2NmLWFydGlmYWN0cy9nbHVjb3NlLS1nb29zZV9fdXMtLWNlbnRyYWwxX19zaW11bGF0ZV9nbHVjb3NlOnZlcnNpb25fMRjE9Pux+wIiRnByb2plY3RzL2dsdWNvc2UtZ29vc2UvbG9jYXRpb25zL3VzLWNlbnRyYWwxL2Z1bmN0aW9ucy9zaW11bGF0ZUdsdWNvc2UqDAjjjcLJBhDIiryBATIIbm9kZWpzMjQ6dgojZ2NyLmlvL2dhZS1ydW50aW1lcy9ub2RlanMyNDpzdGFibGUST3VzLWNlbnRyYWwxLWRvY2tlci5wa2cuZGV2L3NlcnZlcmxlc3MtcnVudGltZXMvZ29vZ2xlLTI0LWZ1bGwvcnVudGltZXMvbm9kZWpzMjRAAQ== for region us-central1
[debug] [2025-12-03T18:52:23.869Z] <<< [apiv2][status] GET https://cloudfunctions.googleapis.com/v2/projects/glucose-goose/locations/us-central1/operations/operation-1764787900973-64510b3f0fff1-4d5c1e9d-f77f8d29 200
[debug] [2025-12-03T18:52:23.869Z] <<< [apiv2][body] GET https://cloudfunctions.googleapis.com/v2/projects/glucose-goose/locations/us-central1/operations/operation-1764787900973-64510b3f0fff1-4d5c1e9d-f77f8d29 {"name":"projects/glucose-goose/locations/us-central1/operations/operation-1764787900973-64510b3f0fff1-4d5c1e9d-f77f8d29","metadata":{"@type":"type.googleapis.com/google.cloud.functions.v2.OperationMetadata","createTime":"2025-12-03T18:51:41.513263654Z","target":"projects/glucose-goose/locations/us-central1/functions/deleteTreatment","verb":"update","cancelRequested":false,"apiVersion":"v2","requestResource":{"@type":"type.googleapis.com/google.cloud.functions.v2.Function","name":"projects/glucose-goose/locations/us-central1/functions/deleteTreatment","buildConfig":{"runtime":"nodejs24","entryPoint":"deleteTreatment","source":{"storageSource":{"bucket":"gcf-v2-sources-101841828420-us-central1","object":"deleteTreatment/function-source.zip","generation":"1764787901470448"}},"environmentVariables":{"GOOGLE_NODE_RUN_SCRIPTS":""},"dockerRepository":"projects/glucose-goose/locations/us-central1/repositories/gcf-artifacts","serviceAccount":"projects/glucose-goose/serviceAccounts/101841828420-compute@developer.gserviceaccount.com","automaticUpdatePolicy":{}},"serviceConfig":{"service":"projects/glucose-goose/locations/us-central1/services/deletetreatment","timeoutSeconds":60,"environmentVariables":{"FIREBASE_CONFIG":"{\"projectId\":\"glucose-goose\",\"storageBucket\":\"glucose-goose.firebasestorage.app\"}","GCLOUD_PROJECT":"glucose-goose","EVENTARC_CLOUD_EVENT_SOURCE":"projects/glucose-goose/locations/us-central1/services/deleteTreatment","FUNCTION_TARGET":"deleteTreatment","LOG_EXECUTION_ID":"true","FUNCTION_SIGNATURE_TYPE":"http"},"ingressSettings":"ALLOW_ALL","uri":"https://deletetreatment-ft7us77rra-uc.a.run.app","serviceAccountEmail":"101841828420-compute@developer.gserviceaccount.com","availableMemory":"256Mi","allTrafficOnLatestRevision":true,"revision":"deletetreatment-00010-fer","maxInstanceRequestConcurrency":80,"availableCpu":"1"},"state":"ACTIVE","labels":{"deployment-tool":"cli-firebase","firebase-functions-hash":"91b398480f89e08511a9b562cf02fe3c181037bd"},"environment":"GEN_2","url":"https://us-central1-glucose-goose.cloudfunctions.net/deleteTreatment","satisfiesPzi":true},"stages":[{"name":"BUILD","message":"Build finished","state":"COMPLETE","resource":"projects/101841828420/locations/us-central1/builds/60770b9f-35f2-4c27-bfb8-5754e126c628","resourceUri":"https://console.cloud.google.com/cloud-build/builds;region=us-central1/60770b9f-35f2-4c27-bfb8-5754e126c628?project=101841828420"},{"name":"SERVICE","message":"Updating Cloud Run service","state":"IN_PROGRESS","resource":"projects/glucose-goose/locations/us-central1/services/deletetreatment","resourceUri":"https://console.cloud.google.com/run/detail/us-central1/deletetreatment?project=glucose-goose","stateMessages":[{"severity":"INFO","type":"CloudRunServiceNewRevisionTrafficInfo","message":"A new revision will be deployed serving with 100% traffic."}]}],"sourceToken":"Cldwcm9qZWN0cy8xMDE4NDE4Mjg0MjAvbG9jYXRpb25zL3VzLWNlbnRyYWwxL2J1aWxkcy82MDc3MGI5Zi0zNWYyLTRjMjctYmZiOC01NzU0ZTEyNmM2MjgSb3VzLWNlbnRyYWwxLWRvY2tlci5wa2cuZGV2L2dsdWNvc2UtZ29vc2UvZ2NmLWFydGlmYWN0cy9nbHVjb3NlLS1nb29zZV9fdXMtLWNlbnRyYWwxX19kZWxldGVfdHJlYXRtZW50OnZlcnNpb25fMRjE9Pux+wIiRnByb2plY3RzL2dsdWNvc2UtZ29vc2UvbG9jYXRpb25zL3VzLWNlbnRyYWwxL2Z1bmN0aW9ucy9kZWxldGVUcmVhdG1lbnQqCwjkjcLJBhCQq+J8Mghub2RlanMyNDp2CiNnY3IuaW8vZ2FlLXJ1bnRpbWVzL25vZGVqczI0OnN0YWJsZRJPdXMtY2VudHJhbDEtZG9ja2VyLnBrZy5kZXYvc2VydmVybGVzcy1ydW50aW1lcy9nb29nbGUtMjQtZnVsbC9ydW50aW1lcy9ub2RlanMyNEAB","operationType":"UPDATE_FUNCTION","buildName":"projects/101841828420/locations/us-central1/builds/60770b9f-35f2-4c27-bfb8-5754e126c628"},"done":false}
[debug] [2025-12-03T18:52:23.869Z] Got source token Cldwcm9qZWN0cy8xMDE4NDE4Mjg0MjAvbG9jYXRpb25zL3VzLWNlbnRyYWwxL2J1aWxkcy82MDc3MGI5Zi0zNWYyLTRjMjctYmZiOC01NzU0ZTEyNmM2MjgSb3VzLWNlbnRyYWwxLWRvY2tlci5wa2cuZGV2L2dsdWNvc2UtZ29vc2UvZ2NmLWFydGlmYWN0cy9nbHVjb3NlLS1nb29zZV9fdXMtLWNlbnRyYWwxX19kZWxldGVfdHJlYXRtZW50OnZlcnNpb25fMRjE9Pux+wIiRnByb2plY3RzL2dsdWNvc2UtZ29vc2UvbG9jYXRpb25zL3VzLWNlbnRyYWwxL2Z1bmN0aW9ucy9kZWxldGVUcmVhdG1lbnQqCwjkjcLJBhCQq+J8Mghub2RlanMyNDp2CiNnY3IuaW8vZ2FlLXJ1bnRpbWVzL25vZGVqczI0OnN0YWJsZRJPdXMtY2VudHJhbDEtZG9ja2VyLnBrZy5kZXYvc2VydmVybGVzcy1ydW50aW1lcy9nb29nbGUtMjQtZnVsbC9ydW50aW1lcy9ub2RlanMyNEAB for region us-central1
[debug] [2025-12-03T18:52:33.170Z] [update-default-us-central1-updateTreatment] Retrying task index 0
[debug] [2025-12-03T18:52:33.170Z] Checked if tokens are valid: true, expires at: 1764789425255
[debug] [2025-12-03T18:52:33.171Z] Checked if tokens are valid: true, expires at: 1764789425255
[debug] [2025-12-03T18:52:33.171Z] >>> [apiv2][query] GET https://cloudfunctions.googleapis.com/v2/projects/glucose-goose/locations/us-central1/operations/operation-1764787901079-64510b3f29e91-09c3b7ee-9453798e [none]
[debug] [2025-12-03T18:52:33.815Z] [update-default-us-central1-getNightscoutBundle] Retrying task index 0
[debug] [2025-12-03T18:52:33.816Z] Checked if tokens are valid: true, expires at: 1764789425255
[debug] [2025-12-03T18:52:33.816Z] Checked if tokens are valid: true, expires at: 1764789425255
[debug] [2025-12-03T18:52:33.816Z] >>> [apiv2][query] GET https://cloudfunctions.googleapis.com/v2/projects/glucose-goose/locations/us-central1/operations/operation-1764787901112-64510b3f31f58-6bf25453-d493131c [none]
[debug] [2025-12-03T18:52:33.859Z] [update-default-us-central1-simulateGlucose] Retrying task index 0
[debug] [2025-12-03T18:52:33.860Z] Checked if tokens are valid: true, expires at: 1764789425255
[debug] [2025-12-03T18:52:33.861Z] Checked if tokens are valid: true, expires at: 1764789425255
[debug] [2025-12-03T18:52:33.861Z] >>> [apiv2][query] GET https://cloudfunctions.googleapis.com/v2/projects/glucose-goose/locations/us-central1/operations/operation-1764787901072-64510b3f283d9-edb4b15c-c55e74e4 [none]
[debug] [2025-12-03T18:52:33.870Z] [update-default-us-central1-deleteTreatment] Retrying task index 0
[debug] [2025-12-03T18:52:33.870Z] Checked if tokens are valid: true, expires at: 1764789425255
[debug] [2025-12-03T18:52:33.871Z] Checked if tokens are valid: true, expires at: 1764789425255
[debug] [2025-12-03T18:52:33.871Z] >>> [apiv2][query] GET https://cloudfunctions.googleapis.com/v2/projects/glucose-goose/locations/us-central1/operations/operation-1764787900973-64510b3f0fff1-4d5c1e9d-f77f8d29 [none]
[debug] [2025-12-03T18:52:34.029Z] <<< [apiv2][status] GET https://cloudfunctions.googleapis.com/v2/projects/glucose-goose/locations/us-central1/operations/operation-1764787901079-64510b3f29e91-09c3b7ee-9453798e 200
[debug] [2025-12-03T18:52:34.030Z] <<< [apiv2][body] GET https://cloudfunctions.googleapis.com/v2/projects/glucose-goose/locations/us-central1/operations/operation-1764787901079-64510b3f29e91-09c3b7ee-9453798e {"name":"projects/glucose-goose/locations/us-central1/operations/operation-1764787901079-64510b3f29e91-09c3b7ee-9453798e","metadata":{"@type":"type.googleapis.com/google.cloud.functions.v2.OperationMetadata","createTime":"2025-12-03T18:51:41.622988467Z","endTime":"2025-12-03T18:52:25.981468869Z","target":"projects/glucose-goose/locations/us-central1/functions/updateTreatment","verb":"update","cancelRequested":false,"apiVersion":"v2","requestResource":{"@type":"type.googleapis.com/google.cloud.functions.v2.Function","name":"projects/glucose-goose/locations/us-central1/functions/updateTreatment","buildConfig":{"runtime":"nodejs24","entryPoint":"updateTreatment","source":{"storageSource":{"bucket":"gcf-v2-sources-101841828420-us-central1","object":"updateTreatment/function-source.zip","generation":"1764787901582375"}},"environmentVariables":{"GOOGLE_NODE_RUN_SCRIPTS":""},"dockerRepository":"projects/glucose-goose/locations/us-central1/repositories/gcf-artifacts","serviceAccount":"projects/glucose-goose/serviceAccounts/101841828420-compute@developer.gserviceaccount.com","automaticUpdatePolicy":{}},"serviceConfig":{"service":"projects/glucose-goose/locations/us-central1/services/updatetreatment","timeoutSeconds":60,"environmentVariables":{"FIREBASE_CONFIG":"{\"projectId\":\"glucose-goose\",\"storageBucket\":\"glucose-goose.firebasestorage.app\"}","GCLOUD_PROJECT":"glucose-goose","EVENTARC_CLOUD_EVENT_SOURCE":"projects/glucose-goose/locations/us-central1/services/updateTreatment","FUNCTION_TARGET":"updateTreatment","LOG_EXECUTION_ID":"true","FUNCTION_SIGNATURE_TYPE":"http"},"ingressSettings":"ALLOW_ALL","uri":"https://updatetreatment-ft7us77rra-uc.a.run.app","serviceAccountEmail":"101841828420-compute@developer.gserviceaccount.com","availableMemory":"256Mi","allTrafficOnLatestRevision":true,"revision":"updatetreatment-00016-hit","maxInstanceRequestConcurrency":80,"availableCpu":"1"},"state":"ACTIVE","labels":{"deployment-tool":"cli-firebase","firebase-functions-hash":"91b398480f89e08511a9b562cf02fe3c181037bd"},"environment":"GEN_2","url":"https://us-central1-glucose-goose.cloudfunctions.net/updateTreatment","satisfiesPzi":true},"stages":[{"name":"SERVICE","state":"NOT_STARTED"}],"operationType":"UPDATE_FUNCTION"},"done":true,"error":{"code":3,"message":"Could not create or update Cloud Run service updatetreatment, Container Healthcheck failed. Revision 'updatetreatment-00017-qey' is not ready and cannot serve traffic. The user-provided container failed to start and listen on the port defined provided by the PORT=8080 environment variable within the allocated timeout. This can happen when the container port is misconfigured or if the timeout is too short. The health check timeout can be extended. Logs for this revision might contain more information.\n\nLogs URL: https://console.cloud.google.com/logs/viewer?project=glucose-goose&resource=cloud_run_revision/service_name/updatetreatment/revision_name/updatetreatment-00017-qey&advancedFilter=resource.type%3D%22cloud_run_revision%22%0Aresource.labels.service_name%3D%22updatetreatment%22%0Aresource.labels.revision_name%3D%22updatetreatment-00017-qey%22 \nFor more troubleshooting guidance, see https://cloud.google.com/run/docs/troubleshooting#container-failed-to-start"}}
[debug] [2025-12-03T18:52:34.030Z] Got source token undefined for region us-central1
[error] Could not create or update Cloud Run service updatetreatment, Container Healthcheck failed. Revision 'updatetreatment-00017-qey' is not ready and cannot serve traffic. The user-provided container failed to start and listen on the port defined provided by the PORT=8080 environment variable within the allocated timeout. This can happen when the container port is misconfigured or if the timeout is too short. The health check timeout can be extended. Logs for this revision might contain more information.

Logs URL: https://console.cloud.google.com/logs/viewer?project=glucose-goose&resource=cloud_run_revision/service_name/updatetreatment/revision_name/updatetreatment-00017-qey&advancedFilter=resource.type%3D%22cloud_run_revision%22%0Aresource.labels.service_name%3D%22updatetreatment%22%0Aresource.labels.revision_name%3D%22updatetreatment-00017-qey%22 
For more troubleshooting guidance, see https://cloud.google.com/run/docs/troubleshooting#container-failed-to-start
[debug] [2025-12-03T18:52:34.758Z] <<< [apiv2][status] GET https://cloudfunctions.googleapis.com/v2/projects/glucose-goose/locations/us-central1/operations/operation-1764787901112-64510b3f31f58-6bf25453-d493131c 200
[debug] [2025-12-03T18:52:34.758Z] <<< [apiv2][body] GET https://cloudfunctions.googleapis.com/v2/projects/glucose-goose/locations/us-central1/operations/operation-1764787901112-64510b3f31f58-6bf25453-d493131c {"name":"projects/glucose-goose/locations/us-central1/operations/operation-1764787901112-64510b3f31f58-6bf25453-d493131c","metadata":{"@type":"type.googleapis.com/google.cloud.functions.v2.OperationMetadata","createTime":"2025-12-03T18:51:41.644994154Z","endTime":"2025-12-03T18:52:30.739938604Z","target":"projects/glucose-goose/locations/us-central1/functions/getNightscoutBundle","verb":"update","cancelRequested":false,"apiVersion":"v2","requestResource":{"@type":"type.googleapis.com/google.cloud.functions.v2.Function","name":"projects/glucose-goose/locations/us-central1/functions/getNightscoutBundle","buildConfig":{"runtime":"nodejs24","entryPoint":"getNightscoutBundle","source":{"storageSource":{"bucket":"gcf-v2-sources-101841828420-us-central1","object":"getNightscoutBundle/function-source.zip","generation":"1764787901594657"}},"environmentVariables":{"GOOGLE_NODE_RUN_SCRIPTS":""},"dockerRepository":"projects/glucose-goose/locations/us-central1/repositories/gcf-artifacts","serviceAccount":"projects/glucose-goose/serviceAccounts/101841828420-compute@developer.gserviceaccount.com","automaticUpdatePolicy":{}},"serviceConfig":{"service":"projects/glucose-goose/locations/us-central1/services/getnightscoutbundle","timeoutSeconds":60,"environmentVariables":{"FIREBASE_CONFIG":"{\"projectId\":\"glucose-goose\",\"storageBucket\":\"glucose-goose.firebasestorage.app\"}","GCLOUD_PROJECT":"glucose-goose","EVENTARC_CLOUD_EVENT_SOURCE":"projects/glucose-goose/locations/us-central1/services/getNightscoutBundle","FUNCTION_TARGET":"getNightscoutBundle","LOG_EXECUTION_ID":"true","FUNCTION_SIGNATURE_TYPE":"http"},"ingressSettings":"ALLOW_ALL","uri":"https://getnightscoutbundle-ft7us77rra-uc.a.run.app","serviceAccountEmail":"101841828420-compute@developer.gserviceaccount.com","availableMemory":"256Mi","allTrafficOnLatestRevision":true,"revision":"getnightscoutbundle-00025-biw","maxInstanceRequestConcurrency":80,"availableCpu":"1"},"state":"ACTIVE","labels":{"deployment-tool":"cli-firebase","firebase-functions-hash":"91b398480f89e08511a9b562cf02fe3c181037bd"},"environment":"GEN_2","url":"https://us-central1-glucose-goose.cloudfunctions.net/getNightscoutBundle","satisfiesPzi":true},"stages":[{"name":"SERVICE","state":"NOT_STARTED"}],"operationType":"UPDATE_FUNCTION"},"done":true,"error":{"code":3,"message":"Could not create or update Cloud Run service getnightscoutbundle, Container Healthcheck failed. The user-provided container failed to start and listen on the port defined provided by the PORT=8080 environment variable within the allocated timeout. This can happen when the container port is misconfigured or if the timeout is too short. The health check timeout can be extended. Logs for this revision might contain more information.\n\nLogs URL: https://console.cloud.google.com/logs/viewer?project=glucose-goose&resource=cloud_run_revision/service_name/getnightscoutbundle/revision_name/getnightscoutbundle-00026-vuc&advancedFilter=resource.type%3D%22cloud_run_revision%22%0Aresource.labels.service_name%3D%22getnightscoutbundle%22%0Aresource.labels.revision_name%3D%22getnightscoutbundle-00026-vuc%22 \nFor more troubleshooting guidance, see https://cloud.google.com/run/docs/troubleshooting#container-failed-to-start"}}
[debug] [2025-12-03T18:52:34.759Z] Got source token undefined for region us-central1
[error] Could not create or update Cloud Run service getnightscoutbundle, Container Healthcheck failed. The user-provided container failed to start and listen on the port defined provided by the PORT=8080 environment variable within the allocated timeout. This can happen when the container port is misconfigured or if the timeout is too short. The health check timeout can be extended. Logs for this revision might contain more information.

Logs URL: https://console.cloud.google.com/logs/viewer?project=glucose-goose&resource=cloud_run_revision/service_name/getnightscoutbundle/revision_name/getnightscoutbundle-00026-vuc&advancedFilter=resource.type%3D%22cloud_run_revision%22%0Aresource.labels.service_name%3D%22getnightscoutbundle%22%0Aresource.labels.revision_name%3D%22getnightscoutbundle-00026-vuc%22 
For more troubleshooting guidance, see https://cloud.google.com/run/docs/troubleshooting#container-failed-to-start
[debug] [2025-12-03T18:52:34.777Z] <<< [apiv2][status] GET https://cloudfunctions.googleapis.com/v2/projects/glucose-goose/locations/us-central1/operations/operation-1764787900973-64510b3f0fff1-4d5c1e9d-f77f8d29 200
[debug] [2025-12-03T18:52:34.777Z] <<< [apiv2][body] GET https://cloudfunctions.googleapis.com/v2/projects/glucose-goose/locations/us-central1/operations/operation-1764787900973-64510b3f0fff1-4d5c1e9d-f77f8d29 {"name":"projects/glucose-goose/locations/us-central1/operations/operation-1764787900973-64510b3f0fff1-4d5c1e9d-f77f8d29","metadata":{"@type":"type.googleapis.com/google.cloud.functions.v2.OperationMetadata","createTime":"2025-12-03T18:51:41.513263654Z","endTime":"2025-12-03T18:52:27.028988741Z","target":"projects/glucose-goose/locations/us-central1/functions/deleteTreatment","verb":"update","cancelRequested":false,"apiVersion":"v2","requestResource":{"@type":"type.googleapis.com/google.cloud.functions.v2.Function","name":"projects/glucose-goose/locations/us-central1/functions/deleteTreatment","buildConfig":{"runtime":"nodejs24","entryPoint":"deleteTreatment","source":{"storageSource":{"bucket":"gcf-v2-sources-101841828420-us-central1","object":"deleteTreatment/function-source.zip","generation":"1764787901470448"}},"environmentVariables":{"GOOGLE_NODE_RUN_SCRIPTS":""},"dockerRepository":"projects/glucose-goose/locations/us-central1/repositories/gcf-artifacts","serviceAccount":"projects/glucose-goose/serviceAccounts/101841828420-compute@developer.gserviceaccount.com","automaticUpdatePolicy":{}},"serviceConfig":{"service":"projects/glucose-goose/locations/us-central1/services/deletetreatment","timeoutSeconds":60,"environmentVariables":{"FIREBASE_CONFIG":"{\"projectId\":\"glucose-goose\",\"storageBucket\":\"glucose-goose.firebasestorage.app\"}","GCLOUD_PROJECT":"glucose-goose","EVENTARC_CLOUD_EVENT_SOURCE":"projects/glucose-goose/locations/us-central1/services/deleteTreatment","FUNCTION_TARGET":"deleteTreatment","LOG_EXECUTION_ID":"true","FUNCTION_SIGNATURE_TYPE":"http"},"ingressSettings":"ALLOW_ALL","uri":"https://deletetreatment-ft7us77rra-uc.a.run.app","serviceAccountEmail":"101841828420-compute@developer.gserviceaccount.com","availableMemory":"256Mi","allTrafficOnLatestRevision":true,"revision":"deletetreatment-00010-fer","maxInstanceRequestConcurrency":80,"availableCpu":"1"},"state":"ACTIVE","labels":{"deployment-tool":"cli-firebase","firebase-functions-hash":"91b398480f89e08511a9b562cf02fe3c181037bd"},"environment":"GEN_2","url":"https://us-central1-glucose-goose.cloudfunctions.net/deleteTreatment","satisfiesPzi":true},"stages":[{"name":"SERVICE","state":"NOT_STARTED"}],"operationType":"UPDATE_FUNCTION"},"done":true,"error":{"code":3,"message":"Could not create or update Cloud Run service deletetreatment, Container Healthcheck failed. The user-provided container failed to start and listen on the port defined provided by the PORT=8080 environment variable within the allocated timeout. This can happen when the container port is misconfigured or if the timeout is too short. The health check timeout can be extended. Logs for this revision might contain more information.\n\nLogs URL: https://console.cloud.google.com/logs/viewer?project=glucose-goose&resource=cloud_run_revision/service_name/deletetreatment/revision_name/deletetreatment-00011-dej&advancedFilter=resource.type%3D%22cloud_run_revision%22%0Aresource.labels.service_name%3D%22deletetreatment%22%0Aresource.labels.revision_name%3D%22deletetreatment-00011-dej%22 \nFor more troubleshooting guidance, see https://cloud.google.com/run/docs/troubleshooting#container-failed-to-start"}}
[debug] [2025-12-03T18:52:34.778Z] Got source token undefined for region us-central1
[error] Could not create or update Cloud Run service deletetreatment, Container Healthcheck failed. The user-provided container failed to start and listen on the port defined provided by the PORT=8080 environment variable within the allocated timeout. This can happen when the container port is misconfigured or if the timeout is too short. The health check timeout can be extended. Logs for this revision might contain more information.

Logs URL: https://console.cloud.google.com/logs/viewer?project=glucose-goose&resource=cloud_run_revision/service_name/deletetreatment/revision_name/deletetreatment-00011-dej&advancedFilter=resource.type%3D%22cloud_run_revision%22%0Aresource.labels.service_name%3D%22deletetreatment%22%0Aresource.labels.revision_name%3D%22deletetreatment-00011-dej%22 
For more troubleshooting guidance, see https://cloud.google.com/run/docs/troubleshooting#container-failed-to-start
[debug] [2025-12-03T18:52:34.792Z] <<< [apiv2][status] GET https://cloudfunctions.googleapis.com/v2/projects/glucose-goose/locations/us-central1/operations/operation-1764787901072-64510b3f283d9-edb4b15c-c55e74e4 200
[debug] [2025-12-03T18:52:34.792Z] <<< [apiv2][body] GET https://cloudfunctions.googleapis.com/v2/projects/glucose-goose/locations/us-central1/operations/operation-1764787901072-64510b3f283d9-edb4b15c-c55e74e4 {"name":"projects/glucose-goose/locations/us-central1/operations/operation-1764787901072-64510b3f283d9-edb4b15c-c55e74e4","metadata":{"@type":"type.googleapis.com/google.cloud.functions.v2.OperationMetadata","createTime":"2025-12-03T18:51:41.632053468Z","endTime":"2025-12-03T18:52:25.993645417Z","target":"projects/glucose-goose/locations/us-central1/functions/simulateGlucose","verb":"update","cancelRequested":false,"apiVersion":"v2","requestResource":{"@type":"type.googleapis.com/google.cloud.functions.v2.Function","name":"projects/glucose-goose/locations/us-central1/functions/simulateGlucose","buildConfig":{"runtime":"nodejs24","entryPoint":"simulateGlucose","source":{"storageSource":{"bucket":"gcf-v2-sources-101841828420-us-central1","object":"simulateGlucose/function-source.zip","generation":"1764787901587809"}},"environmentVariables":{"GOOGLE_NODE_RUN_SCRIPTS":""},"dockerRepository":"projects/glucose-goose/locations/us-central1/repositories/gcf-artifacts","serviceAccount":"projects/glucose-goose/serviceAccounts/101841828420-compute@developer.gserviceaccount.com","automaticUpdatePolicy":{}},"serviceConfig":{"service":"projects/glucose-goose/locations/us-central1/services/simulateglucose","timeoutSeconds":60,"environmentVariables":{"FIREBASE_CONFIG":"{\"projectId\":\"glucose-goose\",\"storageBucket\":\"glucose-goose.firebasestorage.app\"}","GCLOUD_PROJECT":"glucose-goose","EVENTARC_CLOUD_EVENT_SOURCE":"projects/glucose-goose/locations/us-central1/services/simulateGlucose","FUNCTION_TARGET":"simulateGlucose","LOG_EXECUTION_ID":"true","FUNCTION_SIGNATURE_TYPE":"http"},"ingressSettings":"ALLOW_ALL","uri":"https://simulateglucose-ft7us77rra-uc.a.run.app","serviceAccountEmail":"101841828420-compute@developer.gserviceaccount.com","availableMemory":"256Mi","allTrafficOnLatestRevision":true,"secretEnvironmentVariables":[{"key":"NIGHTSCOUT_API_SECRET","projectId":"glucose-goose","secret":"NIGHTSCOUT_API_SECRET","version":"2"},{"key":"NIGHTSCOUT_URL","projectId":"glucose-goose","secret":"NIGHTSCOUT_URL","version":"1"}],"revision":"simulateglucose-00005-xor","maxInstanceRequestConcurrency":80,"availableCpu":"1"},"state":"ACTIVE","labels":{"deployment-tool":"cli-firebase","deployment-scheduled":"true","firebase-functions-hash":"55644f99d253950dc78f8082fd3954898b17cf74"},"environment":"GEN_2","url":"https://us-central1-glucose-goose.cloudfunctions.net/simulateGlucose","satisfiesPzi":true},"stages":[{"name":"SERVICE","state":"NOT_STARTED"}],"operationType":"UPDATE_FUNCTION"},"done":true,"error":{"code":3,"message":"Could not create or update Cloud Run service simulateglucose, Container Healthcheck failed. The user-provided container failed to start and listen on the port defined provided by the PORT=8080 environment variable within the allocated timeout. This can happen when the container port is misconfigured or if the timeout is too short. The health check timeout can be extended. Logs for this revision might contain more information.\n\nLogs URL: https://console.cloud.google.com/logs/viewer?project=glucose-goose&resource=cloud_run_revision/service_name/simulateglucose/revision_name/simulateglucose-00006-caj&advancedFilter=resource.type%3D%22cloud_run_revision%22%0Aresource.labels.service_name%3D%22simulateglucose%22%0Aresource.labels.revision_name%3D%22simulateglucose-00006-caj%22 \nFor more troubleshooting guidance, see https://cloud.google.com/run/docs/troubleshooting#container-failed-to-start"}}
[debug] [2025-12-03T18:52:34.793Z] Got source token undefined for region us-central1
[error] Could not create or update Cloud Run service simulateglucose, Container Healthcheck failed. The user-provided container failed to start and listen on the port defined provided by the PORT=8080 environment variable within the allocated timeout. This can happen when the container port is misconfigured or if the timeout is too short. The health check timeout can be extended. Logs for this revision might contain more information.

Logs URL: https://console.cloud.google.com/logs/viewer?project=glucose-goose&resource=cloud_run_revision/service_name/simulateglucose/revision_name/simulateglucose-00006-caj&advancedFilter=resource.type%3D%22cloud_run_revision%22%0Aresource.labels.service_name%3D%22simulateglucose%22%0Aresource.labels.revision_name%3D%22simulateglucose-00006-caj%22 
For more troubleshooting guidance, see https://cloud.google.com/run/docs/troubleshooting#container-failed-to-start
[debug] [2025-12-03T18:52:34.797Z] Total Function Deployment time: 97485
[debug] [2025-12-03T18:52:34.798Z] 5 Functions Deployed
[debug] [2025-12-03T18:52:34.798Z] 5 Functions Errored
[debug] [2025-12-03T18:52:34.798Z] 0 Function Deployments Aborted
[debug] [2025-12-03T18:52:34.798Z] Average Function Deployment time: 86421
[info] 
[info] Functions deploy had errors with the following functions:
	addTreatment(us-central1)
	deleteTreatment(us-central1)
	getNightscoutBundle(us-central1)
	simulateGlucose(us-central1)
	updateTreatment(us-central1)
[debug] [2025-12-03T18:52:34.800Z] Not printing URL for HTTPS function. Typically this means it didn't match a filter or we failed deployment
[debug] [2025-12-03T18:52:34.800Z] Not printing URL for HTTPS function. Typically this means it didn't match a filter or we failed deployment
[debug] [2025-12-03T18:52:34.801Z] Not printing URL for HTTPS function. Typically this means it didn't match a filter or we failed deployment
[debug] [2025-12-03T18:52:34.801Z] Not printing URL for HTTPS function. Typically this means it didn't match a filter or we failed deployment
[debug] [2025-12-03T18:52:34.802Z] Checked if tokens are valid: true, expires at: 1764789425255
[debug] [2025-12-03T18:52:34.802Z] Checked if tokens are valid: true, expires at: 1764789425255
[debug] [2025-12-03T18:52:34.802Z] >>> [apiv2][query] GET https://artifactregistry.googleapis.com/v1/projects/glucose-goose/locations/us-central1/repositories/gcf-artifacts [none]
[debug] [2025-12-03T18:52:35.820Z] <<< [apiv2][status] GET https://artifactregistry.googleapis.com/v1/projects/glucose-goose/locations/us-central1/repositories/gcf-artifacts 200
[debug] [2025-12-03T18:52:35.821Z] <<< [apiv2][body] GET https://artifactregistry.googleapis.com/v1/projects/glucose-goose/locations/us-central1/repositories/gcf-artifacts {"name":"projects/glucose-goose/locations/us-central1/repositories/gcf-artifacts","format":"DOCKER","description":"This repository is created and used by Cloud Functions for storing function docker images.","labels":{"goog-managed-by":"cloudfunctions"},"createTime":"2025-11-24T21:30:11.745693Z","updateTime":"2025-12-03T18:52:13.676323Z","mode":"STANDARD_REPOSITORY","cleanupPolicies":{"firebase-functions-cleanup":{"id":"firebase-functions-cleanup","action":"DELETE","condition":{"tagState":"ANY","olderThan":"86400s"}}},"sizeBytes":"173015473","vulnerabilityScanningConfig":{"lastEnableTime":"2025-11-24T21:30:03.295976032Z","enablementState":"SCANNING_DISABLED","enablementStateReason":"API containerscanning.googleapis.com is not enabled."},"satisfiesPzi":true,"registryUri":"us-central1-docker.pkg.dev/glucose-goose/gcf-artifacts"}
[debug] [2025-12-03T18:52:35.822Z] Functions deploy failed.
[debug] [2025-12-03T18:52:35.823Z] {
  "endpoint": {
    "id": "addTreatment",
    "project": "glucose-goose",
    "region": "us-central1",
    "entryPoint": "addTreatment",
    "platform": "gcfv2",
    "runtime": "nodejs24",
    "httpsTrigger": {},
    "labels": {
      "deployment-tool": "cli-firebase"
    },
    "serviceAccount": null,
    "ingressSettings": null,
    "availableMemoryMb": null,
    "timeoutSeconds": null,
    "maxInstances": null,
    "minInstances": null,
    "concurrency": 80,
    "vpc": null,
    "environmentVariables": {
      "FIREBASE_CONFIG": "{\"projectId\":\"glucose-goose\",\"storageBucket\":\"glucose-goose.firebasestorage.app\"}",
      "GCLOUD_PROJECT": "glucose-goose",
      "EVENTARC_CLOUD_EVENT_SOURCE": "projects/glucose-goose/locations/us-central1/services/addTreatment",
      "FUNCTION_TARGET": "addTreatment",
      "LOG_EXECUTION_ID": "true",
      "FUNCTION_SIGNATURE_TYPE": "http"
    },
    "codebase": "default",
    "runServiceId": "addtreatment",
    "cpu": 1,
    "securityLevel": "SECURE_ALWAYS",
    "targetedByOnly": false,
    "hash": "91b398480f89e08511a9b562cf02fe3c181037bd"
  },
  "op": "update",
  "original": {
    "name": "FirebaseError",
    "children": [],
    "exit": 1,
    "message": "Could not create or update Cloud Run service addtreatment, Container Healthcheck failed. The user-provided container failed to start and listen on the port defined provided by the PORT=8080 environment variable within the allocated timeout. This can happen when the container port is misconfigured or if the timeout is too short. The health check timeout can be extended. Logs for this revision might contain more information.\n\nLogs URL: https://console.cloud.google.com/logs/viewer?project=glucose-goose&resource=cloud_run_revision/service_name/addtreatment/revision_name/addtreatment-00024-vud&advancedFilter=resource.type%3D%22cloud_run_revision%22%0Aresource.labels.service_name%3D%22addtreatment%22%0Aresource.labels.revision_name%3D%22addtreatment-00024-vud%22 \nFor more troubleshooting guidance, see https://cloud.google.com/run/docs/troubleshooting#container-failed-to-start",
    "original": {
      "code": 3,
      "message": "Could not create or update Cloud Run service addtreatment, Container Healthcheck failed. The user-provided container failed to start and listen on the port defined provided by the PORT=8080 environment variable within the allocated timeout. This can happen when the container port is misconfigured or if the timeout is too short. The health check timeout can be extended. Logs for this revision might contain more information.\n\nLogs URL: https://console.cloud.google.com/logs/viewer?project=glucose-goose&resource=cloud_run_revision/service_name/addtreatment/revision_name/addtreatment-00024-vud&advancedFilter=resource.type%3D%22cloud_run_revision%22%0Aresource.labels.service_name%3D%22addtreatment%22%0Aresource.labels.revision_name%3D%22addtreatment-00024-vud%22 \nFor more troubleshooting guidance, see https://cloud.google.com/run/docs/troubleshooting#container-failed-to-start"
    },
    "status": 3,
    "code": 3
  }
}
[debug] [2025-12-03T18:52:35.824Z] {
  "endpoint": {
    "id": "updateTreatment",
    "project": "glucose-goose",
    "region": "us-central1",
    "entryPoint": "updateTreatment",
    "platform": "gcfv2",
    "runtime": "nodejs24",
    "httpsTrigger": {},
    "labels": {
      "deployment-tool": "cli-firebase"
    },
    "serviceAccount": null,
    "ingressSettings": null,
    "availableMemoryMb": null,
    "timeoutSeconds": null,
    "maxInstances": null,
    "minInstances": null,
    "concurrency": 80,
    "vpc": null,
    "environmentVariables": {
      "FIREBASE_CONFIG": "{\"projectId\":\"glucose-goose\",\"storageBucket\":\"glucose-goose.firebasestorage.app\"}",
      "GCLOUD_PROJECT": "glucose-goose",
      "EVENTARC_CLOUD_EVENT_SOURCE": "projects/glucose-goose/locations/us-central1/services/updateTreatment",
      "FUNCTION_TARGET": "updateTreatment",
      "LOG_EXECUTION_ID": "true",
      "FUNCTION_SIGNATURE_TYPE": "http"
    },
    "codebase": "default",
    "runServiceId": "updatetreatment",
    "cpu": 1,
    "securityLevel": "SECURE_ALWAYS",
    "targetedByOnly": false,
    "hash": "91b398480f89e08511a9b562cf02fe3c181037bd"
  },
  "op": "update",
  "original": {
    "name": "FirebaseError",
    "children": [],
    "exit": 1,
    "message": "Could not create or update Cloud Run service updatetreatment, Container Healthcheck failed. Revision 'updatetreatment-00017-qey' is not ready and cannot serve traffic. The user-provided container failed to start and listen on the port defined provided by the PORT=8080 environment variable within the allocated timeout. This can happen when the container port is misconfigured or if the timeout is too short. The health check timeout can be extended. Logs for this revision might contain more information.\n\nLogs URL: https://console.cloud.google.com/logs/viewer?project=glucose-goose&resource=cloud_run_revision/service_name/updatetreatment/revision_name/updatetreatment-00017-qey&advancedFilter=resource.type%3D%22cloud_run_revision%22%0Aresource.labels.service_name%3D%22updatetreatment%22%0Aresource.labels.revision_name%3D%22updatetreatment-00017-qey%22 \nFor more troubleshooting guidance, see https://cloud.google.com/run/docs/troubleshooting#container-failed-to-start",
    "original": {
      "code": 3,
      "message": "Could not create or update Cloud Run service updatetreatment, Container Healthcheck failed. Revision 'updatetreatment-00017-qey' is not ready and cannot serve traffic. The user-provided container failed to start and listen on the port defined provided by the PORT=8080 environment variable within the allocated timeout. This can happen when the container port is misconfigured or if the timeout is too short. The health check timeout can be extended. Logs for this revision might contain more information.\n\nLogs URL: https://console.cloud.google.com/logs/viewer?project=glucose-goose&resource=cloud_run_revision/service_name/updatetreatment/revision_name/updatetreatment-00017-qey&advancedFilter=resource.type%3D%22cloud_run_revision%22%0Aresource.labels.service_name%3D%22updatetreatment%22%0Aresource.labels.revision_name%3D%22updatetreatment-00017-qey%22 \nFor more troubleshooting guidance, see https://cloud.google.com/run/docs/troubleshooting#container-failed-to-start"
    },
    "status": 3,
    "code": 3
  }
}
[debug] [2025-12-03T18:52:35.824Z] {
  "endpoint": {
    "id": "getNightscoutBundle",
    "project": "glucose-goose",
    "region": "us-central1",
    "entryPoint": "getNightscoutBundle",
    "platform": "gcfv2",
    "runtime": "nodejs24",
    "httpsTrigger": {},
    "labels": {
      "deployment-tool": "cli-firebase"
    },
    "serviceAccount": null,
    "ingressSettings": null,
    "availableMemoryMb": null,
    "timeoutSeconds": null,
    "maxInstances": null,
    "minInstances": null,
    "concurrency": 80,
    "vpc": null,
    "environmentVariables": {
      "FIREBASE_CONFIG": "{\"projectId\":\"glucose-goose\",\"storageBucket\":\"glucose-goose.firebasestorage.app\"}",
      "GCLOUD_PROJECT": "glucose-goose",
      "EVENTARC_CLOUD_EVENT_SOURCE": "projects/glucose-goose/locations/us-central1/services/getNightscoutBundle",
      "FUNCTION_TARGET": "getNightscoutBundle",
      "LOG_EXECUTION_ID": "true",
      "FUNCTION_SIGNATURE_TYPE": "http"
    },
    "codebase": "default",
    "runServiceId": "getnightscoutbundle",
    "cpu": 1,
    "securityLevel": "SECURE_ALWAYS",
    "targetedByOnly": false,
    "hash": "91b398480f89e08511a9b562cf02fe3c181037bd"
  },
  "op": "update",
  "original": {
    "name": "FirebaseError",
    "children": [],
    "exit": 1,
    "message": "Could not create or update Cloud Run service getnightscoutbundle, Container Healthcheck failed. The user-provided container failed to start and listen on the port defined provided by the PORT=8080 environment variable within the allocated timeout. This can happen when the container port is misconfigured or if the timeout is too short. The health check timeout can be extended. Logs for this revision might contain more information.\n\nLogs URL: https://console.cloud.google.com/logs/viewer?project=glucose-goose&resource=cloud_run_revision/service_name/getnightscoutbundle/revision_name/getnightscoutbundle-00026-vuc&advancedFilter=resource.type%3D%22cloud_run_revision%22%0Aresource.labels.service_name%3D%22getnightscoutbundle%22%0Aresource.labels.revision_name%3D%22getnightscoutbundle-00026-vuc%22 \nFor more troubleshooting guidance, see https://cloud.google.com/run/docs/troubleshooting#container-failed-to-start",
    "original": {
      "code": 3,
      "message": "Could not create or update Cloud Run service getnightscoutbundle, Container Healthcheck failed. The user-provided container failed to start and listen on the port defined provided by the PORT=8080 environment variable within the allocated timeout. This can happen when the container port is misconfigured or if the timeout is too short. The health check timeout can be extended. Logs for this revision might contain more information.\n\nLogs URL: https://console.cloud.google.com/logs/viewer?project=glucose-goose&resource=cloud_run_revision/service_name/getnightscoutbundle/revision_name/getnightscoutbundle-00026-vuc&advancedFilter=resource.type%3D%22cloud_run_revision%22%0Aresource.labels.service_name%3D%22getnightscoutbundle%22%0Aresource.labels.revision_name%3D%22getnightscoutbundle-00026-vuc%22 \nFor more troubleshooting guidance, see https://cloud.google.com/run/docs/troubleshooting#container-failed-to-start"
    },
    "status": 3,
    "code": 3
  }
}
[debug] [2025-12-03T18:52:35.825Z] {
  "endpoint": {
    "id": "deleteTreatment",
    "project": "glucose-goose",
    "region": "us-central1",
    "entryPoint": "deleteTreatment",
    "platform": "gcfv2",
    "runtime": "nodejs24",
    "httpsTrigger": {},
    "labels": {
      "deployment-tool": "cli-firebase"
    },
    "serviceAccount": null,
    "ingressSettings": null,
    "availableMemoryMb": null,
    "timeoutSeconds": null,
    "maxInstances": null,
    "minInstances": null,
    "concurrency": 80,
    "vpc": null,
    "environmentVariables": {
      "FIREBASE_CONFIG": "{\"projectId\":\"glucose-goose\",\"storageBucket\":\"glucose-goose.firebasestorage.app\"}",
      "GCLOUD_PROJECT": "glucose-goose",
      "EVENTARC_CLOUD_EVENT_SOURCE": "projects/glucose-goose/locations/us-central1/services/deleteTreatment",
      "FUNCTION_TARGET": "deleteTreatment",
      "LOG_EXECUTION_ID": "true",
      "FUNCTION_SIGNATURE_TYPE": "http"
    },
    "codebase": "default",
    "runServiceId": "deletetreatment",
    "cpu": 1,
    "securityLevel": "SECURE_ALWAYS",
    "targetedByOnly": false,
    "hash": "91b398480f89e08511a9b562cf02fe3c181037bd"
  },
  "op": "update",
  "original": {
    "name": "FirebaseError",
    "children": [],
    "exit": 1,
    "message": "Could not create or update Cloud Run service deletetreatment, Container Healthcheck failed. The user-provided container failed to start and listen on the port defined provided by the PORT=8080 environment variable within the allocated timeout. This can happen when the container port is misconfigured or if the timeout is too short. The health check timeout can be extended. Logs for this revision might contain more information.\n\nLogs URL: https://console.cloud.google.com/logs/viewer?project=glucose-goose&resource=cloud_run_revision/service_name/deletetreatment/revision_name/deletetreatment-00011-dej&advancedFilter=resource.type%3D%22cloud_run_revision%22%0Aresource.labels.service_name%3D%22deletetreatment%22%0Aresource.labels.revision_name%3D%22deletetreatment-00011-dej%22 \nFor more troubleshooting guidance, see https://cloud.google.com/run/docs/troubleshooting#container-failed-to-start",
    "original": {
      "code": 3,
      "message": "Could not create or update Cloud Run service deletetreatment, Container Healthcheck failed. The user-provided container failed to start and listen on the port defined provided by the PORT=8080 environment variable within the allocated timeout. This can happen when the container port is misconfigured or if the timeout is too short. The health check timeout can be extended. Logs for this revision might contain more information.\n\nLogs URL: https://console.cloud.google.com/logs/viewer?project=glucose-goose&resource=cloud_run_revision/service_name/deletetreatment/revision_name/deletetreatment-00011-dej&advancedFilter=resource.type%3D%22cloud_run_revision%22%0Aresource.labels.service_name%3D%22deletetreatment%22%0Aresource.labels.revision_name%3D%22deletetreatment-00011-dej%22 \nFor more troubleshooting guidance, see https://cloud.google.com/run/docs/troubleshooting#container-failed-to-start"
    },
    "status": 3,
    "code": 3
  }
}
[debug] [2025-12-03T18:52:35.826Z] {
  "endpoint": {
    "id": "simulateGlucose",
    "project": "glucose-goose",
    "region": "us-central1",
    "entryPoint": "simulateGlucose",
    "platform": "gcfv2",
    "runtime": "nodejs24",
    "scheduleTrigger": {
      "schedule": "every 5 minutes",
      "timeZone": null,
      "retryConfig": {}
    },
    "labels": {
      "deployment-tool": "cli-firebase"
    },
    "secretEnvironmentVariables": [
      {
        "key": "NIGHTSCOUT_API_SECRET",
        "secret": "NIGHTSCOUT_API_SECRET",
        "projectId": "glucose-goose",
        "version": "2"
      },
      {
        "key": "NIGHTSCOUT_URL",
        "secret": "NIGHTSCOUT_URL",
        "projectId": "glucose-goose",
        "version": "1"
      }
    ],
    "serviceAccount": null,
    "ingressSettings": null,
    "availableMemoryMb": null,
    "timeoutSeconds": null,
    "maxInstances": null,
    "minInstances": null,
    "concurrency": 80,
    "vpc": null,
    "environmentVariables": {
      "FIREBASE_CONFIG": "{\"projectId\":\"glucose-goose\",\"storageBucket\":\"glucose-goose.firebasestorage.app\"}",
      "GCLOUD_PROJECT": "glucose-goose",
      "EVENTARC_CLOUD_EVENT_SOURCE": "projects/glucose-goose/locations/us-central1/services/simulateGlucose",
      "FUNCTION_TARGET": "simulateGlucose",
      "LOG_EXECUTION_ID": "true",
      "FUNCTION_SIGNATURE_TYPE": "http"
    },
    "codebase": "default",
    "runServiceId": "simulateglucose",
    "cpu": 1,
    "securityLevel": "SECURE_ALWAYS",
    "targetedByOnly": false,
    "hash": "55644f99d253950dc78f8082fd3954898b17cf74"
  },
  "op": "update",
  "original": {
    "name": "FirebaseError",
    "children": [],
    "exit": 1,
    "message": "Could not create or update Cloud Run service simulateglucose, Container Healthcheck failed. The user-provided container failed to start and listen on the port defined provided by the PORT=8080 environment variable within the allocated timeout. This can happen when the container port is misconfigured or if the timeout is too short. The health check timeout can be extended. Logs for this revision might contain more information.\n\nLogs URL: https://console.cloud.google.com/logs/viewer?project=glucose-goose&resource=cloud_run_revision/service_name/simulateglucose/revision_name/simulateglucose-00006-caj&advancedFilter=resource.type%3D%22cloud_run_revision%22%0Aresource.labels.service_name%3D%22simulateglucose%22%0Aresource.labels.revision_name%3D%22simulateglucose-00006-caj%22 \nFor more troubleshooting guidance, see https://cloud.google.com/run/docs/troubleshooting#container-failed-to-start",
    "original": {
      "code": 3,
      "message": "Could not create or update Cloud Run service simulateglucose, Container Healthcheck failed. The user-provided container failed to start and listen on the port defined provided by the PORT=8080 environment variable within the allocated timeout. This can happen when the container port is misconfigured or if the timeout is too short. The health check timeout can be extended. Logs for this revision might contain more information.\n\nLogs URL: https://console.cloud.google.com/logs/viewer?project=glucose-goose&resource=cloud_run_revision/service_name/simulateglucose/revision_name/simulateglucose-00006-caj&advancedFilter=resource.type%3D%22cloud_run_revision%22%0Aresource.labels.service_name%3D%22simulateglucose%22%0Aresource.labels.revision_name%3D%22simulateglucose-00006-caj%22 \nFor more troubleshooting guidance, see https://cloud.google.com/run/docs/troubleshooting#container-failed-to-start"
    },
    "status": 3,
    "code": 3
  }
}
[error] Error: There was an error deploying functions:
[error] - Error Failed to update function addTreatment in region us-central1
[error] - Error Failed to update function updateTreatment in region us-central1
[error] - Error Failed to update function getNightscoutBundle in region us-central1
[error] - Error Failed to update function deleteTreatment in region us-central1
[error] - Error Failed to update function simulateGlucose in region us-central1
