[debug] [2026-02-08T18:29:53.753Z] ----------------------------------------------------------------------
[debug] [2026-02-08T18:29:53.758Z] Command:       /home/nika/.nvm/versions/node/v22.20.0/bin/node /home/nika/.nvm/versions/node/v22.20.0/bin/firebase deploy --only functions
[debug] [2026-02-08T18:29:53.759Z] CLI Version:   15.0.0
[debug] [2026-02-08T18:29:53.759Z] Platform:      linux
[debug] [2026-02-08T18:29:53.760Z] Node Version:  v22.20.0
[debug] [2026-02-08T18:29:53.760Z] Time:          Sun Feb 08 2026 19:29:53 GMT+0100 (Central European Standard Time)
[debug] [2026-02-08T18:29:53.761Z] ----------------------------------------------------------------------
[debug] 
[debug] [2026-02-08T18:29:55.514Z] > command requires scopes: ["email","openid","https://www.googleapis.com/auth/cloudplatformprojects.readonly","https://www.googleapis.com/auth/firebase","https://www.googleapis.com/auth/cloud-platform"]
[debug] [2026-02-08T18:29:55.515Z] > authorizing via signed-in user (lililalalelelo@gmail.com)
[debug] [2026-02-08T18:29:55.515Z] [iam] checking project glucose-goose for permissions ["cloudfunctions.functions.create","cloudfunctions.functions.delete","cloudfunctions.functions.get","cloudfunctions.functions.list","cloudfunctions.functions.update","cloudfunctions.operations.get","firebase.projects.get"]
[debug] [2026-02-08T18:29:55.517Z] Checked if tokens are valid: true, expires at: 1770577582146
[debug] [2026-02-08T18:29:55.517Z] Checked if tokens are valid: true, expires at: 1770577582146
[debug] [2026-02-08T18:29:55.519Z] >>> [apiv2][query] POST https://cloudresourcemanager.googleapis.com/v1/projects/glucose-goose:testIamPermissions [none]
[debug] [2026-02-08T18:29:55.519Z] >>> [apiv2][(partial)header] POST https://cloudresourcemanager.googleapis.com/v1/projects/glucose-goose:testIamPermissions x-goog-quota-user=projects/glucose-goose
[debug] [2026-02-08T18:29:55.519Z] >>> [apiv2][body] POST https://cloudresourcemanager.googleapis.com/v1/projects/glucose-goose:testIamPermissions {"permissions":["cloudfunctions.functions.create","cloudfunctions.functions.delete","cloudfunctions.functions.get","cloudfunctions.functions.list","cloudfunctions.functions.update","cloudfunctions.operations.get","firebase.projects.get"]}
[debug] [2026-02-08T18:29:56.863Z] <<< [apiv2][status] POST https://cloudresourcemanager.googleapis.com/v1/projects/glucose-goose:testIamPermissions 200
[debug] [2026-02-08T18:29:56.864Z] <<< [apiv2][body] POST https://cloudresourcemanager.googleapis.com/v1/projects/glucose-goose:testIamPermissions {"permissions":["cloudfunctions.functions.create","cloudfunctions.functions.delete","cloudfunctions.functions.get","cloudfunctions.functions.list","cloudfunctions.functions.update","cloudfunctions.operations.get","firebase.projects.get"]}
[debug] [2026-02-08T18:29:56.865Z] Checked if tokens are valid: true, expires at: 1770577582146
[debug] [2026-02-08T18:29:56.865Z] Checked if tokens are valid: true, expires at: 1770577582146
[debug] [2026-02-08T18:29:56.865Z] >>> [apiv2][query] POST https://iam.googleapis.com/v1/projects/glucose-goose/serviceAccounts/glucose-goose@appspot.gserviceaccount.com:testIamPermissions [none]
[debug] [2026-02-08T18:29:56.865Z] >>> [apiv2][body] POST https://iam.googleapis.com/v1/projects/glucose-goose/serviceAccounts/glucose-goose@appspot.gserviceaccount.com:testIamPermissions {"permissions":["iam.serviceAccounts.actAs"]}
[debug] [2026-02-08T18:29:58.000Z] <<< [apiv2][status] POST https://iam.googleapis.com/v1/projects/glucose-goose/serviceAccounts/glucose-goose@appspot.gserviceaccount.com:testIamPermissions 200
[debug] [2026-02-08T18:29:58.001Z] <<< [apiv2][body] POST https://iam.googleapis.com/v1/projects/glucose-goose/serviceAccounts/glucose-goose@appspot.gserviceaccount.com:testIamPermissions {"permissions":["iam.serviceAccounts.actAs"]}
[info] 
[info] === Deploying to 'glucose-goose'...
[info] 
[info] i  deploying functions 
[info] Running command: npm --prefix "$RESOURCE_DIR" run lint
[info] ✔  functions: Finished running predeploy script. 
[debug] [2026-02-08T18:29:59.069Z] Checked if tokens are valid: true, expires at: 1770577582146
[debug] [2026-02-08T18:29:59.070Z] Checked if tokens are valid: true, expires at: 1770577582146
[debug] [2026-02-08T18:29:59.070Z] >>> [apiv2][query] GET https://cloudresourcemanager.googleapis.com/v1/projects/glucose-goose [none]
[debug] [2026-02-08T18:29:59.354Z] <<< [apiv2][status] GET https://cloudresourcemanager.googleapis.com/v1/projects/glucose-goose 200
[debug] [2026-02-08T18:29:59.354Z] <<< [apiv2][body] GET https://cloudresourcemanager.googleapis.com/v1/projects/glucose-goose {"projectNumber":"101841828420","projectId":"glucose-goose","lifecycleState":"ACTIVE","name":"glucose-goose","labels":{"firebase":"enabled","firebase-core":"disabled"},"createTime":"2025-11-22T18:17:16.975353Z"}
[info] i  functions: preparing codebase default for deployment 
[info] i  functions: ensuring required API cloudfunctions.googleapis.com is enabled... 
[info] i  functions: ensuring required API cloudbuild.googleapis.com is enabled... 
[info] i  artifactregistry: ensuring required API artifactregistry.googleapis.com is enabled... 
[debug] [2026-02-08T18:29:59.361Z] Checked if tokens are valid: true, expires at: 1770577582146
[debug] [2026-02-08T18:29:59.362Z] Checked if tokens are valid: true, expires at: 1770577582146
[debug] [2026-02-08T18:29:59.362Z] >>> [apiv2][query] GET https://firebase.googleapis.com/v1beta1/projects/glucose-goose/adminSdkConfig [none]
[debug] [2026-02-08T18:30:00.237Z] <<< [apiv2][status] GET https://firebase.googleapis.com/v1beta1/projects/glucose-goose/adminSdkConfig 200
[debug] [2026-02-08T18:30:00.237Z] <<< [apiv2][body] GET https://firebase.googleapis.com/v1beta1/projects/glucose-goose/adminSdkConfig {"projectId":"glucose-goose","storageBucket":"glucose-goose.firebasestorage.app"}
[debug] [2026-02-08T18:30:00.239Z] Validating nodejs source
[warn] ⚠  functions: package.json indicates an outdated version of firebase-functions. Please upgrade using npm install --save firebase-functions@latest in your functions directory. 
[debug] [2026-02-08T18:30:02.100Z] > [functions] package.json contents: {
  "name": "functions",
  "description": "Cloud Functions for Firebase",
  "scripts": {
    "lint": "eslint .",
    "serve": "firebase emulators:start --only functions",
    "shell": "firebase functions:shell",
    "start": "npm run shell",
    "deploy": "firebase deploy --only functions",
    "logs": "firebase functions:log"
  },
  "engines": {
    "node": "24"
  },
  "main": "index.ts",
  "dependencies": {
    "cors": "^2.8.5",
    "firebase-admin": "^13.6.0",
    "firebase-functions": "^7.0.0"
  },
  "devDependencies": {
    "@types/node-fetch": "^2.6.13",
    "eslint": "^8.15.0",
    "eslint-config-google": "^0.14.0",
    "firebase-functions-test": "^3.4.1"
  },
  "private": true
}
[debug] [2026-02-08T18:30:02.101Z] Building nodejs source
[info] i  functions: Loading and analyzing source code for codebase default to determine what to deploy 
[debug] [2026-02-08T18:30:02.102Z] Could not find functions.yaml. Must use http discovery
[debug] [2026-02-08T18:30:02.110Z] Found firebase-functions binary at '/home/nika/Desktop/projects/GlucoseGoose/functions/node_modules/.bin/firebase-functions'
[info] Serving at port 8699

[debug] [2026-02-08T18:30:03.078Z] Got response from /__/functions.yaml {"endpoints":{"analyzeMeal":{"availableMemoryMb":null,"timeoutSeconds":null,"minInstances":null,"maxInstances":null,"ingressSettings":null,"concurrency":null,"serviceAccountEmail":null,"vpc":null,"platform":"gcfv2","labels":{},"httpsTrigger":{},"entryPoint":"analyzeMeal"},"getEmailFromUsername":{"availableMemoryMb":null,"timeoutSeconds":null,"minInstances":null,"maxInstances":null,"ingressSettings":null,"concurrency":null,"serviceAccountEmail":null,"vpc":null,"platform":"gcfv2","labels":{},"httpsTrigger":{},"entryPoint":"getEmailFromUsername"},"nightscoutAlertsEvery5Min":{"availableMemoryMb":512,"timeoutSeconds":540,"minInstances":null,"maxInstances":null,"ingressSettings":null,"concurrency":null,"serviceAccountEmail":null,"vpc":null,"platform":"gcfv2","labels":{},"scheduleTrigger":{"schedule":"every 5 minutes","retryConfig":{},"timeZone":"Europe/Warsaw"},"entryPoint":"nightscoutAlertsEvery5Min"},"simulateGlucose":{"availableMemoryMb":null,"timeoutSeconds":null,"minInstances":null,"maxInstances":null,"ingressSettings":null,"concurrency":null,"serviceAccountEmail":null,"vpc":null,"platform":"gcfv2","labels":{},"scheduleTrigger":{"schedule":"every 5 minutes","retryConfig":{}},"entryPoint":"simulateGlucose"}},"specVersion":"v1alpha1","requiredAPIs":[{"api":"cloudscheduler.googleapis.com","reason":"Needed for scheduled functions."}],"extensions":{}}
[info] i  extensions: ensuring required API firebaseextensions.googleapis.com is enabled... 
[debug] [2026-02-08T18:30:07.142Z] > command requires scopes: ["email","openid","https://www.googleapis.com/auth/cloudplatformprojects.readonly","https://www.googleapis.com/auth/firebase","https://www.googleapis.com/auth/cloud-platform"]
[debug] [2026-02-08T18:30:07.143Z] > authorizing via signed-in user (lililalalelelo@gmail.com)
[debug] [2026-02-08T18:30:07.143Z] [iam] checking project glucose-goose for permissions ["firebase.projects.get","firebaseextensions.instances.list"]
[debug] [2026-02-08T18:30:07.143Z] Checked if tokens are valid: true, expires at: 1770577582146
[debug] [2026-02-08T18:30:07.143Z] Checked if tokens are valid: true, expires at: 1770577582146
[debug] [2026-02-08T18:30:07.143Z] >>> [apiv2][query] POST https://cloudresourcemanager.googleapis.com/v1/projects/glucose-goose:testIamPermissions [none]
[debug] [2026-02-08T18:30:07.144Z] >>> [apiv2][(partial)header] POST https://cloudresourcemanager.googleapis.com/v1/projects/glucose-goose:testIamPermissions x-goog-quota-user=projects/glucose-goose
[debug] [2026-02-08T18:30:07.144Z] >>> [apiv2][body] POST https://cloudresourcemanager.googleapis.com/v1/projects/glucose-goose:testIamPermissions {"permissions":["firebase.projects.get","firebaseextensions.instances.list"]}
[debug] [2026-02-08T18:30:08.197Z] <<< [apiv2][status] POST https://cloudresourcemanager.googleapis.com/v1/projects/glucose-goose:testIamPermissions 200
[debug] [2026-02-08T18:30:08.197Z] <<< [apiv2][body] POST https://cloudresourcemanager.googleapis.com/v1/projects/glucose-goose:testIamPermissions {"permissions":["firebase.projects.get","firebaseextensions.instances.list"]}
[debug] [2026-02-08T18:30:08.198Z] Checked if tokens are valid: true, expires at: 1770577582146
[debug] [2026-02-08T18:30:08.198Z] Checked if tokens are valid: true, expires at: 1770577582146
[debug] [2026-02-08T18:30:08.198Z] >>> [apiv2][query] GET https://firebaseextensions.googleapis.com/v1beta/projects/glucose-goose/instances pageSize=100&pageToken=
[debug] [2026-02-08T18:30:09.406Z] <<< [apiv2][status] GET https://firebaseextensions.googleapis.com/v1beta/projects/glucose-goose/instances 200
[debug] [2026-02-08T18:30:09.407Z] <<< [apiv2][body] GET https://firebaseextensions.googleapis.com/v1beta/projects/glucose-goose/instances {}
[info] i  functions: preparing functions directory for uploading... 
[info] i  functions: packaged /home/nika/Desktop/projects/GlucoseGoose/functions (85.55 KB) for uploading 
[debug] [2026-02-08T18:30:09.493Z] Checked if tokens are valid: true, expires at: 1770577582146
[debug] [2026-02-08T18:30:09.493Z] Checked if tokens are valid: true, expires at: 1770577582146
[debug] [2026-02-08T18:30:09.493Z] >>> [apiv2][query] GET https://cloudfunctions.googleapis.com/v1/projects/glucose-goose/locations/-/functions [none]
[debug] [2026-02-08T18:30:10.462Z] <<< [apiv2][status] GET https://cloudfunctions.googleapis.com/v1/projects/glucose-goose/locations/-/functions 200
[debug] [2026-02-08T18:30:10.463Z] <<< [apiv2][body] GET https://cloudfunctions.googleapis.com/v1/projects/glucose-goose/locations/-/functions {}
[debug] [2026-02-08T18:30:10.464Z] Checked if tokens are valid: true, expires at: 1770577582146
[debug] [2026-02-08T18:30:10.464Z] Checked if tokens are valid: true, expires at: 1770577582146
[debug] [2026-02-08T18:30:10.465Z] >>> [apiv2][query] GET https://cloudfunctions.googleapis.com/v2/projects/glucose-goose/locations/-/functions filter=environment%3D%22GEN_2%22
[debug] [2026-02-08T18:30:11.273Z] <<< [apiv2][status] GET https://cloudfunctions.googleapis.com/v2/projects/glucose-goose/locations/-/functions 200
[debug] [2026-02-08T18:30:11.274Z] <<< [apiv2][body] GET https://cloudfunctions.googleapis.com/v2/projects/glucose-goose/locations/-/functions {"functions":[{"name":"projects/glucose-goose/locations/us-central1/functions/analyzeMeal","buildConfig":{"build":"projects/101841828420/locations/us-central1/builds/ed1c7883-c8d5-4c5a-b47a-fb43d5c1c067","runtime":"nodejs24","entryPoint":"analyzeMeal","source":{"storageSource":{"bucket":"gcf-v2-sources-101841828420-us-central1","object":"analyzeMeal/function-source.zip","generation":"1770574006268164"}},"environmentVariables":{"GOOGLE_NODE_RUN_SCRIPTS":""},"dockerRepository":"projects/glucose-goose/locations/us-central1/repositories/gcf-artifacts","sourceProvenance":{"resolvedStorageSource":{"bucket":"gcf-v2-sources-101841828420-us-central1","object":"analyzeMeal/function-source.zip","generation":"1770574006268164"}},"dockerRegistry":"ARTIFACT_REGISTRY","serviceAccount":"projects/glucose-goose/serviceAccounts/101841828420-compute@developer.gserviceaccount.com","automaticUpdatePolicy":{}},"serviceConfig":{"service":"projects/glucose-goose/locations/us-central1/services/analyzemeal","timeoutSeconds":60,"environmentVariables":{"FIREBASE_CONFIG":"{\"projectId\":\"glucose-goose\",\"storageBucket\":\"glucose-goose.firebasestorage.app\"}","GCLOUD_PROJECT":"glucose-goose","EVENTARC_CLOUD_EVENT_SOURCE":"projects/glucose-goose/locations/us-central1/services/analyzeMeal","FUNCTION_TARGET":"analyzeMeal","LOG_EXECUTION_ID":"true"},"maxInstanceCount":20,"ingressSettings":"ALLOW_ALL","uri":"https://analyzemeal-ft7us77rra-uc.a.run.app","serviceAccountEmail":"101841828420-compute@developer.gserviceaccount.com","availableMemory":"256Mi","allTrafficOnLatestRevision":true,"secretEnvironmentVariables":[{"key":"GEMINI_API_KEY","projectId":"glucose-goose","secret":"GEMINI_API_KEY","version":"3"}],"revision":"analyzemeal-00032-teh","maxInstanceRequestConcurrency":80,"availableCpu":"1"},"state":"ACTIVE","updateTime":"2026-02-08T18:07:41.067762752Z","labels":{"deployment-tool":"cli-firebase","firebase-functions-hash":"79adcf44c3e676a59a9ad8d3626b0a21bdef4acb"},"environment":"GEN_2","url":"https://us-central1-glucose-goose.cloudfunctions.net/analyzeMeal","createTime":"2025-12-05T18:41:47.443265194Z","satisfiesPzi":true},{"name":"projects/glucose-goose/locations/us-central1/functions/nightscoutAlertsEvery5Min","buildConfig":{"build":"projects/101841828420/locations/us-central1/builds/938b0632-f9a7-469e-bb0a-858869993b7a","runtime":"nodejs24","entryPoint":"nightscoutAlertsEvery5Min","source":{"storageSource":{"bucket":"gcf-v2-sources-101841828420-us-central1","object":"nightscoutAlertsEvery5Min/function-source.zip","generation":"1770574006439038"}},"environmentVariables":{"GOOGLE_NODE_RUN_SCRIPTS":""},"dockerRepository":"projects/glucose-goose/locations/us-central1/repositories/gcf-artifacts","sourceProvenance":{"resolvedStorageSource":{"bucket":"gcf-v2-sources-101841828420-us-central1","object":"nightscoutAlertsEvery5Min/function-source.zip","generation":"1770574006439038"}},"dockerRegistry":"ARTIFACT_REGISTRY","serviceAccount":"projects/glucose-goose/serviceAccounts/101841828420-compute@developer.gserviceaccount.com","automaticUpdatePolicy":{}},"serviceConfig":{"service":"projects/glucose-goose/locations/us-central1/services/nightscoutalertsevery5min","timeoutSeconds":540,"environmentVariables":{"FIREBASE_CONFIG":"{\"projectId\":\"glucose-goose\",\"storageBucket\":\"glucose-goose.firebasestorage.app\"}","GCLOUD_PROJECT":"glucose-goose","EVENTARC_CLOUD_EVENT_SOURCE":"projects/glucose-goose/locations/us-central1/services/nightscoutAlertsEvery5Min","FUNCTION_TARGET":"nightscoutAlertsEvery5Min","LOG_EXECUTION_ID":"true"},"maxInstanceCount":20,"ingressSettings":"ALLOW_ALL","uri":"https://nightscoutalertsevery5min-ft7us77rra-uc.a.run.app","serviceAccountEmail":"101841828420-compute@developer.gserviceaccount.com","availableMemory":"512Mi","allTrafficOnLatestRevision":true,"revision":"nightscoutalertsevery5min-00002-doz","maxInstanceRequestConcurrency":80,"availableCpu":"1"},"state":"ACTIVE","updateTime":"2026-02-08T18:07:39.802168576Z","labels":{"deployment-tool":"cli-firebase","deployment-scheduled":"true","firebase-functions-hash":"79adcf44c3e676a59a9ad8d3626b0a21bdef4acb"},"environment":"GEN_2","url":"https://us-central1-glucose-goose.cloudfunctions.net/nightscoutAlertsEvery5Min","createTime":"2026-02-08T15:40:11.985150036Z","satisfiesPzi":true},{"name":"projects/glucose-goose/locations/us-central1/functions/simulateGlucose","buildConfig":{"build":"projects/101841828420/locations/us-central1/builds/cb641a31-47e0-4e11-99d8-ef6d2708de43","runtime":"nodejs24","entryPoint":"simulateGlucose","source":{"storageSource":{"bucket":"gcf-v2-sources-101841828420-us-central1","object":"simulateGlucose/function-source.zip","generation":"1770574006481717"}},"environmentVariables":{"GOOGLE_NODE_RUN_SCRIPTS":""},"dockerRepository":"projects/glucose-goose/locations/us-central1/repositories/gcf-artifacts","sourceProvenance":{"resolvedStorageSource":{"bucket":"gcf-v2-sources-101841828420-us-central1","object":"simulateGlucose/function-source.zip","generation":"1770574006481717"}},"dockerRegistry":"ARTIFACT_REGISTRY","serviceAccount":"projects/glucose-goose/serviceAccounts/101841828420-compute@developer.gserviceaccount.com","automaticUpdatePolicy":{}},"serviceConfig":{"service":"projects/glucose-goose/locations/us-central1/services/simulateglucose","timeoutSeconds":60,"environmentVariables":{"FIREBASE_CONFIG":"{\"projectId\":\"glucose-goose\",\"storageBucket\":\"glucose-goose.firebasestorage.app\"}","GCLOUD_PROJECT":"glucose-goose","EVENTARC_CLOUD_EVENT_SOURCE":"projects/glucose-goose/locations/us-central1/services/simulateGlucose","FUNCTION_TARGET":"simulateGlucose","LOG_EXECUTION_ID":"true"},"maxInstanceCount":20,"ingressSettings":"ALLOW_ALL","uri":"https://simulateglucose-ft7us77rra-uc.a.run.app","serviceAccountEmail":"101841828420-compute@developer.gserviceaccount.com","availableMemory":"256Mi","allTrafficOnLatestRevision":true,"revision":"simulateglucose-00002-cap","maxInstanceRequestConcurrency":80,"availableCpu":"1"},"state":"ACTIVE","updateTime":"2026-02-08T18:07:41.282397201Z","labels":{"firebase-functions-hash":"79adcf44c3e676a59a9ad8d3626b0a21bdef4acb","deployment-tool":"cli-firebase","deployment-scheduled":"true"},"environment":"GEN_2","url":"https://us-central1-glucose-goose.cloudfunctions.net/simulateGlucose","createTime":"2026-02-08T15:40:11.944080931Z","satisfiesPzi":true},{"name":"projects/glucose-goose/locations/us-central1/functions/getEmailFromUsername","buildConfig":{"build":"projects/101841828420/locations/us-central1/builds/9d5e2601-69e4-4b4e-a6e6-76efda101df9","runtime":"nodejs24","entryPoint":"getEmailFromUsername","source":{"storageSource":{"bucket":"gcf-v2-sources-101841828420-us-central1","object":"getEmailFromUsername/function-source.zip","generation":"1770574006477482"}},"environmentVariables":{"GOOGLE_NODE_RUN_SCRIPTS":""},"dockerRepository":"projects/glucose-goose/locations/us-central1/repositories/gcf-artifacts","sourceProvenance":{"resolvedStorageSource":{"bucket":"gcf-v2-sources-101841828420-us-central1","object":"getEmailFromUsername/function-source.zip","generation":"1770574006477482"}},"dockerRegistry":"ARTIFACT_REGISTRY","serviceAccount":"projects/glucose-goose/serviceAccounts/101841828420-compute@developer.gserviceaccount.com","automaticUpdatePolicy":{}},"serviceConfig":{"service":"projects/glucose-goose/locations/us-central1/services/getemailfromusername","timeoutSeconds":60,"environmentVariables":{"FIREBASE_CONFIG":"{\"projectId\":\"glucose-goose\",\"storageBucket\":\"glucose-goose.firebasestorage.app\"}","GCLOUD_PROJECT":"glucose-goose","EVENTARC_CLOUD_EVENT_SOURCE":"projects/glucose-goose/locations/us-central1/services/getEmailFromUsername","FUNCTION_TARGET":"getEmailFromUsername","LOG_EXECUTION_ID":"true"},"maxInstanceCount":20,"ingressSettings":"ALLOW_ALL","uri":"https://getemailfromusername-ft7us77rra-uc.a.run.app","serviceAccountEmail":"101841828420-compute@developer.gserviceaccount.com","availableMemory":"256Mi","allTrafficOnLatestRevision":true,"revision":"getemailfromusername-00041-qur","maxInstanceRequestConcurrency":80,"availableCpu":"1"},"state":"ACTIVE","updateTime":"2026-02-08T18:07:45.933813278Z","labels":{"firebase-functions-hash":"79adcf44c3e676a59a9ad8d3626b0a21bdef4acb","deployment-tool":"cli-firebase"},"environment":"GEN_2","url":"https://us-central1-glucose-goose.cloudfunctions.net/getEmailFromUsername","createTime":"2025-12-05T17:11:46.570968542Z","satisfiesPzi":true}]}
[info] i  functions: ensuring required API cloudscheduler.googleapis.com is enabled... 
[info] i  functions: ensuring required API run.googleapis.com is enabled... 
[info] i  functions: ensuring required API eventarc.googleapis.com is enabled... 
[info] i  functions: ensuring required API pubsub.googleapis.com is enabled... 
[info] i  functions: ensuring required API storage.googleapis.com is enabled... 
[info] i  functions: generating the service identity for pubsub.googleapis.com... 
[debug] [2026-02-08T18:30:11.281Z] Checked if tokens are valid: true, expires at: 1770577582146
[debug] [2026-02-08T18:30:11.282Z] Checked if tokens are valid: true, expires at: 1770577582146
[info] i  functions: generating the service identity for eventarc.googleapis.com... 
[debug] [2026-02-08T18:30:11.282Z] Checked if tokens are valid: true, expires at: 1770577582146
[debug] [2026-02-08T18:30:11.282Z] Checked if tokens are valid: true, expires at: 1770577582146
[debug] [2026-02-08T18:30:11.282Z] >>> [apiv2][query] POST https://serviceusage.googleapis.com/v1beta1/projects/101841828420/services/pubsub.googleapis.com:generateServiceIdentity [none]
[debug] [2026-02-08T18:30:11.282Z] >>> [apiv2][(partial)header] POST https://serviceusage.googleapis.com/v1beta1/projects/101841828420/services/pubsub.googleapis.com:generateServiceIdentity x-goog-quota-user=projects/101841828420
[debug] [2026-02-08T18:30:11.282Z] >>> [apiv2][body] POST https://serviceusage.googleapis.com/v1beta1/projects/101841828420/services/pubsub.googleapis.com:generateServiceIdentity {}
[debug] [2026-02-08T18:30:11.284Z] >>> [apiv2][query] POST https://serviceusage.googleapis.com/v1beta1/projects/101841828420/services/eventarc.googleapis.com:generateServiceIdentity [none]
[debug] [2026-02-08T18:30:11.284Z] >>> [apiv2][(partial)header] POST https://serviceusage.googleapis.com/v1beta1/projects/101841828420/services/eventarc.googleapis.com:generateServiceIdentity x-goog-quota-user=projects/101841828420
[debug] [2026-02-08T18:30:11.284Z] >>> [apiv2][body] POST https://serviceusage.googleapis.com/v1beta1/projects/101841828420/services/eventarc.googleapis.com:generateServiceIdentity {}
[debug] [2026-02-08T18:30:12.615Z] <<< [apiv2][status] POST https://serviceusage.googleapis.com/v1beta1/projects/101841828420/services/eventarc.googleapis.com:generateServiceIdentity 200
[debug] [2026-02-08T18:30:12.615Z] <<< [apiv2][body] POST https://serviceusage.googleapis.com/v1beta1/projects/101841828420/services/eventarc.googleapis.com:generateServiceIdentity {"name":"operations/finished.DONE_OPERATION","done":true,"response":{"@type":"type.googleapis.com/google.api.serviceusage.v1beta1.ServiceIdentity","email":"service-101841828420@gcp-sa-eventarc.iam.gserviceaccount.com","uniqueId":"102655789524274039934"}}
[debug] [2026-02-08T18:30:12.699Z] <<< [apiv2][status] POST https://serviceusage.googleapis.com/v1beta1/projects/101841828420/services/pubsub.googleapis.com:generateServiceIdentity 200
[debug] [2026-02-08T18:30:12.699Z] <<< [apiv2][body] POST https://serviceusage.googleapis.com/v1beta1/projects/101841828420/services/pubsub.googleapis.com:generateServiceIdentity {"name":"operations/finished.DONE_OPERATION","done":true,"response":{"@type":"type.googleapis.com/google.api.serviceusage.v1beta1.ServiceIdentity","email":"service-101841828420@gcp-sa-pubsub.iam.gserviceaccount.com","uniqueId":"105321100914897376203"}}
[debug] [2026-02-08T18:30:12.703Z] Checked if tokens are valid: true, expires at: 1770577582146
[debug] [2026-02-08T18:30:12.703Z] Checked if tokens are valid: true, expires at: 1770577582146
[debug] [2026-02-08T18:30:12.703Z] >>> [apiv2][query] GET https://cloudresourcemanager.googleapis.com/v1/projects/glucose-goose [none]
[debug] [2026-02-08T18:30:13.010Z] <<< [apiv2][status] GET https://cloudresourcemanager.googleapis.com/v1/projects/glucose-goose 200
[debug] [2026-02-08T18:30:13.010Z] <<< [apiv2][body] GET https://cloudresourcemanager.googleapis.com/v1/projects/glucose-goose {"projectNumber":"101841828420","projectId":"glucose-goose","lifecycleState":"ACTIVE","name":"glucose-goose","labels":{"firebase":"enabled","firebase-core":"disabled"},"createTime":"2025-11-22T18:17:16.975353Z"}
[debug] [2026-02-08T18:30:13.010Z] Checked if tokens are valid: true, expires at: 1770577582146
[debug] [2026-02-08T18:30:13.011Z] Checked if tokens are valid: true, expires at: 1770577582146
[debug] [2026-02-08T18:30:13.011Z] >>> [apiv2][query] GET https://compute.googleapis.com/compute/v1/projects/101841828420 [none]
[debug] [2026-02-08T18:30:13.570Z] <<< [apiv2][status] GET https://compute.googleapis.com/compute/v1/projects/101841828420 403
[debug] [2026-02-08T18:30:13.571Z] <<< [apiv2][body] GET https://compute.googleapis.com/compute/v1/projects/101841828420 {"error":{"code":403,"message":"Compute Engine API has not been used in project 101841828420 before or it is disabled. Enable it by visiting https://console.developers.google.com/apis/api/compute.googleapis.com/overview?project=101841828420 then retry. If you enabled this API recently, wait a few minutes for the action to propagate to our systems and retry.","errors":[{"message":"Compute Engine API has not been used in project 101841828420 before or it is disabled. Enable it by visiting https://console.developers.google.com/apis/api/compute.googleapis.com/overview?project=101841828420 then retry. If you enabled this API recently, wait a few minutes for the action to propagate to our systems and retry.","domain":"usageLimits","reason":"accessNotConfigured","extendedHelp":"https://console.developers.google.com"}],"status":"PERMISSION_DENIED","details":[{"@type":"type.googleapis.com/google.rpc.ErrorInfo","reason":"SERVICE_DISABLED","domain":"googleapis.com","metadata":{"consumer":"projects/101841828420","serviceTitle":"Compute Engine API","activationUrl":"https://console.developers.google.com/apis/api/compute.googleapis.com/overview?project=101841828420","service":"compute.googleapis.com","containerInfo":"101841828420"}},{"@type":"type.googleapis.com/google.rpc.LocalizedMessage","locale":"en-US","message":"Compute Engine API has not been used in project 101841828420 before or it is disabled. Enable it by visiting https://console.developers.google.com/apis/api/compute.googleapis.com/overview?project=101841828420 then retry. If you enabled this API recently, wait a few minutes for the action to propagate to our systems and retry."},{"@type":"type.googleapis.com/google.rpc.Help","links":[{"description":"Google developers console API activation","url":"https://console.developers.google.com/apis/api/compute.googleapis.com/overview?project=101841828420"}]}]}}
[debug] [2026-02-08T18:30:13.572Z] unable to look up default compute service account. Falling back to 101841828420-compute@developer.gserviceaccount.com. Error: {"name":"FirebaseError","children":[],"context":{"body":{"error":{"code":403,"message":"Compute Engine API has not been used in project 101841828420 before or it is disabled. Enable it by visiting https://console.developers.google.com/apis/api/compute.googleapis.com/overview?project=101841828420 then retry. If you enabled this API recently, wait a few minutes for the action to propagate to our systems and retry.","errors":[{"message":"Compute Engine API has not been used in project 101841828420 before or it is disabled. Enable it by visiting https://console.developers.google.com/apis/api/compute.googleapis.com/overview?project=101841828420 then retry. If you enabled this API recently, wait a few minutes for the action to propagate to our systems and retry.","domain":"usageLimits","reason":"accessNotConfigured","extendedHelp":"https://console.developers.google.com"}],"status":"PERMISSION_DENIED","details":[{"@type":"type.googleapis.com/google.rpc.ErrorInfo","reason":"SERVICE_DISABLED","domain":"googleapis.com","metadata":{"consumer":"projects/101841828420","serviceTitle":"Compute Engine API","activationUrl":"https://console.developers.google.com/apis/api/compute.googleapis.com/overview?project=101841828420","service":"compute.googleapis.com","containerInfo":"101841828420"}},{"@type":"type.googleapis.com/google.rpc.LocalizedMessage","locale":"en-US","message":"Compute Engine API has not been used in project 101841828420 before or it is disabled. Enable it by visiting https://console.developers.google.com/apis/api/compute.googleapis.com/overview?project=101841828420 then retry. If you enabled this API recently, wait a few minutes for the action to propagate to our systems and retry."},{"@type":"type.googleapis.com/google.rpc.Help","links":[{"description":"Google developers console API activation","url":"https://console.developers.google.com/apis/api/compute.googleapis.com/overview?project=101841828420"}]}]}},"response":{"statusCode":403}},"exit":1,"message":"Request to https://compute.googleapis.com/compute/v1/projects/101841828420 had HTTP Error: 403, Compute Engine API has not been used in project 101841828420 before or it is disabled. Enable it by visiting https://console.developers.google.com/apis/api/compute.googleapis.com/overview?project=101841828420 then retry. If you enabled this API recently, wait a few minutes for the action to propagate to our systems and retry.","status":403}
[debug] [2026-02-08T18:30:13.573Z] Checked if tokens are valid: true, expires at: 1770577582146
[debug] [2026-02-08T18:30:13.573Z] Checked if tokens are valid: true, expires at: 1770577582146
[debug] [2026-02-08T18:30:13.574Z] >>> [apiv2][query] GET https://compute.googleapis.com/compute/v1/projects/101841828420 [none]
[debug] [2026-02-08T18:30:13.851Z] <<< [apiv2][status] GET https://compute.googleapis.com/compute/v1/projects/101841828420 403
[debug] [2026-02-08T18:30:13.851Z] <<< [apiv2][body] GET https://compute.googleapis.com/compute/v1/projects/101841828420 {"error":{"code":403,"message":"Compute Engine API has not been used in project 101841828420 before or it is disabled. Enable it by visiting https://console.developers.google.com/apis/api/compute.googleapis.com/overview?project=101841828420 then retry. If you enabled this API recently, wait a few minutes for the action to propagate to our systems and retry.","errors":[{"message":"Compute Engine API has not been used in project 101841828420 before or it is disabled. Enable it by visiting https://console.developers.google.com/apis/api/compute.googleapis.com/overview?project=101841828420 then retry. If you enabled this API recently, wait a few minutes for the action to propagate to our systems and retry.","domain":"usageLimits","reason":"accessNotConfigured","extendedHelp":"https://console.developers.google.com"}],"status":"PERMISSION_DENIED","details":[{"@type":"type.googleapis.com/google.rpc.ErrorInfo","reason":"SERVICE_DISABLED","domain":"googleapis.com","metadata":{"activationUrl":"https://console.developers.google.com/apis/api/compute.googleapis.com/overview?project=101841828420","serviceTitle":"Compute Engine API","containerInfo":"101841828420","service":"compute.googleapis.com","consumer":"projects/101841828420"}},{"@type":"type.googleapis.com/google.rpc.LocalizedMessage","locale":"en-US","message":"Compute Engine API has not been used in project 101841828420 before or it is disabled. Enable it by visiting https://console.developers.google.com/apis/api/compute.googleapis.com/overview?project=101841828420 then retry. If you enabled this API recently, wait a few minutes for the action to propagate to our systems and retry."},{"@type":"type.googleapis.com/google.rpc.Help","links":[{"description":"Google developers console API activation","url":"https://console.developers.google.com/apis/api/compute.googleapis.com/overview?project=101841828420"}]}]}}
[debug] [2026-02-08T18:30:13.852Z] unable to look up default compute service account. Falling back to 101841828420-compute@developer.gserviceaccount.com. Error: {"name":"FirebaseError","children":[],"context":{"body":{"error":{"code":403,"message":"Compute Engine API has not been used in project 101841828420 before or it is disabled. Enable it by visiting https://console.developers.google.com/apis/api/compute.googleapis.com/overview?project=101841828420 then retry. If you enabled this API recently, wait a few minutes for the action to propagate to our systems and retry.","errors":[{"message":"Compute Engine API has not been used in project 101841828420 before or it is disabled. Enable it by visiting https://console.developers.google.com/apis/api/compute.googleapis.com/overview?project=101841828420 then retry. If you enabled this API recently, wait a few minutes for the action to propagate to our systems and retry.","domain":"usageLimits","reason":"accessNotConfigured","extendedHelp":"https://console.developers.google.com"}],"status":"PERMISSION_DENIED","details":[{"@type":"type.googleapis.com/google.rpc.ErrorInfo","reason":"SERVICE_DISABLED","domain":"googleapis.com","metadata":{"activationUrl":"https://console.developers.google.com/apis/api/compute.googleapis.com/overview?project=101841828420","serviceTitle":"Compute Engine API","containerInfo":"101841828420","service":"compute.googleapis.com","consumer":"projects/101841828420"}},{"@type":"type.googleapis.com/google.rpc.LocalizedMessage","locale":"en-US","message":"Compute Engine API has not been used in project 101841828420 before or it is disabled. Enable it by visiting https://console.developers.google.com/apis/api/compute.googleapis.com/overview?project=101841828420 then retry. If you enabled this API recently, wait a few minutes for the action to propagate to our systems and retry."},{"@type":"type.googleapis.com/google.rpc.Help","links":[{"description":"Google developers console API activation","url":"https://console.developers.google.com/apis/api/compute.googleapis.com/overview?project=101841828420"}]}]}},"response":{"statusCode":403}},"exit":1,"message":"Request to https://compute.googleapis.com/compute/v1/projects/101841828420 had HTTP Error: 403, Compute Engine API has not been used in project 101841828420 before or it is disabled. Enable it by visiting https://console.developers.google.com/apis/api/compute.googleapis.com/overview?project=101841828420 then retry. If you enabled this API recently, wait a few minutes for the action to propagate to our systems and retry.","status":403}
[debug] [2026-02-08T18:30:13.853Z] Checked if tokens are valid: true, expires at: 1770577582146
[debug] [2026-02-08T18:30:13.853Z] Checked if tokens are valid: true, expires at: 1770577582146
[debug] [2026-02-08T18:30:13.853Z] >>> [apiv2][query] GET https://compute.googleapis.com/compute/v1/projects/101841828420 [none]
[debug] [2026-02-08T18:30:14.150Z] <<< [apiv2][status] GET https://compute.googleapis.com/compute/v1/projects/101841828420 403
[debug] [2026-02-08T18:30:14.151Z] <<< [apiv2][body] GET https://compute.googleapis.com/compute/v1/projects/101841828420 {"error":{"code":403,"message":"Compute Engine API has not been used in project 101841828420 before or it is disabled. Enable it by visiting https://console.developers.google.com/apis/api/compute.googleapis.com/overview?project=101841828420 then retry. If you enabled this API recently, wait a few minutes for the action to propagate to our systems and retry.","errors":[{"message":"Compute Engine API has not been used in project 101841828420 before or it is disabled. Enable it by visiting https://console.developers.google.com/apis/api/compute.googleapis.com/overview?project=101841828420 then retry. If you enabled this API recently, wait a few minutes for the action to propagate to our systems and retry.","domain":"usageLimits","reason":"accessNotConfigured","extendedHelp":"https://console.developers.google.com"}],"status":"PERMISSION_DENIED","details":[{"@type":"type.googleapis.com/google.rpc.ErrorInfo","reason":"SERVICE_DISABLED","domain":"googleapis.com","metadata":{"containerInfo":"101841828420","service":"compute.googleapis.com","activationUrl":"https://console.developers.google.com/apis/api/compute.googleapis.com/overview?project=101841828420","serviceTitle":"Compute Engine API","consumer":"projects/101841828420"}},{"@type":"type.googleapis.com/google.rpc.LocalizedMessage","locale":"en-US","message":"Compute Engine API has not been used in project 101841828420 before or it is disabled. Enable it by visiting https://console.developers.google.com/apis/api/compute.googleapis.com/overview?project=101841828420 then retry. If you enabled this API recently, wait a few minutes for the action to propagate to our systems and retry."},{"@type":"type.googleapis.com/google.rpc.Help","links":[{"description":"Google developers console API activation","url":"https://console.developers.google.com/apis/api/compute.googleapis.com/overview?project=101841828420"}]}]}}
[debug] [2026-02-08T18:30:14.152Z] unable to look up default compute service account. Falling back to 101841828420-compute@developer.gserviceaccount.com. Error: {"name":"FirebaseError","children":[],"context":{"body":{"error":{"code":403,"message":"Compute Engine API has not been used in project 101841828420 before or it is disabled. Enable it by visiting https://console.developers.google.com/apis/api/compute.googleapis.com/overview?project=101841828420 then retry. If you enabled this API recently, wait a few minutes for the action to propagate to our systems and retry.","errors":[{"message":"Compute Engine API has not been used in project 101841828420 before or it is disabled. Enable it by visiting https://console.developers.google.com/apis/api/compute.googleapis.com/overview?project=101841828420 then retry. If you enabled this API recently, wait a few minutes for the action to propagate to our systems and retry.","domain":"usageLimits","reason":"accessNotConfigured","extendedHelp":"https://console.developers.google.com"}],"status":"PERMISSION_DENIED","details":[{"@type":"type.googleapis.com/google.rpc.ErrorInfo","reason":"SERVICE_DISABLED","domain":"googleapis.com","metadata":{"containerInfo":"101841828420","service":"compute.googleapis.com","activationUrl":"https://console.developers.google.com/apis/api/compute.googleapis.com/overview?project=101841828420","serviceTitle":"Compute Engine API","consumer":"projects/101841828420"}},{"@type":"type.googleapis.com/google.rpc.LocalizedMessage","locale":"en-US","message":"Compute Engine API has not been used in project 101841828420 before or it is disabled. Enable it by visiting https://console.developers.google.com/apis/api/compute.googleapis.com/overview?project=101841828420 then retry. If you enabled this API recently, wait a few minutes for the action to propagate to our systems and retry."},{"@type":"type.googleapis.com/google.rpc.Help","links":[{"description":"Google developers console API activation","url":"https://console.developers.google.com/apis/api/compute.googleapis.com/overview?project=101841828420"}]}]}},"response":{"statusCode":403}},"exit":1,"message":"Request to https://compute.googleapis.com/compute/v1/projects/101841828420 had HTTP Error: 403, Compute Engine API has not been used in project 101841828420 before or it is disabled. Enable it by visiting https://console.developers.google.com/apis/api/compute.googleapis.com/overview?project=101841828420 then retry. If you enabled this API recently, wait a few minutes for the action to propagate to our systems and retry.","status":403}
[debug] [2026-02-08T18:30:14.153Z] Checked if tokens are valid: true, expires at: 1770577582146
[debug] [2026-02-08T18:30:14.153Z] Checked if tokens are valid: true, expires at: 1770577582146
[debug] [2026-02-08T18:30:14.154Z] >>> [apiv2][query] GET https://compute.googleapis.com/compute/v1/projects/101841828420 [none]
[debug] [2026-02-08T18:30:14.394Z] <<< [apiv2][status] GET https://compute.googleapis.com/compute/v1/projects/101841828420 403
[debug] [2026-02-08T18:30:14.394Z] <<< [apiv2][body] GET https://compute.googleapis.com/compute/v1/projects/101841828420 {"error":{"code":403,"message":"Compute Engine API has not been used in project 101841828420 before or it is disabled. Enable it by visiting https://console.developers.google.com/apis/api/compute.googleapis.com/overview?project=101841828420 then retry. If you enabled this API recently, wait a few minutes for the action to propagate to our systems and retry.","errors":[{"message":"Compute Engine API has not been used in project 101841828420 before or it is disabled. Enable it by visiting https://console.developers.google.com/apis/api/compute.googleapis.com/overview?project=101841828420 then retry. If you enabled this API recently, wait a few minutes for the action to propagate to our systems and retry.","domain":"usageLimits","reason":"accessNotConfigured","extendedHelp":"https://console.developers.google.com"}],"status":"PERMISSION_DENIED","details":[{"@type":"type.googleapis.com/google.rpc.ErrorInfo","reason":"SERVICE_DISABLED","domain":"googleapis.com","metadata":{"activationUrl":"https://console.developers.google.com/apis/api/compute.googleapis.com/overview?project=101841828420","serviceTitle":"Compute Engine API","consumer":"projects/101841828420","service":"compute.googleapis.com","containerInfo":"101841828420"}},{"@type":"type.googleapis.com/google.rpc.LocalizedMessage","locale":"en-US","message":"Compute Engine API has not been used in project 101841828420 before or it is disabled. Enable it by visiting https://console.developers.google.com/apis/api/compute.googleapis.com/overview?project=101841828420 then retry. If you enabled this API recently, wait a few minutes for the action to propagate to our systems and retry."},{"@type":"type.googleapis.com/google.rpc.Help","links":[{"description":"Google developers console API activation","url":"https://console.developers.google.com/apis/api/compute.googleapis.com/overview?project=101841828420"}]}]}}
[debug] [2026-02-08T18:30:14.395Z] unable to look up default compute service account. Falling back to 101841828420-compute@developer.gserviceaccount.com. Error: {"name":"FirebaseError","children":[],"context":{"body":{"error":{"code":403,"message":"Compute Engine API has not been used in project 101841828420 before or it is disabled. Enable it by visiting https://console.developers.google.com/apis/api/compute.googleapis.com/overview?project=101841828420 then retry. If you enabled this API recently, wait a few minutes for the action to propagate to our systems and retry.","errors":[{"message":"Compute Engine API has not been used in project 101841828420 before or it is disabled. Enable it by visiting https://console.developers.google.com/apis/api/compute.googleapis.com/overview?project=101841828420 then retry. If you enabled this API recently, wait a few minutes for the action to propagate to our systems and retry.","domain":"usageLimits","reason":"accessNotConfigured","extendedHelp":"https://console.developers.google.com"}],"status":"PERMISSION_DENIED","details":[{"@type":"type.googleapis.com/google.rpc.ErrorInfo","reason":"SERVICE_DISABLED","domain":"googleapis.com","metadata":{"activationUrl":"https://console.developers.google.com/apis/api/compute.googleapis.com/overview?project=101841828420","serviceTitle":"Compute Engine API","consumer":"projects/101841828420","service":"compute.googleapis.com","containerInfo":"101841828420"}},{"@type":"type.googleapis.com/google.rpc.LocalizedMessage","locale":"en-US","message":"Compute Engine API has not been used in project 101841828420 before or it is disabled. Enable it by visiting https://console.developers.google.com/apis/api/compute.googleapis.com/overview?project=101841828420 then retry. If you enabled this API recently, wait a few minutes for the action to propagate to our systems and retry."},{"@type":"type.googleapis.com/google.rpc.Help","links":[{"description":"Google developers console API activation","url":"https://console.developers.google.com/apis/api/compute.googleapis.com/overview?project=101841828420"}]}]}},"response":{"statusCode":403}},"exit":1,"message":"Request to https://compute.googleapis.com/compute/v1/projects/101841828420 had HTTP Error: 403, Compute Engine API has not been used in project 101841828420 before or it is disabled. Enable it by visiting https://console.developers.google.com/apis/api/compute.googleapis.com/overview?project=101841828420 then retry. If you enabled this API recently, wait a few minutes for the action to propagate to our systems and retry.","status":403}
[debug] [2026-02-08T18:30:14.397Z] Checked if tokens are valid: true, expires at: 1770577582146
[debug] [2026-02-08T18:30:14.397Z] Checked if tokens are valid: true, expires at: 1770577582146
[debug] [2026-02-08T18:30:14.398Z] >>> [apiv2][query] GET https://cloudbilling.googleapis.com/v1/projects/glucose-goose/billingInfo [none]
[debug] [2026-02-08T18:30:15.448Z] <<< [apiv2][status] GET https://cloudbilling.googleapis.com/v1/projects/glucose-goose/billingInfo 200
[debug] [2026-02-08T18:30:15.448Z] <<< [apiv2][body] GET https://cloudbilling.googleapis.com/v1/projects/glucose-goose/billingInfo {"name":"projects/glucose-goose/billingInfo","projectId":"glucose-goose","billingAccountName":"billingAccounts/01A486-14687E-2E4E5A","billingEnabled":true}
[debug] [2026-02-08T18:30:15.453Z] Checked if tokens are valid: true, expires at: 1770577582146
[debug] [2026-02-08T18:30:15.453Z] Checked if tokens are valid: true, expires at: 1770577582146
[debug] [2026-02-08T18:30:15.454Z] >>> [apiv2][query] POST https://cloudfunctions.googleapis.com/v2/projects/glucose-goose/locations/us-central1/functions:generateUploadUrl [none]
[debug] [2026-02-08T18:30:16.327Z] <<< [apiv2][status] POST https://cloudfunctions.googleapis.com/v2/projects/glucose-goose/locations/us-central1/functions:generateUploadUrl 200
[debug] [2026-02-08T18:30:16.327Z] <<< [apiv2][body] POST https://cloudfunctions.googleapis.com/v2/projects/glucose-goose/locations/us-central1/functions:generateUploadUrl {"uploadUrl":"https://storage.googleapis.com/gcf-v2-uploads-101841828420.us-central1.cloudfunctions.appspot.com/e59de3f0-3162-46de-b59e-32a3640a0df9.zip?GoogleAccessId=service-101841828420@gcf-admin-robot.iam.gserviceaccount.com&Expires=1770577216&Signature=jBn7G4mOMLiR3Vsh%2Ffd7rBxsYzN2GzcSkin0IjO3Q%2FDgb8UFzIA2VVNMWgcewPpq1Tg9d14cKw%2FvsRDz%2F3JvoUHROIyElJwc%2Fi%2B3pgiOcanpsLZHz0WF5aeob74DSoyh5mwmBA8B5oQYwAmO9Bs46esE5aVER%2FJKvTFpGuQL%2FlvV8GFRIi6u%2B9QcbJBs6m%2Fn7%2BckC%2F0Xov8C65Tep%2BBNUhRv2rZwzWFJUFxZ84ZIW01SBG1tbLyuob5WxZIDpUgTnccHrdA9TkWdbbgiAKh04usiPdXOGE5HjvNvi6iWrlOLzRZjBdnQOd3oaE7jNsFmJWpSWqNyLo2NpFr3LnQ6Iw%3D%3D","storageSource":{"bucket":"gcf-v2-uploads-101841828420.us-central1.cloudfunctions.appspot.com","object":"e59de3f0-3162-46de-b59e-32a3640a0df9.zip"}}
[debug] [2026-02-08T18:30:16.330Z] >>> [apiv2][query] PUT https://storage.googleapis.com/gcf-v2-uploads-101841828420.us-central1.cloudfunctions.appspot.com/e59de3f0-3162-46de-b59e-32a3640a0df9.zip GoogleAccessId=service-101841828420%40gcf-admin-robot.iam.gserviceaccount.com&Expires=1770577216&Signature=jBn7G4mOMLiR3Vsh%2Ffd7rBxsYzN2GzcSkin0IjO3Q%2FDgb8UFzIA2VVNMWgcewPpq1Tg9d14cKw%2FvsRDz%2F3JvoUHROIyElJwc%2Fi%2B3pgiOcanpsLZHz0WF5aeob74DSoyh5mwmBA8B5oQYwAmO9Bs46esE5aVER%2FJKvTFpGuQL%2FlvV8GFRIi6u%2B9QcbJBs6m%2Fn7%2BckC%2F0Xov8C65Tep%2BBNUhRv2rZwzWFJUFxZ84ZIW01SBG1tbLyuob5WxZIDpUgTnccHrdA9TkWdbbgiAKh04usiPdXOGE5HjvNvi6iWrlOLzRZjBdnQOd3oaE7jNsFmJWpSWqNyLo2NpFr3LnQ6Iw%3D%3D
[debug] [2026-02-08T18:30:16.330Z] >>> [apiv2][body] PUT https://storage.googleapis.com/gcf-v2-uploads-101841828420.us-central1.cloudfunctions.appspot.com/e59de3f0-3162-46de-b59e-32a3640a0df9.zip [stream]
[debug] [2026-02-08T18:30:17.364Z] <<< [apiv2][status] PUT https://storage.googleapis.com/gcf-v2-uploads-101841828420.us-central1.cloudfunctions.appspot.com/e59de3f0-3162-46de-b59e-32a3640a0df9.zip 200
[debug] [2026-02-08T18:30:17.364Z] <<< [apiv2][body] PUT https://storage.googleapis.com/gcf-v2-uploads-101841828420.us-central1.cloudfunctions.appspot.com/e59de3f0-3162-46de-b59e-32a3640a0df9.zip [omitted]
[info] ✔  functions: functions source uploaded successfully 
[info] i  functions: updating Node.js 24 (2nd Gen) function analyzeMeal(us-central1)... 
[debug] [2026-02-08T18:30:17.373Z] Checked if tokens are valid: true, expires at: 1770577582146
[debug] [2026-02-08T18:30:17.373Z] Checked if tokens are valid: true, expires at: 1770577582146
[info] i  functions: updating Node.js 24 (2nd Gen) function getEmailFromUsername(us-central1)... 
[debug] [2026-02-08T18:30:17.374Z] Checked if tokens are valid: true, expires at: 1770577582146
[debug] [2026-02-08T18:30:17.374Z] Checked if tokens are valid: true, expires at: 1770577582146
[info] i  functions: updating Node.js 24 (2nd Gen) function simulateGlucose(us-central1)... 
[debug] [2026-02-08T18:30:17.375Z] Checked if tokens are valid: true, expires at: 1770577582146
[debug] [2026-02-08T18:30:17.376Z] Checked if tokens are valid: true, expires at: 1770577582146
[info] i  functions: updating Node.js 24 (2nd Gen) function nightscoutAlertsEvery5Min(us-central1)... 
[debug] [2026-02-08T18:30:17.376Z] Checked if tokens are valid: true, expires at: 1770577582146
[debug] [2026-02-08T18:30:17.376Z] Checked if tokens are valid: true, expires at: 1770577582146
[debug] [2026-02-08T18:30:17.377Z] >>> [apiv2][query] PATCH https://cloudfunctions.googleapis.com/v2/projects/glucose-goose/locations/us-central1/functions/analyzeMeal updateMask=name%2CbuildConfig.runtime%2CbuildConfig.entryPoint%2CbuildConfig.source.storageSource.bucket%2CbuildConfig.source.storageSource.object%2CbuildConfig.environmentVariables%2CserviceConfig.environmentVariables%2CserviceConfig.ingressSettings%2CserviceConfig.timeoutSeconds%2CserviceConfig.serviceAccountEmail%2CserviceConfig.availableMemory%2CserviceConfig.minInstanceCount%2CserviceConfig.maxInstanceCount%2CserviceConfig.maxInstanceRequestConcurrency%2CserviceConfig.availableCpu%2CserviceConfig.vpcConnector%2CserviceConfig.vpcConnectorEgressSettings%2Clabels
[debug] [2026-02-08T18:30:17.377Z] >>> [apiv2][body] PATCH https://cloudfunctions.googleapis.com/v2/projects/glucose-goose/locations/us-central1/functions/analyzeMeal {"name":"projects/glucose-goose/locations/us-central1/functions/analyzeMeal","buildConfig":{"runtime":"nodejs24","entryPoint":"analyzeMeal","source":{"storageSource":{"bucket":"gcf-v2-uploads-101841828420.us-central1.cloudfunctions.appspot.com","object":"e59de3f0-3162-46de-b59e-32a3640a0df9.zip"}},"environmentVariables":{"GOOGLE_NODE_RUN_SCRIPTS":""}},"serviceConfig":{"environmentVariables":{"FIREBASE_CONFIG":"{\"projectId\":\"glucose-goose\",\"storageBucket\":\"glucose-goose.firebasestorage.app\"}","GCLOUD_PROJECT":"glucose-goose","EVENTARC_CLOUD_EVENT_SOURCE":"projects/glucose-goose/locations/us-central1/services/analyzeMeal","FUNCTION_TARGET":"analyzeMeal","LOG_EXECUTION_ID":"true"},"ingressSettings":null,"timeoutSeconds":null,"serviceAccountEmail":null,"availableMemory":"256Mi","minInstanceCount":null,"maxInstanceCount":null,"maxInstanceRequestConcurrency":80,"availableCpu":"1","vpcConnector":null,"vpcConnectorEgressSettings":null},"labels":{"deployment-tool":"cli-firebase","firebase-functions-hash":"9a3e4fb5f347fac7c38c279f55dd6f77f8b4f0a8"}}
[debug] [2026-02-08T18:30:17.378Z] >>> [apiv2][query] PATCH https://cloudfunctions.googleapis.com/v2/projects/glucose-goose/locations/us-central1/functions/getEmailFromUsername updateMask=name%2CbuildConfig.runtime%2CbuildConfig.entryPoint%2CbuildConfig.source.storageSource.bucket%2CbuildConfig.source.storageSource.object%2CbuildConfig.environmentVariables%2CserviceConfig.environmentVariables%2CserviceConfig.ingressSettings%2CserviceConfig.timeoutSeconds%2CserviceConfig.serviceAccountEmail%2CserviceConfig.availableMemory%2CserviceConfig.minInstanceCount%2CserviceConfig.maxInstanceCount%2CserviceConfig.maxInstanceRequestConcurrency%2CserviceConfig.availableCpu%2CserviceConfig.vpcConnector%2CserviceConfig.vpcConnectorEgressSettings%2Clabels
[debug] [2026-02-08T18:30:17.378Z] >>> [apiv2][body] PATCH https://cloudfunctions.googleapis.com/v2/projects/glucose-goose/locations/us-central1/functions/getEmailFromUsername {"name":"projects/glucose-goose/locations/us-central1/functions/getEmailFromUsername","buildConfig":{"runtime":"nodejs24","entryPoint":"getEmailFromUsername","source":{"storageSource":{"bucket":"gcf-v2-uploads-101841828420.us-central1.cloudfunctions.appspot.com","object":"e59de3f0-3162-46de-b59e-32a3640a0df9.zip"}},"environmentVariables":{"GOOGLE_NODE_RUN_SCRIPTS":""}},"serviceConfig":{"environmentVariables":{"FIREBASE_CONFIG":"{\"projectId\":\"glucose-goose\",\"storageBucket\":\"glucose-goose.firebasestorage.app\"}","GCLOUD_PROJECT":"glucose-goose","EVENTARC_CLOUD_EVENT_SOURCE":"projects/glucose-goose/locations/us-central1/services/getEmailFromUsername","FUNCTION_TARGET":"getEmailFromUsername","LOG_EXECUTION_ID":"true"},"ingressSettings":null,"timeoutSeconds":null,"serviceAccountEmail":null,"availableMemory":"256Mi","minInstanceCount":null,"maxInstanceCount":null,"maxInstanceRequestConcurrency":80,"availableCpu":"1","vpcConnector":null,"vpcConnectorEgressSettings":null},"labels":{"deployment-tool":"cli-firebase","firebase-functions-hash":"9a3e4fb5f347fac7c38c279f55dd6f77f8b4f0a8"}}
[debug] [2026-02-08T18:30:17.380Z] >>> [apiv2][query] PATCH https://cloudfunctions.googleapis.com/v2/projects/glucose-goose/locations/us-central1/functions/simulateGlucose updateMask=name%2CbuildConfig.runtime%2CbuildConfig.entryPoint%2CbuildConfig.source.storageSource.bucket%2CbuildConfig.source.storageSource.object%2CbuildConfig.environmentVariables%2CserviceConfig.environmentVariables%2CserviceConfig.ingressSettings%2CserviceConfig.timeoutSeconds%2CserviceConfig.serviceAccountEmail%2CserviceConfig.availableMemory%2CserviceConfig.minInstanceCount%2CserviceConfig.maxInstanceCount%2CserviceConfig.maxInstanceRequestConcurrency%2CserviceConfig.availableCpu%2CserviceConfig.vpcConnector%2CserviceConfig.vpcConnectorEgressSettings%2Clabels
[debug] [2026-02-08T18:30:17.380Z] >>> [apiv2][body] PATCH https://cloudfunctions.googleapis.com/v2/projects/glucose-goose/locations/us-central1/functions/simulateGlucose {"name":"projects/glucose-goose/locations/us-central1/functions/simulateGlucose","buildConfig":{"runtime":"nodejs24","entryPoint":"simulateGlucose","source":{"storageSource":{"bucket":"gcf-v2-uploads-101841828420.us-central1.cloudfunctions.appspot.com","object":"e59de3f0-3162-46de-b59e-32a3640a0df9.zip"}},"environmentVariables":{"GOOGLE_NODE_RUN_SCRIPTS":""}},"serviceConfig":{"environmentVariables":{"FIREBASE_CONFIG":"{\"projectId\":\"glucose-goose\",\"storageBucket\":\"glucose-goose.firebasestorage.app\"}","GCLOUD_PROJECT":"glucose-goose","EVENTARC_CLOUD_EVENT_SOURCE":"projects/glucose-goose/locations/us-central1/services/simulateGlucose","FUNCTION_TARGET":"simulateGlucose","LOG_EXECUTION_ID":"true"},"ingressSettings":null,"timeoutSeconds":null,"serviceAccountEmail":null,"availableMemory":"256Mi","minInstanceCount":null,"maxInstanceCount":null,"maxInstanceRequestConcurrency":80,"availableCpu":"1","vpcConnector":null,"vpcConnectorEgressSettings":null},"labels":{"deployment-tool":"cli-firebase","deployment-scheduled":"true","firebase-functions-hash":"9a3e4fb5f347fac7c38c279f55dd6f77f8b4f0a8"}}
[debug] [2026-02-08T18:30:17.382Z] >>> [apiv2][query] PATCH https://cloudfunctions.googleapis.com/v2/projects/glucose-goose/locations/us-central1/functions/nightscoutAlertsEvery5Min updateMask=name%2CbuildConfig.runtime%2CbuildConfig.entryPoint%2CbuildConfig.source.storageSource.bucket%2CbuildConfig.source.storageSource.object%2CbuildConfig.environmentVariables%2CserviceConfig.environmentVariables%2CserviceConfig.ingressSettings%2CserviceConfig.timeoutSeconds%2CserviceConfig.serviceAccountEmail%2CserviceConfig.availableMemory%2CserviceConfig.minInstanceCount%2CserviceConfig.maxInstanceCount%2CserviceConfig.maxInstanceRequestConcurrency%2CserviceConfig.availableCpu%2CserviceConfig.vpcConnector%2CserviceConfig.vpcConnectorEgressSettings%2Clabels
[debug] [2026-02-08T18:30:17.382Z] >>> [apiv2][body] PATCH https://cloudfunctions.googleapis.com/v2/projects/glucose-goose/locations/us-central1/functions/nightscoutAlertsEvery5Min {"name":"projects/glucose-goose/locations/us-central1/functions/nightscoutAlertsEvery5Min","buildConfig":{"runtime":"nodejs24","entryPoint":"nightscoutAlertsEvery5Min","source":{"storageSource":{"bucket":"gcf-v2-uploads-101841828420.us-central1.cloudfunctions.appspot.com","object":"e59de3f0-3162-46de-b59e-32a3640a0df9.zip"}},"environmentVariables":{"GOOGLE_NODE_RUN_SCRIPTS":""}},"serviceConfig":{"environmentVariables":{"FIREBASE_CONFIG":"{\"projectId\":\"glucose-goose\",\"storageBucket\":\"glucose-goose.firebasestorage.app\"}","GCLOUD_PROJECT":"glucose-goose","EVENTARC_CLOUD_EVENT_SOURCE":"projects/glucose-goose/locations/us-central1/services/nightscoutAlertsEvery5Min","FUNCTION_TARGET":"nightscoutAlertsEvery5Min","LOG_EXECUTION_ID":"true"},"ingressSettings":null,"timeoutSeconds":540,"serviceAccountEmail":null,"availableMemory":"512Mi","minInstanceCount":null,"maxInstanceCount":null,"maxInstanceRequestConcurrency":80,"availableCpu":"1","vpcConnector":null,"vpcConnectorEgressSettings":null},"labels":{"deployment-tool":"cli-firebase","deployment-scheduled":"true","firebase-functions-hash":"9a3e4fb5f347fac7c38c279f55dd6f77f8b4f0a8"}}
[debug] [2026-02-08T18:30:18.594Z] <<< [apiv2][status] PATCH https://cloudfunctions.googleapis.com/v2/projects/glucose-goose/locations/us-central1/functions/nightscoutAlertsEvery5Min 200
[debug] [2026-02-08T18:30:18.594Z] <<< [apiv2][body] PATCH https://cloudfunctions.googleapis.com/v2/projects/glucose-goose/locations/us-central1/functions/nightscoutAlertsEvery5Min {"name":"projects/glucose-goose/locations/us-central1/operations/operation-1770575417727-64a5436d258d8-cfa8a225-f0a22d50","metadata":{"@type":"type.googleapis.com/google.cloud.functions.v2.OperationMetadata","createTime":"2026-02-08T18:30:18.463338311Z","target":"projects/glucose-goose/locations/us-central1/functions/nightscoutAlertsEvery5Min","verb":"update","cancelRequested":false,"apiVersion":"v2"},"done":false}
[debug] [2026-02-08T18:30:18.596Z] Checked if tokens are valid: true, expires at: 1770577582146
[debug] [2026-02-08T18:30:18.596Z] Checked if tokens are valid: true, expires at: 1770577582146
[debug] [2026-02-08T18:30:18.597Z] >>> [apiv2][query] GET https://cloudfunctions.googleapis.com/v2/projects/glucose-goose/locations/us-central1/operations/operation-1770575417727-64a5436d258d8-cfa8a225-f0a22d50 [none]
[debug] [2026-02-08T18:30:18.952Z] <<< [apiv2][status] PATCH https://cloudfunctions.googleapis.com/v2/projects/glucose-goose/locations/us-central1/functions/analyzeMeal 200
[debug] [2026-02-08T18:30:18.953Z] <<< [apiv2][body] PATCH https://cloudfunctions.googleapis.com/v2/projects/glucose-goose/locations/us-central1/functions/analyzeMeal {"name":"projects/glucose-goose/locations/us-central1/operations/operation-1770575418068-64a5436d78f86-d0bfc44f-132adee7","metadata":{"@type":"type.googleapis.com/google.cloud.functions.v2.OperationMetadata","createTime":"2026-02-08T18:30:18.791090205Z","target":"projects/glucose-goose/locations/us-central1/functions/analyzeMeal","verb":"update","cancelRequested":false,"apiVersion":"v2"},"done":false}
[debug] [2026-02-08T18:30:18.953Z] Checked if tokens are valid: true, expires at: 1770577582146
[debug] [2026-02-08T18:30:18.953Z] Checked if tokens are valid: true, expires at: 1770577582146
[debug] [2026-02-08T18:30:18.954Z] >>> [apiv2][query] GET https://cloudfunctions.googleapis.com/v2/projects/glucose-goose/locations/us-central1/operations/operation-1770575418068-64a5436d78f86-d0bfc44f-132adee7 [none]
[debug] [2026-02-08T18:30:19.071Z] <<< [apiv2][status] PATCH https://cloudfunctions.googleapis.com/v2/projects/glucose-goose/locations/us-central1/functions/simulateGlucose 200
[debug] [2026-02-08T18:30:19.072Z] <<< [apiv2][body] PATCH https://cloudfunctions.googleapis.com/v2/projects/glucose-goose/locations/us-central1/functions/simulateGlucose {"name":"projects/glucose-goose/locations/us-central1/operations/operation-1770575418269-64a5436da9e40-d705d536-4c9938d8","metadata":{"@type":"type.googleapis.com/google.cloud.functions.v2.OperationMetadata","createTime":"2026-02-08T18:30:18.937045034Z","target":"projects/glucose-goose/locations/us-central1/functions/simulateGlucose","verb":"update","cancelRequested":false,"apiVersion":"v2"},"done":false}
[debug] [2026-02-08T18:30:19.072Z] Checked if tokens are valid: true, expires at: 1770577582146
[debug] [2026-02-08T18:30:19.073Z] Checked if tokens are valid: true, expires at: 1770577582146
[debug] [2026-02-08T18:30:19.073Z] >>> [apiv2][query] GET https://cloudfunctions.googleapis.com/v2/projects/glucose-goose/locations/us-central1/operations/operation-1770575418269-64a5436da9e40-d705d536-4c9938d8 [none]
[debug] [2026-02-08T18:30:19.147Z] <<< [apiv2][status] PATCH https://cloudfunctions.googleapis.com/v2/projects/glucose-goose/locations/us-central1/functions/getEmailFromUsername 200
[debug] [2026-02-08T18:30:19.148Z] <<< [apiv2][body] PATCH https://cloudfunctions.googleapis.com/v2/projects/glucose-goose/locations/us-central1/functions/getEmailFromUsername {"name":"projects/glucose-goose/locations/us-central1/operations/operation-1770575418241-64a5436da3211-5942329b-44e21965","metadata":{"@type":"type.googleapis.com/google.cloud.functions.v2.OperationMetadata","createTime":"2026-02-08T18:30:19.005291709Z","target":"projects/glucose-goose/locations/us-central1/functions/getEmailFromUsername","verb":"update","cancelRequested":false,"apiVersion":"v2"},"done":false}
[debug] [2026-02-08T18:30:19.148Z] Checked if tokens are valid: true, expires at: 1770577582146
[debug] [2026-02-08T18:30:19.149Z] Checked if tokens are valid: true, expires at: 1770577582146
[debug] [2026-02-08T18:30:19.149Z] >>> [apiv2][query] GET https://cloudfunctions.googleapis.com/v2/projects/glucose-goose/locations/us-central1/operations/operation-1770575418241-64a5436da3211-5942329b-44e21965 [none]
[debug] [2026-02-08T18:30:19.398Z] <<< [apiv2][status] GET https://cloudfunctions.googleapis.com/v2/projects/glucose-goose/locations/us-central1/operations/operation-1770575417727-64a5436d258d8-cfa8a225-f0a22d50 200
[debug] [2026-02-08T18:30:19.398Z] <<< [apiv2][body] GET https://cloudfunctions.googleapis.com/v2/projects/glucose-goose/locations/us-central1/operations/operation-1770575417727-64a5436d258d8-cfa8a225-f0a22d50 {"name":"projects/glucose-goose/locations/us-central1/operations/operation-1770575417727-64a5436d258d8-cfa8a225-f0a22d50","metadata":{"@type":"type.googleapis.com/google.cloud.functions.v2.OperationMetadata","createTime":"2026-02-08T18:30:18.463338311Z","target":"projects/glucose-goose/locations/us-central1/functions/nightscoutAlertsEvery5Min","verb":"update","cancelRequested":false,"apiVersion":"v2","requestResource":{"@type":"type.googleapis.com/google.cloud.functions.v2.Function","name":"projects/glucose-goose/locations/us-central1/functions/nightscoutAlertsEvery5Min","buildConfig":{"runtime":"nodejs24","entryPoint":"nightscoutAlertsEvery5Min","source":{"storageSource":{"bucket":"gcf-v2-sources-101841828420-us-central1","object":"nightscoutAlertsEvery5Min/function-source.zip","generation":"1770575418412935"}},"environmentVariables":{"GOOGLE_NODE_RUN_SCRIPTS":""},"dockerRepository":"projects/glucose-goose/locations/us-central1/repositories/gcf-artifacts","sourceProvenance":{"resolvedStorageSource":{"bucket":"gcf-v2-sources-101841828420-us-central1","object":"nightscoutAlertsEvery5Min/function-source.zip","generation":"1770574006439038"}},"dockerRegistry":"ARTIFACT_REGISTRY","serviceAccount":"projects/glucose-goose/serviceAccounts/101841828420-compute@developer.gserviceaccount.com","automaticUpdatePolicy":{}},"serviceConfig":{"service":"projects/glucose-goose/locations/us-central1/services/nightscoutalertsevery5min","timeoutSeconds":540,"environmentVariables":{"FIREBASE_CONFIG":"{\"projectId\":\"glucose-goose\",\"storageBucket\":\"glucose-goose.firebasestorage.app\"}","GCLOUD_PROJECT":"glucose-goose","EVENTARC_CLOUD_EVENT_SOURCE":"projects/glucose-goose/locations/us-central1/services/nightscoutAlertsEvery5Min","FUNCTION_TARGET":"nightscoutAlertsEvery5Min","LOG_EXECUTION_ID":"true"},"ingressSettings":"ALLOW_ALL","uri":"https://nightscoutalertsevery5min-ft7us77rra-uc.a.run.app","serviceAccountEmail":"101841828420-compute@developer.gserviceaccount.com","availableMemory":"512Mi","allTrafficOnLatestRevision":true,"revision":"nightscoutalertsevery5min-00002-doz","maxInstanceRequestConcurrency":80,"availableCpu":"1"},"state":"ACTIVE","labels":{"deployment-tool":"cli-firebase","deployment-scheduled":"true","firebase-functions-hash":"9a3e4fb5f347fac7c38c279f55dd6f77f8b4f0a8"},"environment":"GEN_2","url":"https://us-central1-glucose-goose.cloudfunctions.net/nightscoutAlertsEvery5Min","satisfiesPzi":true},"stages":[{"name":"BUILD","message":"Creating build","state":"IN_PROGRESS","resource":"projects/101841828420/locations/us-central1/builds/137a7851-dc7c-434c-8bcb-bdce6bc29368","resourceUri":"https://console.cloud.google.com/cloud-build/builds;region=us-central1/137a7851-dc7c-434c-8bcb-bdce6bc29368?project=101841828420"},{"name":"SERVICE","state":"NOT_STARTED"}],"operationType":"UPDATE_FUNCTION","buildName":"projects/101841828420/locations/us-central1/builds/137a7851-dc7c-434c-8bcb-bdce6bc29368"},"done":false}
[debug] [2026-02-08T18:30:19.745Z] <<< [apiv2][status] GET https://cloudfunctions.googleapis.com/v2/projects/glucose-goose/locations/us-central1/operations/operation-1770575418068-64a5436d78f86-d0bfc44f-132adee7 200
[debug] [2026-02-08T18:30:19.745Z] <<< [apiv2][body] GET https://cloudfunctions.googleapis.com/v2/projects/glucose-goose/locations/us-central1/operations/operation-1770575418068-64a5436d78f86-d0bfc44f-132adee7 {"name":"projects/glucose-goose/locations/us-central1/operations/operation-1770575418068-64a5436d78f86-d0bfc44f-132adee7","metadata":{"@type":"type.googleapis.com/google.cloud.functions.v2.OperationMetadata","createTime":"2026-02-08T18:30:18.791090205Z","target":"projects/glucose-goose/locations/us-central1/functions/analyzeMeal","verb":"update","cancelRequested":false,"apiVersion":"v2","requestResource":{"@type":"type.googleapis.com/google.cloud.functions.v2.Function","name":"projects/glucose-goose/locations/us-central1/functions/analyzeMeal","buildConfig":{"runtime":"nodejs24","entryPoint":"analyzeMeal","source":{"storageSource":{"bucket":"gcf-v2-sources-101841828420-us-central1","object":"analyzeMeal/function-source.zip","generation":"1770575418745691"}},"environmentVariables":{"GOOGLE_NODE_RUN_SCRIPTS":""},"dockerRepository":"projects/glucose-goose/locations/us-central1/repositories/gcf-artifacts","sourceProvenance":{"resolvedStorageSource":{"bucket":"gcf-v2-sources-101841828420-us-central1","object":"analyzeMeal/function-source.zip","generation":"1770574006268164"}},"dockerRegistry":"ARTIFACT_REGISTRY","serviceAccount":"projects/glucose-goose/serviceAccounts/101841828420-compute@developer.gserviceaccount.com","automaticUpdatePolicy":{}},"serviceConfig":{"service":"projects/glucose-goose/locations/us-central1/services/analyzemeal","timeoutSeconds":60,"environmentVariables":{"FIREBASE_CONFIG":"{\"projectId\":\"glucose-goose\",\"storageBucket\":\"glucose-goose.firebasestorage.app\"}","GCLOUD_PROJECT":"glucose-goose","EVENTARC_CLOUD_EVENT_SOURCE":"projects/glucose-goose/locations/us-central1/services/analyzeMeal","FUNCTION_TARGET":"analyzeMeal","LOG_EXECUTION_ID":"true"},"ingressSettings":"ALLOW_ALL","uri":"https://analyzemeal-ft7us77rra-uc.a.run.app","serviceAccountEmail":"101841828420-compute@developer.gserviceaccount.com","availableMemory":"256Mi","allTrafficOnLatestRevision":true,"secretEnvironmentVariables":[{"key":"GEMINI_API_KEY","projectId":"glucose-goose","secret":"GEMINI_API_KEY","version":"3"}],"revision":"analyzemeal-00032-teh","maxInstanceRequestConcurrency":80,"availableCpu":"1"},"state":"ACTIVE","labels":{"deployment-tool":"cli-firebase","firebase-functions-hash":"9a3e4fb5f347fac7c38c279f55dd6f77f8b4f0a8"},"environment":"GEN_2","url":"https://us-central1-glucose-goose.cloudfunctions.net/analyzeMeal","satisfiesPzi":true},"stages":[{"name":"BUILD","message":"Build in progress","state":"IN_PROGRESS","resource":"projects/101841828420/locations/us-central1/builds/0edf23fc-c26c-44df-bfee-cbbbd685eafb","resourceUri":"https://console.cloud.google.com/cloud-build/builds;region=us-central1/0edf23fc-c26c-44df-bfee-cbbbd685eafb?project=101841828420"},{"name":"SERVICE","state":"NOT_STARTED"}],"operationType":"UPDATE_FUNCTION","buildName":"projects/101841828420/locations/us-central1/builds/0edf23fc-c26c-44df-bfee-cbbbd685eafb"},"done":false}
[debug] [2026-02-08T18:30:19.863Z] <<< [apiv2][status] GET https://cloudfunctions.googleapis.com/v2/projects/glucose-goose/locations/us-central1/operations/operation-1770575418269-64a5436da9e40-d705d536-4c9938d8 200
[debug] [2026-02-08T18:30:19.863Z] <<< [apiv2][body] GET https://cloudfunctions.googleapis.com/v2/projects/glucose-goose/locations/us-central1/operations/operation-1770575418269-64a5436da9e40-d705d536-4c9938d8 {"name":"projects/glucose-goose/locations/us-central1/operations/operation-1770575418269-64a5436da9e40-d705d536-4c9938d8","metadata":{"@type":"type.googleapis.com/google.cloud.functions.v2.OperationMetadata","createTime":"2026-02-08T18:30:18.937045034Z","target":"projects/glucose-goose/locations/us-central1/functions/simulateGlucose","verb":"update","cancelRequested":false,"apiVersion":"v2","requestResource":{"@type":"type.googleapis.com/google.cloud.functions.v2.Function","name":"projects/glucose-goose/locations/us-central1/functions/simulateGlucose","buildConfig":{"runtime":"nodejs24","entryPoint":"simulateGlucose","source":{"storageSource":{"bucket":"gcf-v2-sources-101841828420-us-central1","object":"simulateGlucose/function-source.zip","generation":"1770575418892823"}},"environmentVariables":{"GOOGLE_NODE_RUN_SCRIPTS":""},"dockerRepository":"projects/glucose-goose/locations/us-central1/repositories/gcf-artifacts","sourceProvenance":{"resolvedStorageSource":{"bucket":"gcf-v2-sources-101841828420-us-central1","object":"simulateGlucose/function-source.zip","generation":"1770574006481717"}},"dockerRegistry":"ARTIFACT_REGISTRY","serviceAccount":"projects/glucose-goose/serviceAccounts/101841828420-compute@developer.gserviceaccount.com","automaticUpdatePolicy":{}},"serviceConfig":{"service":"projects/glucose-goose/locations/us-central1/services/simulateglucose","timeoutSeconds":60,"environmentVariables":{"FIREBASE_CONFIG":"{\"projectId\":\"glucose-goose\",\"storageBucket\":\"glucose-goose.firebasestorage.app\"}","GCLOUD_PROJECT":"glucose-goose","EVENTARC_CLOUD_EVENT_SOURCE":"projects/glucose-goose/locations/us-central1/services/simulateGlucose","FUNCTION_TARGET":"simulateGlucose","LOG_EXECUTION_ID":"true"},"ingressSettings":"ALLOW_ALL","uri":"https://simulateglucose-ft7us77rra-uc.a.run.app","serviceAccountEmail":"101841828420-compute@developer.gserviceaccount.com","availableMemory":"256Mi","allTrafficOnLatestRevision":true,"revision":"simulateglucose-00002-cap","maxInstanceRequestConcurrency":80,"availableCpu":"1"},"state":"ACTIVE","labels":{"deployment-tool":"cli-firebase","deployment-scheduled":"true","firebase-functions-hash":"9a3e4fb5f347fac7c38c279f55dd6f77f8b4f0a8"},"environment":"GEN_2","url":"https://us-central1-glucose-goose.cloudfunctions.net/simulateGlucose","satisfiesPzi":true},"stages":[{"name":"BUILD","message":"Creating build","state":"IN_PROGRESS","resource":"projects/101841828420/locations/us-central1/builds/69cf1bda-495b-40f2-be8f-199304da5a98","resourceUri":"https://console.cloud.google.com/cloud-build/builds;region=us-central1/69cf1bda-495b-40f2-be8f-199304da5a98?project=101841828420"},{"name":"SERVICE","state":"NOT_STARTED"}],"operationType":"UPDATE_FUNCTION","buildName":"projects/101841828420/locations/us-central1/builds/69cf1bda-495b-40f2-be8f-199304da5a98"},"done":false}
[debug] [2026-02-08T18:30:19.900Z] [update-default-us-central1-nightscoutAlertsEvery5Min] Retrying task index 0
[debug] [2026-02-08T18:30:19.900Z] Checked if tokens are valid: true, expires at: 1770577582146
[debug] [2026-02-08T18:30:19.901Z] Checked if tokens are valid: true, expires at: 1770577582146
[debug] [2026-02-08T18:30:19.901Z] >>> [apiv2][query] GET https://cloudfunctions.googleapis.com/v2/projects/glucose-goose/locations/us-central1/operations/operation-1770575417727-64a5436d258d8-cfa8a225-f0a22d50 [none]
[debug] [2026-02-08T18:30:19.957Z] <<< [apiv2][status] GET https://cloudfunctions.googleapis.com/v2/projects/glucose-goose/locations/us-central1/operations/operation-1770575418241-64a5436da3211-5942329b-44e21965 200
[debug] [2026-02-08T18:30:19.957Z] <<< [apiv2][body] GET https://cloudfunctions.googleapis.com/v2/projects/glucose-goose/locations/us-central1/operations/operation-1770575418241-64a5436da3211-5942329b-44e21965 {"name":"projects/glucose-goose/locations/us-central1/operations/operation-1770575418241-64a5436da3211-5942329b-44e21965","metadata":{"@type":"type.googleapis.com/google.cloud.functions.v2.OperationMetadata","createTime":"2026-02-08T18:30:19.005291709Z","target":"projects/glucose-goose/locations/us-central1/functions/getEmailFromUsername","verb":"update","cancelRequested":false,"apiVersion":"v2","requestResource":{"@type":"type.googleapis.com/google.cloud.functions.v2.Function","name":"projects/glucose-goose/locations/us-central1/functions/getEmailFromUsername","buildConfig":{"runtime":"nodejs24","entryPoint":"getEmailFromUsername","source":{"storageSource":{"bucket":"gcf-v2-sources-101841828420-us-central1","object":"getEmailFromUsername/function-source.zip","generation":"1770575418957386"}},"environmentVariables":{"GOOGLE_NODE_RUN_SCRIPTS":""},"dockerRepository":"projects/glucose-goose/locations/us-central1/repositories/gcf-artifacts","sourceProvenance":{"resolvedStorageSource":{"bucket":"gcf-v2-sources-101841828420-us-central1","object":"getEmailFromUsername/function-source.zip","generation":"1770574006477482"}},"dockerRegistry":"ARTIFACT_REGISTRY","serviceAccount":"projects/glucose-goose/serviceAccounts/101841828420-compute@developer.gserviceaccount.com","automaticUpdatePolicy":{}},"serviceConfig":{"service":"projects/glucose-goose/locations/us-central1/services/getemailfromusername","timeoutSeconds":60,"environmentVariables":{"FIREBASE_CONFIG":"{\"projectId\":\"glucose-goose\",\"storageBucket\":\"glucose-goose.firebasestorage.app\"}","GCLOUD_PROJECT":"glucose-goose","EVENTARC_CLOUD_EVENT_SOURCE":"projects/glucose-goose/locations/us-central1/services/getEmailFromUsername","FUNCTION_TARGET":"getEmailFromUsername","LOG_EXECUTION_ID":"true"},"ingressSettings":"ALLOW_ALL","uri":"https://getemailfromusername-ft7us77rra-uc.a.run.app","serviceAccountEmail":"101841828420-compute@developer.gserviceaccount.com","availableMemory":"256Mi","allTrafficOnLatestRevision":true,"revision":"getemailfromusername-00041-qur","maxInstanceRequestConcurrency":80,"availableCpu":"1"},"state":"ACTIVE","labels":{"deployment-tool":"cli-firebase","firebase-functions-hash":"9a3e4fb5f347fac7c38c279f55dd6f77f8b4f0a8"},"environment":"GEN_2","url":"https://us-central1-glucose-goose.cloudfunctions.net/getEmailFromUsername","satisfiesPzi":true},"stages":[{"name":"BUILD","message":"Build in progress","state":"IN_PROGRESS","resource":"projects/101841828420/locations/us-central1/builds/362c85f4-e4ae-47a0-b299-0d2f8db14071","resourceUri":"https://console.cloud.google.com/cloud-build/builds;region=us-central1/362c85f4-e4ae-47a0-b299-0d2f8db14071?project=101841828420"},{"name":"SERVICE","state":"NOT_STARTED"}],"operationType":"UPDATE_FUNCTION","buildName":"projects/101841828420/locations/us-central1/builds/362c85f4-e4ae-47a0-b299-0d2f8db14071"},"done":false}
[debug] [2026-02-08T18:30:20.247Z] [update-default-us-central1-analyzeMeal] Retrying task index 0
[debug] [2026-02-08T18:30:20.247Z] Checked if tokens are valid: true, expires at: 1770577582146
[debug] [2026-02-08T18:30:20.247Z] Checked if tokens are valid: true, expires at: 1770577582146
[debug] [2026-02-08T18:30:20.248Z] >>> [apiv2][query] GET https://cloudfunctions.googleapis.com/v2/projects/glucose-goose/locations/us-central1/operations/operation-1770575418068-64a5436d78f86-d0bfc44f-132adee7 [none]
[debug] [2026-02-08T18:30:20.364Z] [update-default-us-central1-simulateGlucose] Retrying task index 0
[debug] [2026-02-08T18:30:20.364Z] Checked if tokens are valid: true, expires at: 1770577582146
[debug] [2026-02-08T18:30:20.364Z] Checked if tokens are valid: true, expires at: 1770577582146
[debug] [2026-02-08T18:30:20.364Z] >>> [apiv2][query] GET https://cloudfunctions.googleapis.com/v2/projects/glucose-goose/locations/us-central1/operations/operation-1770575418269-64a5436da9e40-d705d536-4c9938d8 [none]
[debug] [2026-02-08T18:30:20.458Z] [update-default-us-central1-getEmailFromUsername] Retrying task index 0
[debug] [2026-02-08T18:30:20.459Z] Checked if tokens are valid: true, expires at: 1770577582146
[debug] [2026-02-08T18:30:20.459Z] Checked if tokens are valid: true, expires at: 1770577582146
[debug] [2026-02-08T18:30:20.460Z] >>> [apiv2][query] GET https://cloudfunctions.googleapis.com/v2/projects/glucose-goose/locations/us-central1/operations/operation-1770575418241-64a5436da3211-5942329b-44e21965 [none]
[debug] [2026-02-08T18:30:20.707Z] <<< [apiv2][status] GET https://cloudfunctions.googleapis.com/v2/projects/glucose-goose/locations/us-central1/operations/operation-1770575417727-64a5436d258d8-cfa8a225-f0a22d50 200
[debug] [2026-02-08T18:30:20.708Z] <<< [apiv2][body] GET https://cloudfunctions.googleapis.com/v2/projects/glucose-goose/locations/us-central1/operations/operation-1770575417727-64a5436d258d8-cfa8a225-f0a22d50 {"name":"projects/glucose-goose/locations/us-central1/operations/operation-1770575417727-64a5436d258d8-cfa8a225-f0a22d50","metadata":{"@type":"type.googleapis.com/google.cloud.functions.v2.OperationMetadata","createTime":"2026-02-08T18:30:18.463338311Z","target":"projects/glucose-goose/locations/us-central1/functions/nightscoutAlertsEvery5Min","verb":"update","cancelRequested":false,"apiVersion":"v2","requestResource":{"@type":"type.googleapis.com/google.cloud.functions.v2.Function","name":"projects/glucose-goose/locations/us-central1/functions/nightscoutAlertsEvery5Min","buildConfig":{"runtime":"nodejs24","entryPoint":"nightscoutAlertsEvery5Min","source":{"storageSource":{"bucket":"gcf-v2-sources-101841828420-us-central1","object":"nightscoutAlertsEvery5Min/function-source.zip","generation":"1770575418412935"}},"environmentVariables":{"GOOGLE_NODE_RUN_SCRIPTS":""},"dockerRepository":"projects/glucose-goose/locations/us-central1/repositories/gcf-artifacts","sourceProvenance":{"resolvedStorageSource":{"bucket":"gcf-v2-sources-101841828420-us-central1","object":"nightscoutAlertsEvery5Min/function-source.zip","generation":"1770574006439038"}},"dockerRegistry":"ARTIFACT_REGISTRY","serviceAccount":"projects/glucose-goose/serviceAccounts/101841828420-compute@developer.gserviceaccount.com","automaticUpdatePolicy":{}},"serviceConfig":{"service":"projects/glucose-goose/locations/us-central1/services/nightscoutalertsevery5min","timeoutSeconds":540,"environmentVariables":{"FIREBASE_CONFIG":"{\"projectId\":\"glucose-goose\",\"storageBucket\":\"glucose-goose.firebasestorage.app\"}","GCLOUD_PROJECT":"glucose-goose","EVENTARC_CLOUD_EVENT_SOURCE":"projects/glucose-goose/locations/us-central1/services/nightscoutAlertsEvery5Min","FUNCTION_TARGET":"nightscoutAlertsEvery5Min","LOG_EXECUTION_ID":"true"},"ingressSettings":"ALLOW_ALL","uri":"https://nightscoutalertsevery5min-ft7us77rra-uc.a.run.app","serviceAccountEmail":"101841828420-compute@developer.gserviceaccount.com","availableMemory":"512Mi","allTrafficOnLatestRevision":true,"revision":"nightscoutalertsevery5min-00002-doz","maxInstanceRequestConcurrency":80,"availableCpu":"1"},"state":"ACTIVE","labels":{"deployment-tool":"cli-firebase","deployment-scheduled":"true","firebase-functions-hash":"9a3e4fb5f347fac7c38c279f55dd6f77f8b4f0a8"},"environment":"GEN_2","url":"https://us-central1-glucose-goose.cloudfunctions.net/nightscoutAlertsEvery5Min","satisfiesPzi":true},"stages":[{"name":"BUILD","message":"Build in progress","state":"IN_PROGRESS","resource":"projects/101841828420/locations/us-central1/builds/137a7851-dc7c-434c-8bcb-bdce6bc29368","resourceUri":"https://console.cloud.google.com/cloud-build/builds;region=us-central1/137a7851-dc7c-434c-8bcb-bdce6bc29368?project=101841828420"},{"name":"SERVICE","state":"NOT_STARTED"}],"operationType":"UPDATE_FUNCTION","buildName":"projects/101841828420/locations/us-central1/builds/137a7851-dc7c-434c-8bcb-bdce6bc29368"},"done":false}
[debug] [2026-02-08T18:30:21.151Z] <<< [apiv2][status] GET https://cloudfunctions.googleapis.com/v2/projects/glucose-goose/locations/us-central1/operations/operation-1770575418068-64a5436d78f86-d0bfc44f-132adee7 200
[debug] [2026-02-08T18:30:21.151Z] <<< [apiv2][body] GET https://cloudfunctions.googleapis.com/v2/projects/glucose-goose/locations/us-central1/operations/operation-1770575418068-64a5436d78f86-d0bfc44f-132adee7 {"name":"projects/glucose-goose/locations/us-central1/operations/operation-1770575418068-64a5436d78f86-d0bfc44f-132adee7","metadata":{"@type":"type.googleapis.com/google.cloud.functions.v2.OperationMetadata","createTime":"2026-02-08T18:30:18.791090205Z","target":"projects/glucose-goose/locations/us-central1/functions/analyzeMeal","verb":"update","cancelRequested":false,"apiVersion":"v2","requestResource":{"@type":"type.googleapis.com/google.cloud.functions.v2.Function","name":"projects/glucose-goose/locations/us-central1/functions/analyzeMeal","buildConfig":{"runtime":"nodejs24","entryPoint":"analyzeMeal","source":{"storageSource":{"bucket":"gcf-v2-sources-101841828420-us-central1","object":"analyzeMeal/function-source.zip","generation":"1770575418745691"}},"environmentVariables":{"GOOGLE_NODE_RUN_SCRIPTS":""},"dockerRepository":"projects/glucose-goose/locations/us-central1/repositories/gcf-artifacts","sourceProvenance":{"resolvedStorageSource":{"bucket":"gcf-v2-sources-101841828420-us-central1","object":"analyzeMeal/function-source.zip","generation":"1770574006268164"}},"dockerRegistry":"ARTIFACT_REGISTRY","serviceAccount":"projects/glucose-goose/serviceAccounts/101841828420-compute@developer.gserviceaccount.com","automaticUpdatePolicy":{}},"serviceConfig":{"service":"projects/glucose-goose/locations/us-central1/services/analyzemeal","timeoutSeconds":60,"environmentVariables":{"FIREBASE_CONFIG":"{\"projectId\":\"glucose-goose\",\"storageBucket\":\"glucose-goose.firebasestorage.app\"}","GCLOUD_PROJECT":"glucose-goose","EVENTARC_CLOUD_EVENT_SOURCE":"projects/glucose-goose/locations/us-central1/services/analyzeMeal","FUNCTION_TARGET":"analyzeMeal","LOG_EXECUTION_ID":"true"},"ingressSettings":"ALLOW_ALL","uri":"https://analyzemeal-ft7us77rra-uc.a.run.app","serviceAccountEmail":"101841828420-compute@developer.gserviceaccount.com","availableMemory":"256Mi","allTrafficOnLatestRevision":true,"secretEnvironmentVariables":[{"key":"GEMINI_API_KEY","projectId":"glucose-goose","secret":"GEMINI_API_KEY","version":"3"}],"revision":"analyzemeal-00032-teh","maxInstanceRequestConcurrency":80,"availableCpu":"1"},"state":"ACTIVE","labels":{"deployment-tool":"cli-firebase","firebase-functions-hash":"9a3e4fb5f347fac7c38c279f55dd6f77f8b4f0a8"},"environment":"GEN_2","url":"https://us-central1-glucose-goose.cloudfunctions.net/analyzeMeal","satisfiesPzi":true},"stages":[{"name":"BUILD","message":"Build in progress","state":"IN_PROGRESS","resource":"projects/101841828420/locations/us-central1/builds/0edf23fc-c26c-44df-bfee-cbbbd685eafb","resourceUri":"https://console.cloud.google.com/cloud-build/builds;region=us-central1/0edf23fc-c26c-44df-bfee-cbbbd685eafb?project=101841828420"},{"name":"SERVICE","state":"NOT_STARTED"}],"operationType":"UPDATE_FUNCTION","buildName":"projects/101841828420/locations/us-central1/builds/0edf23fc-c26c-44df-bfee-cbbbd685eafb"},"done":false}
[debug] [2026-02-08T18:30:21.152Z] <<< [apiv2][status] GET https://cloudfunctions.googleapis.com/v2/projects/glucose-goose/locations/us-central1/operations/operation-1770575418269-64a5436da9e40-d705d536-4c9938d8 200
[debug] [2026-02-08T18:30:21.152Z] <<< [apiv2][body] GET https://cloudfunctions.googleapis.com/v2/projects/glucose-goose/locations/us-central1/operations/operation-1770575418269-64a5436da9e40-d705d536-4c9938d8 {"name":"projects/glucose-goose/locations/us-central1/operations/operation-1770575418269-64a5436da9e40-d705d536-4c9938d8","metadata":{"@type":"type.googleapis.com/google.cloud.functions.v2.OperationMetadata","createTime":"2026-02-08T18:30:18.937045034Z","target":"projects/glucose-goose/locations/us-central1/functions/simulateGlucose","verb":"update","cancelRequested":false,"apiVersion":"v2","requestResource":{"@type":"type.googleapis.com/google.cloud.functions.v2.Function","name":"projects/glucose-goose/locations/us-central1/functions/simulateGlucose","buildConfig":{"runtime":"nodejs24","entryPoint":"simulateGlucose","source":{"storageSource":{"bucket":"gcf-v2-sources-101841828420-us-central1","object":"simulateGlucose/function-source.zip","generation":"1770575418892823"}},"environmentVariables":{"GOOGLE_NODE_RUN_SCRIPTS":""},"dockerRepository":"projects/glucose-goose/locations/us-central1/repositories/gcf-artifacts","sourceProvenance":{"resolvedStorageSource":{"bucket":"gcf-v2-sources-101841828420-us-central1","object":"simulateGlucose/function-source.zip","generation":"1770574006481717"}},"dockerRegistry":"ARTIFACT_REGISTRY","serviceAccount":"projects/glucose-goose/serviceAccounts/101841828420-compute@developer.gserviceaccount.com","automaticUpdatePolicy":{}},"serviceConfig":{"service":"projects/glucose-goose/locations/us-central1/services/simulateglucose","timeoutSeconds":60,"environmentVariables":{"FIREBASE_CONFIG":"{\"projectId\":\"glucose-goose\",\"storageBucket\":\"glucose-goose.firebasestorage.app\"}","GCLOUD_PROJECT":"glucose-goose","EVENTARC_CLOUD_EVENT_SOURCE":"projects/glucose-goose/locations/us-central1/services/simulateGlucose","FUNCTION_TARGET":"simulateGlucose","LOG_EXECUTION_ID":"true"},"ingressSettings":"ALLOW_ALL","uri":"https://simulateglucose-ft7us77rra-uc.a.run.app","serviceAccountEmail":"101841828420-compute@developer.gserviceaccount.com","availableMemory":"256Mi","allTrafficOnLatestRevision":true,"revision":"simulateglucose-00002-cap","maxInstanceRequestConcurrency":80,"availableCpu":"1"},"state":"ACTIVE","labels":{"deployment-tool":"cli-firebase","deployment-scheduled":"true","firebase-functions-hash":"9a3e4fb5f347fac7c38c279f55dd6f77f8b4f0a8"},"environment":"GEN_2","url":"https://us-central1-glucose-goose.cloudfunctions.net/simulateGlucose","satisfiesPzi":true},"stages":[{"name":"BUILD","message":"Build in progress","state":"IN_PROGRESS","resource":"projects/101841828420/locations/us-central1/builds/69cf1bda-495b-40f2-be8f-199304da5a98","resourceUri":"https://console.cloud.google.com/cloud-build/builds;region=us-central1/69cf1bda-495b-40f2-be8f-199304da5a98?project=101841828420"},{"name":"SERVICE","state":"NOT_STARTED"}],"operationType":"UPDATE_FUNCTION","buildName":"projects/101841828420/locations/us-central1/builds/69cf1bda-495b-40f2-be8f-199304da5a98"},"done":false}
[debug] [2026-02-08T18:30:21.258Z] <<< [apiv2][status] GET https://cloudfunctions.googleapis.com/v2/projects/glucose-goose/locations/us-central1/operations/operation-1770575418241-64a5436da3211-5942329b-44e21965 200
[debug] [2026-02-08T18:30:21.259Z] <<< [apiv2][body] GET https://cloudfunctions.googleapis.com/v2/projects/glucose-goose/locations/us-central1/operations/operation-1770575418241-64a5436da3211-5942329b-44e21965 {"name":"projects/glucose-goose/locations/us-central1/operations/operation-1770575418241-64a5436da3211-5942329b-44e21965","metadata":{"@type":"type.googleapis.com/google.cloud.functions.v2.OperationMetadata","createTime":"2026-02-08T18:30:19.005291709Z","target":"projects/glucose-goose/locations/us-central1/functions/getEmailFromUsername","verb":"update","cancelRequested":false,"apiVersion":"v2","requestResource":{"@type":"type.googleapis.com/google.cloud.functions.v2.Function","name":"projects/glucose-goose/locations/us-central1/functions/getEmailFromUsername","buildConfig":{"runtime":"nodejs24","entryPoint":"getEmailFromUsername","source":{"storageSource":{"bucket":"gcf-v2-sources-101841828420-us-central1","object":"getEmailFromUsername/function-source.zip","generation":"1770575418957386"}},"environmentVariables":{"GOOGLE_NODE_RUN_SCRIPTS":""},"dockerRepository":"projects/glucose-goose/locations/us-central1/repositories/gcf-artifacts","sourceProvenance":{"resolvedStorageSource":{"bucket":"gcf-v2-sources-101841828420-us-central1","object":"getEmailFromUsername/function-source.zip","generation":"1770574006477482"}},"dockerRegistry":"ARTIFACT_REGISTRY","serviceAccount":"projects/glucose-goose/serviceAccounts/101841828420-compute@developer.gserviceaccount.com","automaticUpdatePolicy":{}},"serviceConfig":{"service":"projects/glucose-goose/locations/us-central1/services/getemailfromusername","timeoutSeconds":60,"environmentVariables":{"FIREBASE_CONFIG":"{\"projectId\":\"glucose-goose\",\"storageBucket\":\"glucose-goose.firebasestorage.app\"}","GCLOUD_PROJECT":"glucose-goose","EVENTARC_CLOUD_EVENT_SOURCE":"projects/glucose-goose/locations/us-central1/services/getEmailFromUsername","FUNCTION_TARGET":"getEmailFromUsername","LOG_EXECUTION_ID":"true"},"ingressSettings":"ALLOW_ALL","uri":"https://getemailfromusername-ft7us77rra-uc.a.run.app","serviceAccountEmail":"101841828420-compute@developer.gserviceaccount.com","availableMemory":"256Mi","allTrafficOnLatestRevision":true,"revision":"getemailfromusername-00041-qur","maxInstanceRequestConcurrency":80,"availableCpu":"1"},"state":"ACTIVE","labels":{"deployment-tool":"cli-firebase","firebase-functions-hash":"9a3e4fb5f347fac7c38c279f55dd6f77f8b4f0a8"},"environment":"GEN_2","url":"https://us-central1-glucose-goose.cloudfunctions.net/getEmailFromUsername","satisfiesPzi":true},"stages":[{"name":"BUILD","message":"Build in progress","state":"IN_PROGRESS","resource":"projects/101841828420/locations/us-central1/builds/362c85f4-e4ae-47a0-b299-0d2f8db14071","resourceUri":"https://console.cloud.google.com/cloud-build/builds;region=us-central1/362c85f4-e4ae-47a0-b299-0d2f8db14071?project=101841828420"},{"name":"SERVICE","state":"NOT_STARTED"}],"operationType":"UPDATE_FUNCTION","buildName":"projects/101841828420/locations/us-central1/builds/362c85f4-e4ae-47a0-b299-0d2f8db14071"},"done":false}
[debug] [2026-02-08T18:30:21.709Z] [update-default-us-central1-nightscoutAlertsEvery5Min] Retrying task index 0
[debug] [2026-02-08T18:30:21.710Z] Checked if tokens are valid: true, expires at: 1770577582146
[debug] [2026-02-08T18:30:21.710Z] Checked if tokens are valid: true, expires at: 1770577582146
[debug] [2026-02-08T18:30:21.711Z] >>> [apiv2][query] GET https://cloudfunctions.googleapis.com/v2/projects/glucose-goose/locations/us-central1/operations/operation-1770575417727-64a5436d258d8-cfa8a225-f0a22d50 [none]
[debug] [2026-02-08T18:30:22.152Z] [update-default-us-central1-analyzeMeal] Retrying task index 0
[debug] [2026-02-08T18:30:22.153Z] Checked if tokens are valid: true, expires at: 1770577582146
[debug] [2026-02-08T18:30:22.153Z] Checked if tokens are valid: true, expires at: 1770577582146
[debug] [2026-02-08T18:30:22.153Z] >>> [apiv2][query] GET https://cloudfunctions.googleapis.com/v2/projects/glucose-goose/locations/us-central1/operations/operation-1770575418068-64a5436d78f86-d0bfc44f-132adee7 [none]
[debug] [2026-02-08T18:30:22.155Z] [update-default-us-central1-simulateGlucose] Retrying task index 0
[debug] [2026-02-08T18:30:22.155Z] Checked if tokens are valid: true, expires at: 1770577582146
[debug] [2026-02-08T18:30:22.155Z] Checked if tokens are valid: true, expires at: 1770577582146
[debug] [2026-02-08T18:30:22.155Z] >>> [apiv2][query] GET https://cloudfunctions.googleapis.com/v2/projects/glucose-goose/locations/us-central1/operations/operation-1770575418269-64a5436da9e40-d705d536-4c9938d8 [none]
[debug] [2026-02-08T18:30:22.259Z] [update-default-us-central1-getEmailFromUsername] Retrying task index 0
[debug] [2026-02-08T18:30:22.260Z] Checked if tokens are valid: true, expires at: 1770577582146
[debug] [2026-02-08T18:30:22.260Z] Checked if tokens are valid: true, expires at: 1770577582146
[debug] [2026-02-08T18:30:22.260Z] >>> [apiv2][query] GET https://cloudfunctions.googleapis.com/v2/projects/glucose-goose/locations/us-central1/operations/operation-1770575418241-64a5436da3211-5942329b-44e21965 [none]
[debug] [2026-02-08T18:30:22.490Z] <<< [apiv2][status] GET https://cloudfunctions.googleapis.com/v2/projects/glucose-goose/locations/us-central1/operations/operation-1770575417727-64a5436d258d8-cfa8a225-f0a22d50 200
[debug] [2026-02-08T18:30:22.490Z] <<< [apiv2][body] GET https://cloudfunctions.googleapis.com/v2/projects/glucose-goose/locations/us-central1/operations/operation-1770575417727-64a5436d258d8-cfa8a225-f0a22d50 {"name":"projects/glucose-goose/locations/us-central1/operations/operation-1770575417727-64a5436d258d8-cfa8a225-f0a22d50","metadata":{"@type":"type.googleapis.com/google.cloud.functions.v2.OperationMetadata","createTime":"2026-02-08T18:30:18.463338311Z","target":"projects/glucose-goose/locations/us-central1/functions/nightscoutAlertsEvery5Min","verb":"update","cancelRequested":false,"apiVersion":"v2","requestResource":{"@type":"type.googleapis.com/google.cloud.functions.v2.Function","name":"projects/glucose-goose/locations/us-central1/functions/nightscoutAlertsEvery5Min","buildConfig":{"runtime":"nodejs24","entryPoint":"nightscoutAlertsEvery5Min","source":{"storageSource":{"bucket":"gcf-v2-sources-101841828420-us-central1","object":"nightscoutAlertsEvery5Min/function-source.zip","generation":"1770575418412935"}},"environmentVariables":{"GOOGLE_NODE_RUN_SCRIPTS":""},"dockerRepository":"projects/glucose-goose/locations/us-central1/repositories/gcf-artifacts","sourceProvenance":{"resolvedStorageSource":{"bucket":"gcf-v2-sources-101841828420-us-central1","object":"nightscoutAlertsEvery5Min/function-source.zip","generation":"1770574006439038"}},"dockerRegistry":"ARTIFACT_REGISTRY","serviceAccount":"projects/glucose-goose/serviceAccounts/101841828420-compute@developer.gserviceaccount.com","automaticUpdatePolicy":{}},"serviceConfig":{"service":"projects/glucose-goose/locations/us-central1/services/nightscoutalertsevery5min","timeoutSeconds":540,"environmentVariables":{"FIREBASE_CONFIG":"{\"projectId\":\"glucose-goose\",\"storageBucket\":\"glucose-goose.firebasestorage.app\"}","GCLOUD_PROJECT":"glucose-goose","EVENTARC_CLOUD_EVENT_SOURCE":"projects/glucose-goose/locations/us-central1/services/nightscoutAlertsEvery5Min","FUNCTION_TARGET":"nightscoutAlertsEvery5Min","LOG_EXECUTION_ID":"true"},"ingressSettings":"ALLOW_ALL","uri":"https://nightscoutalertsevery5min-ft7us77rra-uc.a.run.app","serviceAccountEmail":"101841828420-compute@developer.gserviceaccount.com","availableMemory":"512Mi","allTrafficOnLatestRevision":true,"revision":"nightscoutalertsevery5min-00002-doz","maxInstanceRequestConcurrency":80,"availableCpu":"1"},"state":"ACTIVE","labels":{"deployment-tool":"cli-firebase","deployment-scheduled":"true","firebase-functions-hash":"9a3e4fb5f347fac7c38c279f55dd6f77f8b4f0a8"},"environment":"GEN_2","url":"https://us-central1-glucose-goose.cloudfunctions.net/nightscoutAlertsEvery5Min","satisfiesPzi":true},"stages":[{"name":"BUILD","message":"Build in progress","state":"IN_PROGRESS","resource":"projects/101841828420/locations/us-central1/builds/137a7851-dc7c-434c-8bcb-bdce6bc29368","resourceUri":"https://console.cloud.google.com/cloud-build/builds;region=us-central1/137a7851-dc7c-434c-8bcb-bdce6bc29368?project=101841828420"},{"name":"SERVICE","state":"NOT_STARTED"}],"operationType":"UPDATE_FUNCTION","buildName":"projects/101841828420/locations/us-central1/builds/137a7851-dc7c-434c-8bcb-bdce6bc29368"},"done":false}
[debug] [2026-02-08T18:30:23.165Z] <<< [apiv2][status] GET https://cloudfunctions.googleapis.com/v2/projects/glucose-goose/locations/us-central1/operations/operation-1770575418068-64a5436d78f86-d0bfc44f-132adee7 200
[debug] [2026-02-08T18:30:23.165Z] <<< [apiv2][body] GET https://cloudfunctions.googleapis.com/v2/projects/glucose-goose/locations/us-central1/operations/operation-1770575418068-64a5436d78f86-d0bfc44f-132adee7 {"name":"projects/glucose-goose/locations/us-central1/operations/operation-1770575418068-64a5436d78f86-d0bfc44f-132adee7","metadata":{"@type":"type.googleapis.com/google.cloud.functions.v2.OperationMetadata","createTime":"2026-02-08T18:30:18.791090205Z","target":"projects/glucose-goose/locations/us-central1/functions/analyzeMeal","verb":"update","cancelRequested":false,"apiVersion":"v2","requestResource":{"@type":"type.googleapis.com/google.cloud.functions.v2.Function","name":"projects/glucose-goose/locations/us-central1/functions/analyzeMeal","buildConfig":{"runtime":"nodejs24","entryPoint":"analyzeMeal","source":{"storageSource":{"bucket":"gcf-v2-sources-101841828420-us-central1","object":"analyzeMeal/function-source.zip","generation":"1770575418745691"}},"environmentVariables":{"GOOGLE_NODE_RUN_SCRIPTS":""},"dockerRepository":"projects/glucose-goose/locations/us-central1/repositories/gcf-artifacts","sourceProvenance":{"resolvedStorageSource":{"bucket":"gcf-v2-sources-101841828420-us-central1","object":"analyzeMeal/function-source.zip","generation":"1770574006268164"}},"dockerRegistry":"ARTIFACT_REGISTRY","serviceAccount":"projects/glucose-goose/serviceAccounts/101841828420-compute@developer.gserviceaccount.com","automaticUpdatePolicy":{}},"serviceConfig":{"service":"projects/glucose-goose/locations/us-central1/services/analyzemeal","timeoutSeconds":60,"environmentVariables":{"FIREBASE_CONFIG":"{\"projectId\":\"glucose-goose\",\"storageBucket\":\"glucose-goose.firebasestorage.app\"}","GCLOUD_PROJECT":"glucose-goose","EVENTARC_CLOUD_EVENT_SOURCE":"projects/glucose-goose/locations/us-central1/services/analyzeMeal","FUNCTION_TARGET":"analyzeMeal","LOG_EXECUTION_ID":"true"},"ingressSettings":"ALLOW_ALL","uri":"https://analyzemeal-ft7us77rra-uc.a.run.app","serviceAccountEmail":"101841828420-compute@developer.gserviceaccount.com","availableMemory":"256Mi","allTrafficOnLatestRevision":true,"secretEnvironmentVariables":[{"key":"GEMINI_API_KEY","projectId":"glucose-goose","secret":"GEMINI_API_KEY","version":"3"}],"revision":"analyzemeal-00032-teh","maxInstanceRequestConcurrency":80,"availableCpu":"1"},"state":"ACTIVE","labels":{"deployment-tool":"cli-firebase","firebase-functions-hash":"9a3e4fb5f347fac7c38c279f55dd6f77f8b4f0a8"},"environment":"GEN_2","url":"https://us-central1-glucose-goose.cloudfunctions.net/analyzeMeal","satisfiesPzi":true},"stages":[{"name":"BUILD","message":"Build in progress","state":"IN_PROGRESS","resource":"projects/101841828420/locations/us-central1/builds/0edf23fc-c26c-44df-bfee-cbbbd685eafb","resourceUri":"https://console.cloud.google.com/cloud-build/builds;region=us-central1/0edf23fc-c26c-44df-bfee-cbbbd685eafb?project=101841828420"},{"name":"SERVICE","state":"NOT_STARTED"}],"operationType":"UPDATE_FUNCTION","buildName":"projects/101841828420/locations/us-central1/builds/0edf23fc-c26c-44df-bfee-cbbbd685eafb"},"done":false}
[debug] [2026-02-08T18:30:23.166Z] <<< [apiv2][status] GET https://cloudfunctions.googleapis.com/v2/projects/glucose-goose/locations/us-central1/operations/operation-1770575418269-64a5436da9e40-d705d536-4c9938d8 200
[debug] [2026-02-08T18:30:23.166Z] <<< [apiv2][body] GET https://cloudfunctions.googleapis.com/v2/projects/glucose-goose/locations/us-central1/operations/operation-1770575418269-64a5436da9e40-d705d536-4c9938d8 {"name":"projects/glucose-goose/locations/us-central1/operations/operation-1770575418269-64a5436da9e40-d705d536-4c9938d8","metadata":{"@type":"type.googleapis.com/google.cloud.functions.v2.OperationMetadata","createTime":"2026-02-08T18:30:18.937045034Z","target":"projects/glucose-goose/locations/us-central1/functions/simulateGlucose","verb":"update","cancelRequested":false,"apiVersion":"v2","requestResource":{"@type":"type.googleapis.com/google.cloud.functions.v2.Function","name":"projects/glucose-goose/locations/us-central1/functions/simulateGlucose","buildConfig":{"runtime":"nodejs24","entryPoint":"simulateGlucose","source":{"storageSource":{"bucket":"gcf-v2-sources-101841828420-us-central1","object":"simulateGlucose/function-source.zip","generation":"1770575418892823"}},"environmentVariables":{"GOOGLE_NODE_RUN_SCRIPTS":""},"dockerRepository":"projects/glucose-goose/locations/us-central1/repositories/gcf-artifacts","sourceProvenance":{"resolvedStorageSource":{"bucket":"gcf-v2-sources-101841828420-us-central1","object":"simulateGlucose/function-source.zip","generation":"1770574006481717"}},"dockerRegistry":"ARTIFACT_REGISTRY","serviceAccount":"projects/glucose-goose/serviceAccounts/101841828420-compute@developer.gserviceaccount.com","automaticUpdatePolicy":{}},"serviceConfig":{"service":"projects/glucose-goose/locations/us-central1/services/simulateglucose","timeoutSeconds":60,"environmentVariables":{"FIREBASE_CONFIG":"{\"projectId\":\"glucose-goose\",\"storageBucket\":\"glucose-goose.firebasestorage.app\"}","GCLOUD_PROJECT":"glucose-goose","EVENTARC_CLOUD_EVENT_SOURCE":"projects/glucose-goose/locations/us-central1/services/simulateGlucose","FUNCTION_TARGET":"simulateGlucose","LOG_EXECUTION_ID":"true"},"ingressSettings":"ALLOW_ALL","uri":"https://simulateglucose-ft7us77rra-uc.a.run.app","serviceAccountEmail":"101841828420-compute@developer.gserviceaccount.com","availableMemory":"256Mi","allTrafficOnLatestRevision":true,"revision":"simulateglucose-00002-cap","maxInstanceRequestConcurrency":80,"availableCpu":"1"},"state":"ACTIVE","labels":{"deployment-tool":"cli-firebase","deployment-scheduled":"true","firebase-functions-hash":"9a3e4fb5f347fac7c38c279f55dd6f77f8b4f0a8"},"environment":"GEN_2","url":"https://us-central1-glucose-goose.cloudfunctions.net/simulateGlucose","satisfiesPzi":true},"stages":[{"name":"BUILD","message":"Build in progress","state":"IN_PROGRESS","resource":"projects/101841828420/locations/us-central1/builds/69cf1bda-495b-40f2-be8f-199304da5a98","resourceUri":"https://console.cloud.google.com/cloud-build/builds;region=us-central1/69cf1bda-495b-40f2-be8f-199304da5a98?project=101841828420"},{"name":"SERVICE","state":"NOT_STARTED"}],"operationType":"UPDATE_FUNCTION","buildName":"projects/101841828420/locations/us-central1/builds/69cf1bda-495b-40f2-be8f-199304da5a98"},"done":false}
[debug] [2026-02-08T18:30:23.167Z] <<< [apiv2][status] GET https://cloudfunctions.googleapis.com/v2/projects/glucose-goose/locations/us-central1/operations/operation-1770575418241-64a5436da3211-5942329b-44e21965 200
[debug] [2026-02-08T18:30:23.167Z] <<< [apiv2][body] GET https://cloudfunctions.googleapis.com/v2/projects/glucose-goose/locations/us-central1/operations/operation-1770575418241-64a5436da3211-5942329b-44e21965 {"name":"projects/glucose-goose/locations/us-central1/operations/operation-1770575418241-64a5436da3211-5942329b-44e21965","metadata":{"@type":"type.googleapis.com/google.cloud.functions.v2.OperationMetadata","createTime":"2026-02-08T18:30:19.005291709Z","target":"projects/glucose-goose/locations/us-central1/functions/getEmailFromUsername","verb":"update","cancelRequested":false,"apiVersion":"v2","requestResource":{"@type":"type.googleapis.com/google.cloud.functions.v2.Function","name":"projects/glucose-goose/locations/us-central1/functions/getEmailFromUsername","buildConfig":{"runtime":"nodejs24","entryPoint":"getEmailFromUsername","source":{"storageSource":{"bucket":"gcf-v2-sources-101841828420-us-central1","object":"getEmailFromUsername/function-source.zip","generation":"1770575418957386"}},"environmentVariables":{"GOOGLE_NODE_RUN_SCRIPTS":""},"dockerRepository":"projects/glucose-goose/locations/us-central1/repositories/gcf-artifacts","sourceProvenance":{"resolvedStorageSource":{"bucket":"gcf-v2-sources-101841828420-us-central1","object":"getEmailFromUsername/function-source.zip","generation":"1770574006477482"}},"dockerRegistry":"ARTIFACT_REGISTRY","serviceAccount":"projects/glucose-goose/serviceAccounts/101841828420-compute@developer.gserviceaccount.com","automaticUpdatePolicy":{}},"serviceConfig":{"service":"projects/glucose-goose/locations/us-central1/services/getemailfromusername","timeoutSeconds":60,"environmentVariables":{"FIREBASE_CONFIG":"{\"projectId\":\"glucose-goose\",\"storageBucket\":\"glucose-goose.firebasestorage.app\"}","GCLOUD_PROJECT":"glucose-goose","EVENTARC_CLOUD_EVENT_SOURCE":"projects/glucose-goose/locations/us-central1/services/getEmailFromUsername","FUNCTION_TARGET":"getEmailFromUsername","LOG_EXECUTION_ID":"true"},"ingressSettings":"ALLOW_ALL","uri":"https://getemailfromusername-ft7us77rra-uc.a.run.app","serviceAccountEmail":"101841828420-compute@developer.gserviceaccount.com","availableMemory":"256Mi","allTrafficOnLatestRevision":true,"revision":"getemailfromusername-00041-qur","maxInstanceRequestConcurrency":80,"availableCpu":"1"},"state":"ACTIVE","labels":{"deployment-tool":"cli-firebase","firebase-functions-hash":"9a3e4fb5f347fac7c38c279f55dd6f77f8b4f0a8"},"environment":"GEN_2","url":"https://us-central1-glucose-goose.cloudfunctions.net/getEmailFromUsername","satisfiesPzi":true},"stages":[{"name":"BUILD","message":"Build in progress","state":"IN_PROGRESS","resource":"projects/101841828420/locations/us-central1/builds/362c85f4-e4ae-47a0-b299-0d2f8db14071","resourceUri":"https://console.cloud.google.com/cloud-build/builds;region=us-central1/362c85f4-e4ae-47a0-b299-0d2f8db14071?project=101841828420"},{"name":"SERVICE","state":"NOT_STARTED"}],"operationType":"UPDATE_FUNCTION","buildName":"projects/101841828420/locations/us-central1/builds/362c85f4-e4ae-47a0-b299-0d2f8db14071"},"done":false}
[debug] [2026-02-08T18:30:24.492Z] [update-default-us-central1-nightscoutAlertsEvery5Min] Retrying task index 0
[debug] [2026-02-08T18:30:24.492Z] Checked if tokens are valid: true, expires at: 1770577582146
[debug] [2026-02-08T18:30:24.492Z] Checked if tokens are valid: true, expires at: 1770577582146
[debug] [2026-02-08T18:30:24.493Z] >>> [apiv2][query] GET https://cloudfunctions.googleapis.com/v2/projects/glucose-goose/locations/us-central1/operations/operation-1770575417727-64a5436d258d8-cfa8a225-f0a22d50 [none]
[debug] [2026-02-08T18:30:25.166Z] [update-default-us-central1-analyzeMeal] Retrying task index 0
[debug] [2026-02-08T18:30:25.167Z] Checked if tokens are valid: true, expires at: 1770577582146
[debug] [2026-02-08T18:30:25.167Z] Checked if tokens are valid: true, expires at: 1770577582146
[debug] [2026-02-08T18:30:25.168Z] >>> [apiv2][query] GET https://cloudfunctions.googleapis.com/v2/projects/glucose-goose/locations/us-central1/operations/operation-1770575418068-64a5436d78f86-d0bfc44f-132adee7 [none]
[debug] [2026-02-08T18:30:25.169Z] [update-default-us-central1-simulateGlucose] Retrying task index 0
[debug] [2026-02-08T18:30:25.170Z] Checked if tokens are valid: true, expires at: 1770577582146
[debug] [2026-02-08T18:30:25.170Z] Checked if tokens are valid: true, expires at: 1770577582146
[debug] [2026-02-08T18:30:25.170Z] >>> [apiv2][query] GET https://cloudfunctions.googleapis.com/v2/projects/glucose-goose/locations/us-central1/operations/operation-1770575418269-64a5436da9e40-d705d536-4c9938d8 [none]
[debug] [2026-02-08T18:30:25.171Z] [update-default-us-central1-getEmailFromUsername] Retrying task index 0
[debug] [2026-02-08T18:30:25.172Z] Checked if tokens are valid: true, expires at: 1770577582146
[debug] [2026-02-08T18:30:25.172Z] Checked if tokens are valid: true, expires at: 1770577582146
[debug] [2026-02-08T18:30:25.172Z] >>> [apiv2][query] GET https://cloudfunctions.googleapis.com/v2/projects/glucose-goose/locations/us-central1/operations/operation-1770575418241-64a5436da3211-5942329b-44e21965 [none]
[debug] [2026-02-08T18:30:25.275Z] <<< [apiv2][status] GET https://cloudfunctions.googleapis.com/v2/projects/glucose-goose/locations/us-central1/operations/operation-1770575417727-64a5436d258d8-cfa8a225-f0a22d50 200
[debug] [2026-02-08T18:30:25.276Z] <<< [apiv2][body] GET https://cloudfunctions.googleapis.com/v2/projects/glucose-goose/locations/us-central1/operations/operation-1770575417727-64a5436d258d8-cfa8a225-f0a22d50 {"name":"projects/glucose-goose/locations/us-central1/operations/operation-1770575417727-64a5436d258d8-cfa8a225-f0a22d50","metadata":{"@type":"type.googleapis.com/google.cloud.functions.v2.OperationMetadata","createTime":"2026-02-08T18:30:18.463338311Z","target":"projects/glucose-goose/locations/us-central1/functions/nightscoutAlertsEvery5Min","verb":"update","cancelRequested":false,"apiVersion":"v2","requestResource":{"@type":"type.googleapis.com/google.cloud.functions.v2.Function","name":"projects/glucose-goose/locations/us-central1/functions/nightscoutAlertsEvery5Min","buildConfig":{"runtime":"nodejs24","entryPoint":"nightscoutAlertsEvery5Min","source":{"storageSource":{"bucket":"gcf-v2-sources-101841828420-us-central1","object":"nightscoutAlertsEvery5Min/function-source.zip","generation":"1770575418412935"}},"environmentVariables":{"GOOGLE_NODE_RUN_SCRIPTS":""},"dockerRepository":"projects/glucose-goose/locations/us-central1/repositories/gcf-artifacts","sourceProvenance":{"resolvedStorageSource":{"bucket":"gcf-v2-sources-101841828420-us-central1","object":"nightscoutAlertsEvery5Min/function-source.zip","generation":"1770574006439038"}},"dockerRegistry":"ARTIFACT_REGISTRY","serviceAccount":"projects/glucose-goose/serviceAccounts/101841828420-compute@developer.gserviceaccount.com","automaticUpdatePolicy":{}},"serviceConfig":{"service":"projects/glucose-goose/locations/us-central1/services/nightscoutalertsevery5min","timeoutSeconds":540,"environmentVariables":{"FIREBASE_CONFIG":"{\"projectId\":\"glucose-goose\",\"storageBucket\":\"glucose-goose.firebasestorage.app\"}","GCLOUD_PROJECT":"glucose-goose","EVENTARC_CLOUD_EVENT_SOURCE":"projects/glucose-goose/locations/us-central1/services/nightscoutAlertsEvery5Min","FUNCTION_TARGET":"nightscoutAlertsEvery5Min","LOG_EXECUTION_ID":"true"},"ingressSettings":"ALLOW_ALL","uri":"https://nightscoutalertsevery5min-ft7us77rra-uc.a.run.app","serviceAccountEmail":"101841828420-compute@developer.gserviceaccount.com","availableMemory":"512Mi","allTrafficOnLatestRevision":true,"revision":"nightscoutalertsevery5min-00002-doz","maxInstanceRequestConcurrency":80,"availableCpu":"1"},"state":"ACTIVE","labels":{"deployment-tool":"cli-firebase","deployment-scheduled":"true","firebase-functions-hash":"9a3e4fb5f347fac7c38c279f55dd6f77f8b4f0a8"},"environment":"GEN_2","url":"https://us-central1-glucose-goose.cloudfunctions.net/nightscoutAlertsEvery5Min","satisfiesPzi":true},"stages":[{"name":"BUILD","message":"Build in progress","state":"IN_PROGRESS","resource":"projects/101841828420/locations/us-central1/builds/137a7851-dc7c-434c-8bcb-bdce6bc29368","resourceUri":"https://console.cloud.google.com/cloud-build/builds;region=us-central1/137a7851-dc7c-434c-8bcb-bdce6bc29368?project=101841828420"},{"name":"SERVICE","state":"NOT_STARTED"}],"operationType":"UPDATE_FUNCTION","buildName":"projects/101841828420/locations/us-central1/builds/137a7851-dc7c-434c-8bcb-bdce6bc29368"},"done":false}
[debug] [2026-02-08T18:30:26.368Z] <<< [apiv2][status] GET https://cloudfunctions.googleapis.com/v2/projects/glucose-goose/locations/us-central1/operations/operation-1770575418068-64a5436d78f86-d0bfc44f-132adee7 200
[debug] [2026-02-08T18:30:26.369Z] <<< [apiv2][body] GET https://cloudfunctions.googleapis.com/v2/projects/glucose-goose/locations/us-central1/operations/operation-1770575418068-64a5436d78f86-d0bfc44f-132adee7 {"name":"projects/glucose-goose/locations/us-central1/operations/operation-1770575418068-64a5436d78f86-d0bfc44f-132adee7","metadata":{"@type":"type.googleapis.com/google.cloud.functions.v2.OperationMetadata","createTime":"2026-02-08T18:30:18.791090205Z","target":"projects/glucose-goose/locations/us-central1/functions/analyzeMeal","verb":"update","cancelRequested":false,"apiVersion":"v2","requestResource":{"@type":"type.googleapis.com/google.cloud.functions.v2.Function","name":"projects/glucose-goose/locations/us-central1/functions/analyzeMeal","buildConfig":{"runtime":"nodejs24","entryPoint":"analyzeMeal","source":{"storageSource":{"bucket":"gcf-v2-sources-101841828420-us-central1","object":"analyzeMeal/function-source.zip","generation":"1770575418745691"}},"environmentVariables":{"GOOGLE_NODE_RUN_SCRIPTS":""},"dockerRepository":"projects/glucose-goose/locations/us-central1/repositories/gcf-artifacts","sourceProvenance":{"resolvedStorageSource":{"bucket":"gcf-v2-sources-101841828420-us-central1","object":"analyzeMeal/function-source.zip","generation":"1770574006268164"}},"dockerRegistry":"ARTIFACT_REGISTRY","serviceAccount":"projects/glucose-goose/serviceAccounts/101841828420-compute@developer.gserviceaccount.com","automaticUpdatePolicy":{}},"serviceConfig":{"service":"projects/glucose-goose/locations/us-central1/services/analyzemeal","timeoutSeconds":60,"environmentVariables":{"FIREBASE_CONFIG":"{\"projectId\":\"glucose-goose\",\"storageBucket\":\"glucose-goose.firebasestorage.app\"}","GCLOUD_PROJECT":"glucose-goose","EVENTARC_CLOUD_EVENT_SOURCE":"projects/glucose-goose/locations/us-central1/services/analyzeMeal","FUNCTION_TARGET":"analyzeMeal","LOG_EXECUTION_ID":"true"},"ingressSettings":"ALLOW_ALL","uri":"https://analyzemeal-ft7us77rra-uc.a.run.app","serviceAccountEmail":"101841828420-compute@developer.gserviceaccount.com","availableMemory":"256Mi","allTrafficOnLatestRevision":true,"secretEnvironmentVariables":[{"key":"GEMINI_API_KEY","projectId":"glucose-goose","secret":"GEMINI_API_KEY","version":"3"}],"revision":"analyzemeal-00032-teh","maxInstanceRequestConcurrency":80,"availableCpu":"1"},"state":"ACTIVE","labels":{"deployment-tool":"cli-firebase","firebase-functions-hash":"9a3e4fb5f347fac7c38c279f55dd6f77f8b4f0a8"},"environment":"GEN_2","url":"https://us-central1-glucose-goose.cloudfunctions.net/analyzeMeal","satisfiesPzi":true},"stages":[{"name":"BUILD","message":"Build in progress","state":"IN_PROGRESS","resource":"projects/101841828420/locations/us-central1/builds/0edf23fc-c26c-44df-bfee-cbbbd685eafb","resourceUri":"https://console.cloud.google.com/cloud-build/builds;region=us-central1/0edf23fc-c26c-44df-bfee-cbbbd685eafb?project=101841828420"},{"name":"SERVICE","state":"NOT_STARTED"}],"operationType":"UPDATE_FUNCTION","buildName":"projects/101841828420/locations/us-central1/builds/0edf23fc-c26c-44df-bfee-cbbbd685eafb"},"done":false}
[debug] [2026-02-08T18:30:26.371Z] <<< [apiv2][status] GET https://cloudfunctions.googleapis.com/v2/projects/glucose-goose/locations/us-central1/operations/operation-1770575418269-64a5436da9e40-d705d536-4c9938d8 200
[debug] [2026-02-08T18:30:26.371Z] <<< [apiv2][body] GET https://cloudfunctions.googleapis.com/v2/projects/glucose-goose/locations/us-central1/operations/operation-1770575418269-64a5436da9e40-d705d536-4c9938d8 {"name":"projects/glucose-goose/locations/us-central1/operations/operation-1770575418269-64a5436da9e40-d705d536-4c9938d8","metadata":{"@type":"type.googleapis.com/google.cloud.functions.v2.OperationMetadata","createTime":"2026-02-08T18:30:18.937045034Z","target":"projects/glucose-goose/locations/us-central1/functions/simulateGlucose","verb":"update","cancelRequested":false,"apiVersion":"v2","requestResource":{"@type":"type.googleapis.com/google.cloud.functions.v2.Function","name":"projects/glucose-goose/locations/us-central1/functions/simulateGlucose","buildConfig":{"runtime":"nodejs24","entryPoint":"simulateGlucose","source":{"storageSource":{"bucket":"gcf-v2-sources-101841828420-us-central1","object":"simulateGlucose/function-source.zip","generation":"1770575418892823"}},"environmentVariables":{"GOOGLE_NODE_RUN_SCRIPTS":""},"dockerRepository":"projects/glucose-goose/locations/us-central1/repositories/gcf-artifacts","sourceProvenance":{"resolvedStorageSource":{"bucket":"gcf-v2-sources-101841828420-us-central1","object":"simulateGlucose/function-source.zip","generation":"1770574006481717"}},"dockerRegistry":"ARTIFACT_REGISTRY","serviceAccount":"projects/glucose-goose/serviceAccounts/101841828420-compute@developer.gserviceaccount.com","automaticUpdatePolicy":{}},"serviceConfig":{"service":"projects/glucose-goose/locations/us-central1/services/simulateglucose","timeoutSeconds":60,"environmentVariables":{"FIREBASE_CONFIG":"{\"projectId\":\"glucose-goose\",\"storageBucket\":\"glucose-goose.firebasestorage.app\"}","GCLOUD_PROJECT":"glucose-goose","EVENTARC_CLOUD_EVENT_SOURCE":"projects/glucose-goose/locations/us-central1/services/simulateGlucose","FUNCTION_TARGET":"simulateGlucose","LOG_EXECUTION_ID":"true"},"ingressSettings":"ALLOW_ALL","uri":"https://simulateglucose-ft7us77rra-uc.a.run.app","serviceAccountEmail":"101841828420-compute@developer.gserviceaccount.com","availableMemory":"256Mi","allTrafficOnLatestRevision":true,"revision":"simulateglucose-00002-cap","maxInstanceRequestConcurrency":80,"availableCpu":"1"},"state":"ACTIVE","labels":{"deployment-tool":"cli-firebase","deployment-scheduled":"true","firebase-functions-hash":"9a3e4fb5f347fac7c38c279f55dd6f77f8b4f0a8"},"environment":"GEN_2","url":"https://us-central1-glucose-goose.cloudfunctions.net/simulateGlucose","satisfiesPzi":true},"stages":[{"name":"BUILD","message":"Build in progress","state":"IN_PROGRESS","resource":"projects/101841828420/locations/us-central1/builds/69cf1bda-495b-40f2-be8f-199304da5a98","resourceUri":"https://console.cloud.google.com/cloud-build/builds;region=us-central1/69cf1bda-495b-40f2-be8f-199304da5a98?project=101841828420"},{"name":"SERVICE","state":"NOT_STARTED"}],"operationType":"UPDATE_FUNCTION","buildName":"projects/101841828420/locations/us-central1/builds/69cf1bda-495b-40f2-be8f-199304da5a98"},"done":false}
[debug] [2026-02-08T18:30:26.643Z] <<< [apiv2][status] GET https://cloudfunctions.googleapis.com/v2/projects/glucose-goose/locations/us-central1/operations/operation-1770575418241-64a5436da3211-5942329b-44e21965 200
[debug] [2026-02-08T18:30:26.644Z] <<< [apiv2][body] GET https://cloudfunctions.googleapis.com/v2/projects/glucose-goose/locations/us-central1/operations/operation-1770575418241-64a5436da3211-5942329b-44e21965 {"name":"projects/glucose-goose/locations/us-central1/operations/operation-1770575418241-64a5436da3211-5942329b-44e21965","metadata":{"@type":"type.googleapis.com/google.cloud.functions.v2.OperationMetadata","createTime":"2026-02-08T18:30:19.005291709Z","target":"projects/glucose-goose/locations/us-central1/functions/getEmailFromUsername","verb":"update","cancelRequested":false,"apiVersion":"v2","requestResource":{"@type":"type.googleapis.com/google.cloud.functions.v2.Function","name":"projects/glucose-goose/locations/us-central1/functions/getEmailFromUsername","buildConfig":{"runtime":"nodejs24","entryPoint":"getEmailFromUsername","source":{"storageSource":{"bucket":"gcf-v2-sources-101841828420-us-central1","object":"getEmailFromUsername/function-source.zip","generation":"1770575418957386"}},"environmentVariables":{"GOOGLE_NODE_RUN_SCRIPTS":""},"dockerRepository":"projects/glucose-goose/locations/us-central1/repositories/gcf-artifacts","sourceProvenance":{"resolvedStorageSource":{"bucket":"gcf-v2-sources-101841828420-us-central1","object":"getEmailFromUsername/function-source.zip","generation":"1770574006477482"}},"dockerRegistry":"ARTIFACT_REGISTRY","serviceAccount":"projects/glucose-goose/serviceAccounts/101841828420-compute@developer.gserviceaccount.com","automaticUpdatePolicy":{}},"serviceConfig":{"service":"projects/glucose-goose/locations/us-central1/services/getemailfromusername","timeoutSeconds":60,"environmentVariables":{"FIREBASE_CONFIG":"{\"projectId\":\"glucose-goose\",\"storageBucket\":\"glucose-goose.firebasestorage.app\"}","GCLOUD_PROJECT":"glucose-goose","EVENTARC_CLOUD_EVENT_SOURCE":"projects/glucose-goose/locations/us-central1/services/getEmailFromUsername","FUNCTION_TARGET":"getEmailFromUsername","LOG_EXECUTION_ID":"true"},"ingressSettings":"ALLOW_ALL","uri":"https://getemailfromusername-ft7us77rra-uc.a.run.app","serviceAccountEmail":"101841828420-compute@developer.gserviceaccount.com","availableMemory":"256Mi","allTrafficOnLatestRevision":true,"revision":"getemailfromusername-00041-qur","maxInstanceRequestConcurrency":80,"availableCpu":"1"},"state":"ACTIVE","labels":{"deployment-tool":"cli-firebase","firebase-functions-hash":"9a3e4fb5f347fac7c38c279f55dd6f77f8b4f0a8"},"environment":"GEN_2","url":"https://us-central1-glucose-goose.cloudfunctions.net/getEmailFromUsername","satisfiesPzi":true},"stages":[{"name":"BUILD","message":"Build in progress","state":"IN_PROGRESS","resource":"projects/101841828420/locations/us-central1/builds/362c85f4-e4ae-47a0-b299-0d2f8db14071","resourceUri":"https://console.cloud.google.com/cloud-build/builds;region=us-central1/362c85f4-e4ae-47a0-b299-0d2f8db14071?project=101841828420"},{"name":"SERVICE","state":"NOT_STARTED"}],"operationType":"UPDATE_FUNCTION","buildName":"projects/101841828420/locations/us-central1/builds/362c85f4-e4ae-47a0-b299-0d2f8db14071"},"done":false}
[debug] [2026-02-08T18:30:29.280Z] [update-default-us-central1-nightscoutAlertsEvery5Min] Retrying task index 0
[debug] [2026-02-08T18:30:29.280Z] Checked if tokens are valid: true, expires at: 1770577582146
[debug] [2026-02-08T18:30:29.280Z] Checked if tokens are valid: true, expires at: 1770577582146
[debug] [2026-02-08T18:30:29.281Z] >>> [apiv2][query] GET https://cloudfunctions.googleapis.com/v2/projects/glucose-goose/locations/us-central1/operations/operation-1770575417727-64a5436d258d8-cfa8a225-f0a22d50 [none]
[debug] [2026-02-08T18:30:30.094Z] <<< [apiv2][status] GET https://cloudfunctions.googleapis.com/v2/projects/glucose-goose/locations/us-central1/operations/operation-1770575417727-64a5436d258d8-cfa8a225-f0a22d50 200
[debug] [2026-02-08T18:30:30.095Z] <<< [apiv2][body] GET https://cloudfunctions.googleapis.com/v2/projects/glucose-goose/locations/us-central1/operations/operation-1770575417727-64a5436d258d8-cfa8a225-f0a22d50 {"name":"projects/glucose-goose/locations/us-central1/operations/operation-1770575417727-64a5436d258d8-cfa8a225-f0a22d50","metadata":{"@type":"type.googleapis.com/google.cloud.functions.v2.OperationMetadata","createTime":"2026-02-08T18:30:18.463338311Z","target":"projects/glucose-goose/locations/us-central1/functions/nightscoutAlertsEvery5Min","verb":"update","cancelRequested":false,"apiVersion":"v2","requestResource":{"@type":"type.googleapis.com/google.cloud.functions.v2.Function","name":"projects/glucose-goose/locations/us-central1/functions/nightscoutAlertsEvery5Min","buildConfig":{"runtime":"nodejs24","entryPoint":"nightscoutAlertsEvery5Min","source":{"storageSource":{"bucket":"gcf-v2-sources-101841828420-us-central1","object":"nightscoutAlertsEvery5Min/function-source.zip","generation":"1770575418412935"}},"environmentVariables":{"GOOGLE_NODE_RUN_SCRIPTS":""},"dockerRepository":"projects/glucose-goose/locations/us-central1/repositories/gcf-artifacts","sourceProvenance":{"resolvedStorageSource":{"bucket":"gcf-v2-sources-101841828420-us-central1","object":"nightscoutAlertsEvery5Min/function-source.zip","generation":"1770574006439038"}},"dockerRegistry":"ARTIFACT_REGISTRY","serviceAccount":"projects/glucose-goose/serviceAccounts/101841828420-compute@developer.gserviceaccount.com","automaticUpdatePolicy":{}},"serviceConfig":{"service":"projects/glucose-goose/locations/us-central1/services/nightscoutalertsevery5min","timeoutSeconds":540,"environmentVariables":{"FIREBASE_CONFIG":"{\"projectId\":\"glucose-goose\",\"storageBucket\":\"glucose-goose.firebasestorage.app\"}","GCLOUD_PROJECT":"glucose-goose","EVENTARC_CLOUD_EVENT_SOURCE":"projects/glucose-goose/locations/us-central1/services/nightscoutAlertsEvery5Min","FUNCTION_TARGET":"nightscoutAlertsEvery5Min","LOG_EXECUTION_ID":"true"},"ingressSettings":"ALLOW_ALL","uri":"https://nightscoutalertsevery5min-ft7us77rra-uc.a.run.app","serviceAccountEmail":"101841828420-compute@developer.gserviceaccount.com","availableMemory":"512Mi","allTrafficOnLatestRevision":true,"revision":"nightscoutalertsevery5min-00002-doz","maxInstanceRequestConcurrency":80,"availableCpu":"1"},"state":"ACTIVE","labels":{"deployment-tool":"cli-firebase","deployment-scheduled":"true","firebase-functions-hash":"9a3e4fb5f347fac7c38c279f55dd6f77f8b4f0a8"},"environment":"GEN_2","url":"https://us-central1-glucose-goose.cloudfunctions.net/nightscoutAlertsEvery5Min","satisfiesPzi":true},"stages":[{"name":"BUILD","message":"Build in progress","state":"IN_PROGRESS","resource":"projects/101841828420/locations/us-central1/builds/137a7851-dc7c-434c-8bcb-bdce6bc29368","resourceUri":"https://console.cloud.google.com/cloud-build/builds;region=us-central1/137a7851-dc7c-434c-8bcb-bdce6bc29368?project=101841828420"},{"name":"SERVICE","state":"NOT_STARTED"}],"operationType":"UPDATE_FUNCTION","buildName":"projects/101841828420/locations/us-central1/builds/137a7851-dc7c-434c-8bcb-bdce6bc29368"},"done":false}
[debug] [2026-02-08T18:30:30.369Z] [update-default-us-central1-analyzeMeal] Retrying task index 0
[debug] [2026-02-08T18:30:30.370Z] Checked if tokens are valid: true, expires at: 1770577582146
[debug] [2026-02-08T18:30:30.370Z] Checked if tokens are valid: true, expires at: 1770577582146
[debug] [2026-02-08T18:30:30.370Z] >>> [apiv2][query] GET https://cloudfunctions.googleapis.com/v2/projects/glucose-goose/locations/us-central1/operations/operation-1770575418068-64a5436d78f86-d0bfc44f-132adee7 [none]
[debug] [2026-02-08T18:30:30.371Z] [update-default-us-central1-simulateGlucose] Retrying task index 0
[debug] [2026-02-08T18:30:30.371Z] Checked if tokens are valid: true, expires at: 1770577582146
[debug] [2026-02-08T18:30:30.371Z] Checked if tokens are valid: true, expires at: 1770577582146
[debug] [2026-02-08T18:30:30.371Z] >>> [apiv2][query] GET https://cloudfunctions.googleapis.com/v2/projects/glucose-goose/locations/us-central1/operations/operation-1770575418269-64a5436da9e40-d705d536-4c9938d8 [none]
[debug] [2026-02-08T18:30:30.644Z] [update-default-us-central1-getEmailFromUsername] Retrying task index 0
[debug] [2026-02-08T18:30:30.645Z] Checked if tokens are valid: true, expires at: 1770577582146
[debug] [2026-02-08T18:30:30.645Z] Checked if tokens are valid: true, expires at: 1770577582146
[debug] [2026-02-08T18:30:30.646Z] >>> [apiv2][query] GET https://cloudfunctions.googleapis.com/v2/projects/glucose-goose/locations/us-central1/operations/operation-1770575418241-64a5436da3211-5942329b-44e21965 [none]
[debug] [2026-02-08T18:30:30.928Z] <<< [apiv2][status] GET https://cloudfunctions.googleapis.com/v2/projects/glucose-goose/locations/us-central1/operations/operation-1770575418241-64a5436da3211-5942329b-44e21965 200
[debug] [2026-02-08T18:30:30.929Z] <<< [apiv2][body] GET https://cloudfunctions.googleapis.com/v2/projects/glucose-goose/locations/us-central1/operations/operation-1770575418241-64a5436da3211-5942329b-44e21965 {"name":"projects/glucose-goose/locations/us-central1/operations/operation-1770575418241-64a5436da3211-5942329b-44e21965","metadata":{"@type":"type.googleapis.com/google.cloud.functions.v2.OperationMetadata","createTime":"2026-02-08T18:30:19.005291709Z","target":"projects/glucose-goose/locations/us-central1/functions/getEmailFromUsername","verb":"update","cancelRequested":false,"apiVersion":"v2","requestResource":{"@type":"type.googleapis.com/google.cloud.functions.v2.Function","name":"projects/glucose-goose/locations/us-central1/functions/getEmailFromUsername","buildConfig":{"runtime":"nodejs24","entryPoint":"getEmailFromUsername","source":{"storageSource":{"bucket":"gcf-v2-sources-101841828420-us-central1","object":"getEmailFromUsername/function-source.zip","generation":"1770575418957386"}},"environmentVariables":{"GOOGLE_NODE_RUN_SCRIPTS":""},"dockerRepository":"projects/glucose-goose/locations/us-central1/repositories/gcf-artifacts","sourceProvenance":{"resolvedStorageSource":{"bucket":"gcf-v2-sources-101841828420-us-central1","object":"getEmailFromUsername/function-source.zip","generation":"1770574006477482"}},"dockerRegistry":"ARTIFACT_REGISTRY","serviceAccount":"projects/glucose-goose/serviceAccounts/101841828420-compute@developer.gserviceaccount.com","automaticUpdatePolicy":{}},"serviceConfig":{"service":"projects/glucose-goose/locations/us-central1/services/getemailfromusername","timeoutSeconds":60,"environmentVariables":{"FIREBASE_CONFIG":"{\"projectId\":\"glucose-goose\",\"storageBucket\":\"glucose-goose.firebasestorage.app\"}","GCLOUD_PROJECT":"glucose-goose","EVENTARC_CLOUD_EVENT_SOURCE":"projects/glucose-goose/locations/us-central1/services/getEmailFromUsername","FUNCTION_TARGET":"getEmailFromUsername","LOG_EXECUTION_ID":"true"},"ingressSettings":"ALLOW_ALL","uri":"https://getemailfromusername-ft7us77rra-uc.a.run.app","serviceAccountEmail":"101841828420-compute@developer.gserviceaccount.com","availableMemory":"256Mi","allTrafficOnLatestRevision":true,"revision":"getemailfromusername-00041-qur","maxInstanceRequestConcurrency":80,"availableCpu":"1"},"state":"ACTIVE","labels":{"deployment-tool":"cli-firebase","firebase-functions-hash":"9a3e4fb5f347fac7c38c279f55dd6f77f8b4f0a8"},"environment":"GEN_2","url":"https://us-central1-glucose-goose.cloudfunctions.net/getEmailFromUsername","satisfiesPzi":true},"stages":[{"name":"BUILD","message":"Build in progress","state":"IN_PROGRESS","resource":"projects/101841828420/locations/us-central1/builds/362c85f4-e4ae-47a0-b299-0d2f8db14071","resourceUri":"https://console.cloud.google.com/cloud-build/builds;region=us-central1/362c85f4-e4ae-47a0-b299-0d2f8db14071?project=101841828420"},{"name":"SERVICE","state":"NOT_STARTED"}],"operationType":"UPDATE_FUNCTION","buildName":"projects/101841828420/locations/us-central1/builds/362c85f4-e4ae-47a0-b299-0d2f8db14071"},"done":false}
[debug] [2026-02-08T18:30:31.209Z] <<< [apiv2][status] GET https://cloudfunctions.googleapis.com/v2/projects/glucose-goose/locations/us-central1/operations/operation-1770575418269-64a5436da9e40-d705d536-4c9938d8 200
[debug] [2026-02-08T18:30:31.209Z] <<< [apiv2][body] GET https://cloudfunctions.googleapis.com/v2/projects/glucose-goose/locations/us-central1/operations/operation-1770575418269-64a5436da9e40-d705d536-4c9938d8 {"name":"projects/glucose-goose/locations/us-central1/operations/operation-1770575418269-64a5436da9e40-d705d536-4c9938d8","metadata":{"@type":"type.googleapis.com/google.cloud.functions.v2.OperationMetadata","createTime":"2026-02-08T18:30:18.937045034Z","target":"projects/glucose-goose/locations/us-central1/functions/simulateGlucose","verb":"update","cancelRequested":false,"apiVersion":"v2","requestResource":{"@type":"type.googleapis.com/google.cloud.functions.v2.Function","name":"projects/glucose-goose/locations/us-central1/functions/simulateGlucose","buildConfig":{"runtime":"nodejs24","entryPoint":"simulateGlucose","source":{"storageSource":{"bucket":"gcf-v2-sources-101841828420-us-central1","object":"simulateGlucose/function-source.zip","generation":"1770575418892823"}},"environmentVariables":{"GOOGLE_NODE_RUN_SCRIPTS":""},"dockerRepository":"projects/glucose-goose/locations/us-central1/repositories/gcf-artifacts","sourceProvenance":{"resolvedStorageSource":{"bucket":"gcf-v2-sources-101841828420-us-central1","object":"simulateGlucose/function-source.zip","generation":"1770574006481717"}},"dockerRegistry":"ARTIFACT_REGISTRY","serviceAccount":"projects/glucose-goose/serviceAccounts/101841828420-compute@developer.gserviceaccount.com","automaticUpdatePolicy":{}},"serviceConfig":{"service":"projects/glucose-goose/locations/us-central1/services/simulateglucose","timeoutSeconds":60,"environmentVariables":{"FIREBASE_CONFIG":"{\"projectId\":\"glucose-goose\",\"storageBucket\":\"glucose-goose.firebasestorage.app\"}","GCLOUD_PROJECT":"glucose-goose","EVENTARC_CLOUD_EVENT_SOURCE":"projects/glucose-goose/locations/us-central1/services/simulateGlucose","FUNCTION_TARGET":"simulateGlucose","LOG_EXECUTION_ID":"true"},"ingressSettings":"ALLOW_ALL","uri":"https://simulateglucose-ft7us77rra-uc.a.run.app","serviceAccountEmail":"101841828420-compute@developer.gserviceaccount.com","availableMemory":"256Mi","allTrafficOnLatestRevision":true,"revision":"simulateglucose-00002-cap","maxInstanceRequestConcurrency":80,"availableCpu":"1"},"state":"ACTIVE","labels":{"deployment-tool":"cli-firebase","deployment-scheduled":"true","firebase-functions-hash":"9a3e4fb5f347fac7c38c279f55dd6f77f8b4f0a8"},"environment":"GEN_2","url":"https://us-central1-glucose-goose.cloudfunctions.net/simulateGlucose","satisfiesPzi":true},"stages":[{"name":"BUILD","message":"Build in progress","state":"IN_PROGRESS","resource":"projects/101841828420/locations/us-central1/builds/69cf1bda-495b-40f2-be8f-199304da5a98","resourceUri":"https://console.cloud.google.com/cloud-build/builds;region=us-central1/69cf1bda-495b-40f2-be8f-199304da5a98?project=101841828420"},{"name":"SERVICE","state":"NOT_STARTED"}],"operationType":"UPDATE_FUNCTION","buildName":"projects/101841828420/locations/us-central1/builds/69cf1bda-495b-40f2-be8f-199304da5a98"},"done":false}
[debug] [2026-02-08T18:30:31.464Z] <<< [apiv2][status] GET https://cloudfunctions.googleapis.com/v2/projects/glucose-goose/locations/us-central1/operations/operation-1770575418068-64a5436d78f86-d0bfc44f-132adee7 200
[debug] [2026-02-08T18:30:31.464Z] <<< [apiv2][body] GET https://cloudfunctions.googleapis.com/v2/projects/glucose-goose/locations/us-central1/operations/operation-1770575418068-64a5436d78f86-d0bfc44f-132adee7 {"name":"projects/glucose-goose/locations/us-central1/operations/operation-1770575418068-64a5436d78f86-d0bfc44f-132adee7","metadata":{"@type":"type.googleapis.com/google.cloud.functions.v2.OperationMetadata","createTime":"2026-02-08T18:30:18.791090205Z","target":"projects/glucose-goose/locations/us-central1/functions/analyzeMeal","verb":"update","cancelRequested":false,"apiVersion":"v2","requestResource":{"@type":"type.googleapis.com/google.cloud.functions.v2.Function","name":"projects/glucose-goose/locations/us-central1/functions/analyzeMeal","buildConfig":{"runtime":"nodejs24","entryPoint":"analyzeMeal","source":{"storageSource":{"bucket":"gcf-v2-sources-101841828420-us-central1","object":"analyzeMeal/function-source.zip","generation":"1770575418745691"}},"environmentVariables":{"GOOGLE_NODE_RUN_SCRIPTS":""},"dockerRepository":"projects/glucose-goose/locations/us-central1/repositories/gcf-artifacts","sourceProvenance":{"resolvedStorageSource":{"bucket":"gcf-v2-sources-101841828420-us-central1","object":"analyzeMeal/function-source.zip","generation":"1770574006268164"}},"dockerRegistry":"ARTIFACT_REGISTRY","serviceAccount":"projects/glucose-goose/serviceAccounts/101841828420-compute@developer.gserviceaccount.com","automaticUpdatePolicy":{}},"serviceConfig":{"service":"projects/glucose-goose/locations/us-central1/services/analyzemeal","timeoutSeconds":60,"environmentVariables":{"FIREBASE_CONFIG":"{\"projectId\":\"glucose-goose\",\"storageBucket\":\"glucose-goose.firebasestorage.app\"}","GCLOUD_PROJECT":"glucose-goose","EVENTARC_CLOUD_EVENT_SOURCE":"projects/glucose-goose/locations/us-central1/services/analyzeMeal","FUNCTION_TARGET":"analyzeMeal","LOG_EXECUTION_ID":"true"},"ingressSettings":"ALLOW_ALL","uri":"https://analyzemeal-ft7us77rra-uc.a.run.app","serviceAccountEmail":"101841828420-compute@developer.gserviceaccount.com","availableMemory":"256Mi","allTrafficOnLatestRevision":true,"secretEnvironmentVariables":[{"key":"GEMINI_API_KEY","projectId":"glucose-goose","secret":"GEMINI_API_KEY","version":"3"}],"revision":"analyzemeal-00032-teh","maxInstanceRequestConcurrency":80,"availableCpu":"1"},"state":"ACTIVE","labels":{"deployment-tool":"cli-firebase","firebase-functions-hash":"9a3e4fb5f347fac7c38c279f55dd6f77f8b4f0a8"},"environment":"GEN_2","url":"https://us-central1-glucose-goose.cloudfunctions.net/analyzeMeal","satisfiesPzi":true},"stages":[{"name":"BUILD","message":"Build in progress","state":"IN_PROGRESS","resource":"projects/101841828420/locations/us-central1/builds/0edf23fc-c26c-44df-bfee-cbbbd685eafb","resourceUri":"https://console.cloud.google.com/cloud-build/builds;region=us-central1/0edf23fc-c26c-44df-bfee-cbbbd685eafb?project=101841828420"},{"name":"SERVICE","state":"NOT_STARTED"}],"operationType":"UPDATE_FUNCTION","buildName":"projects/101841828420/locations/us-central1/builds/0edf23fc-c26c-44df-bfee-cbbbd685eafb"},"done":false}
[debug] [2026-02-08T18:30:38.097Z] [update-default-us-central1-nightscoutAlertsEvery5Min] Retrying task index 0
[debug] [2026-02-08T18:30:38.098Z] Checked if tokens are valid: true, expires at: 1770577582146
[debug] [2026-02-08T18:30:38.098Z] Checked if tokens are valid: true, expires at: 1770577582146
[debug] [2026-02-08T18:30:38.098Z] >>> [apiv2][query] GET https://cloudfunctions.googleapis.com/v2/projects/glucose-goose/locations/us-central1/operations/operation-1770575417727-64a5436d258d8-cfa8a225-f0a22d50 [none]
[debug] [2026-02-08T18:30:38.930Z] [update-default-us-central1-getEmailFromUsername] Retrying task index 0
[debug] [2026-02-08T18:30:38.930Z] Checked if tokens are valid: true, expires at: 1770577582146
[debug] [2026-02-08T18:30:38.930Z] Checked if tokens are valid: true, expires at: 1770577582146
[debug] [2026-02-08T18:30:38.931Z] >>> [apiv2][query] GET https://cloudfunctions.googleapis.com/v2/projects/glucose-goose/locations/us-central1/operations/operation-1770575418241-64a5436da3211-5942329b-44e21965 [none]
[debug] [2026-02-08T18:30:39.126Z] <<< [apiv2][status] GET https://cloudfunctions.googleapis.com/v2/projects/glucose-goose/locations/us-central1/operations/operation-1770575417727-64a5436d258d8-cfa8a225-f0a22d50 200
[debug] [2026-02-08T18:30:39.127Z] <<< [apiv2][body] GET https://cloudfunctions.googleapis.com/v2/projects/glucose-goose/locations/us-central1/operations/operation-1770575417727-64a5436d258d8-cfa8a225-f0a22d50 {"name":"projects/glucose-goose/locations/us-central1/operations/operation-1770575417727-64a5436d258d8-cfa8a225-f0a22d50","metadata":{"@type":"type.googleapis.com/google.cloud.functions.v2.OperationMetadata","createTime":"2026-02-08T18:30:18.463338311Z","target":"projects/glucose-goose/locations/us-central1/functions/nightscoutAlertsEvery5Min","verb":"update","cancelRequested":false,"apiVersion":"v2","requestResource":{"@type":"type.googleapis.com/google.cloud.functions.v2.Function","name":"projects/glucose-goose/locations/us-central1/functions/nightscoutAlertsEvery5Min","buildConfig":{"runtime":"nodejs24","entryPoint":"nightscoutAlertsEvery5Min","source":{"storageSource":{"bucket":"gcf-v2-sources-101841828420-us-central1","object":"nightscoutAlertsEvery5Min/function-source.zip","generation":"1770575418412935"}},"environmentVariables":{"GOOGLE_NODE_RUN_SCRIPTS":""},"dockerRepository":"projects/glucose-goose/locations/us-central1/repositories/gcf-artifacts","sourceProvenance":{"resolvedStorageSource":{"bucket":"gcf-v2-sources-101841828420-us-central1","object":"nightscoutAlertsEvery5Min/function-source.zip","generation":"1770574006439038"}},"dockerRegistry":"ARTIFACT_REGISTRY","serviceAccount":"projects/glucose-goose/serviceAccounts/101841828420-compute@developer.gserviceaccount.com","automaticUpdatePolicy":{}},"serviceConfig":{"service":"projects/glucose-goose/locations/us-central1/services/nightscoutalertsevery5min","timeoutSeconds":540,"environmentVariables":{"FIREBASE_CONFIG":"{\"projectId\":\"glucose-goose\",\"storageBucket\":\"glucose-goose.firebasestorage.app\"}","GCLOUD_PROJECT":"glucose-goose","EVENTARC_CLOUD_EVENT_SOURCE":"projects/glucose-goose/locations/us-central1/services/nightscoutAlertsEvery5Min","FUNCTION_TARGET":"nightscoutAlertsEvery5Min","LOG_EXECUTION_ID":"true"},"ingressSettings":"ALLOW_ALL","uri":"https://nightscoutalertsevery5min-ft7us77rra-uc.a.run.app","serviceAccountEmail":"101841828420-compute@developer.gserviceaccount.com","availableMemory":"512Mi","allTrafficOnLatestRevision":true,"revision":"nightscoutalertsevery5min-00002-doz","maxInstanceRequestConcurrency":80,"availableCpu":"1"},"state":"ACTIVE","labels":{"deployment-tool":"cli-firebase","deployment-scheduled":"true","firebase-functions-hash":"9a3e4fb5f347fac7c38c279f55dd6f77f8b4f0a8"},"environment":"GEN_2","url":"https://us-central1-glucose-goose.cloudfunctions.net/nightscoutAlertsEvery5Min","satisfiesPzi":true},"stages":[{"name":"BUILD","message":"Build in progress","state":"IN_PROGRESS","resource":"projects/101841828420/locations/us-central1/builds/137a7851-dc7c-434c-8bcb-bdce6bc29368","resourceUri":"https://console.cloud.google.com/cloud-build/builds;region=us-central1/137a7851-dc7c-434c-8bcb-bdce6bc29368?project=101841828420"},{"name":"SERVICE","state":"NOT_STARTED"}],"operationType":"UPDATE_FUNCTION","buildName":"projects/101841828420/locations/us-central1/builds/137a7851-dc7c-434c-8bcb-bdce6bc29368"},"done":false}
[debug] [2026-02-08T18:30:39.209Z] [update-default-us-central1-simulateGlucose] Retrying task index 0
[debug] [2026-02-08T18:30:39.210Z] Checked if tokens are valid: true, expires at: 1770577582146
[debug] [2026-02-08T18:30:39.210Z] Checked if tokens are valid: true, expires at: 1770577582146
[debug] [2026-02-08T18:30:39.210Z] >>> [apiv2][query] GET https://cloudfunctions.googleapis.com/v2/projects/glucose-goose/locations/us-central1/operations/operation-1770575418269-64a5436da9e40-d705d536-4c9938d8 [none]
[debug] [2026-02-08T18:30:39.464Z] [update-default-us-central1-analyzeMeal] Retrying task index 0
[debug] [2026-02-08T18:30:39.465Z] Checked if tokens are valid: true, expires at: 1770577582146
[debug] [2026-02-08T18:30:39.465Z] Checked if tokens are valid: true, expires at: 1770577582146
[debug] [2026-02-08T18:30:39.466Z] >>> [apiv2][query] GET https://cloudfunctions.googleapis.com/v2/projects/glucose-goose/locations/us-central1/operations/operation-1770575418068-64a5436d78f86-d0bfc44f-132adee7 [none]
[debug] [2026-02-08T18:30:40.046Z] <<< [apiv2][status] GET https://cloudfunctions.googleapis.com/v2/projects/glucose-goose/locations/us-central1/operations/operation-1770575418269-64a5436da9e40-d705d536-4c9938d8 200
[debug] [2026-02-08T18:30:40.047Z] <<< [apiv2][body] GET https://cloudfunctions.googleapis.com/v2/projects/glucose-goose/locations/us-central1/operations/operation-1770575418269-64a5436da9e40-d705d536-4c9938d8 {"name":"projects/glucose-goose/locations/us-central1/operations/operation-1770575418269-64a5436da9e40-d705d536-4c9938d8","metadata":{"@type":"type.googleapis.com/google.cloud.functions.v2.OperationMetadata","createTime":"2026-02-08T18:30:18.937045034Z","target":"projects/glucose-goose/locations/us-central1/functions/simulateGlucose","verb":"update","cancelRequested":false,"apiVersion":"v2","requestResource":{"@type":"type.googleapis.com/google.cloud.functions.v2.Function","name":"projects/glucose-goose/locations/us-central1/functions/simulateGlucose","buildConfig":{"runtime":"nodejs24","entryPoint":"simulateGlucose","source":{"storageSource":{"bucket":"gcf-v2-sources-101841828420-us-central1","object":"simulateGlucose/function-source.zip","generation":"1770575418892823"}},"environmentVariables":{"GOOGLE_NODE_RUN_SCRIPTS":""},"dockerRepository":"projects/glucose-goose/locations/us-central1/repositories/gcf-artifacts","sourceProvenance":{"resolvedStorageSource":{"bucket":"gcf-v2-sources-101841828420-us-central1","object":"simulateGlucose/function-source.zip","generation":"1770574006481717"}},"dockerRegistry":"ARTIFACT_REGISTRY","serviceAccount":"projects/glucose-goose/serviceAccounts/101841828420-compute@developer.gserviceaccount.com","automaticUpdatePolicy":{}},"serviceConfig":{"service":"projects/glucose-goose/locations/us-central1/services/simulateglucose","timeoutSeconds":60,"environmentVariables":{"FIREBASE_CONFIG":"{\"projectId\":\"glucose-goose\",\"storageBucket\":\"glucose-goose.firebasestorage.app\"}","GCLOUD_PROJECT":"glucose-goose","EVENTARC_CLOUD_EVENT_SOURCE":"projects/glucose-goose/locations/us-central1/services/simulateGlucose","FUNCTION_TARGET":"simulateGlucose","LOG_EXECUTION_ID":"true"},"ingressSettings":"ALLOW_ALL","uri":"https://simulateglucose-ft7us77rra-uc.a.run.app","serviceAccountEmail":"101841828420-compute@developer.gserviceaccount.com","availableMemory":"256Mi","allTrafficOnLatestRevision":true,"revision":"simulateglucose-00002-cap","maxInstanceRequestConcurrency":80,"availableCpu":"1"},"state":"ACTIVE","labels":{"deployment-tool":"cli-firebase","deployment-scheduled":"true","firebase-functions-hash":"9a3e4fb5f347fac7c38c279f55dd6f77f8b4f0a8"},"environment":"GEN_2","url":"https://us-central1-glucose-goose.cloudfunctions.net/simulateGlucose","satisfiesPzi":true},"stages":[{"name":"BUILD","message":"Build in progress","state":"IN_PROGRESS","resource":"projects/101841828420/locations/us-central1/builds/69cf1bda-495b-40f2-be8f-199304da5a98","resourceUri":"https://console.cloud.google.com/cloud-build/builds;region=us-central1/69cf1bda-495b-40f2-be8f-199304da5a98?project=101841828420"},{"name":"SERVICE","state":"NOT_STARTED"}],"operationType":"UPDATE_FUNCTION","buildName":"projects/101841828420/locations/us-central1/builds/69cf1bda-495b-40f2-be8f-199304da5a98"},"done":false}
[debug] [2026-02-08T18:30:40.047Z] <<< [apiv2][status] GET https://cloudfunctions.googleapis.com/v2/projects/glucose-goose/locations/us-central1/operations/operation-1770575418241-64a5436da3211-5942329b-44e21965 200
[debug] [2026-02-08T18:30:40.048Z] <<< [apiv2][body] GET https://cloudfunctions.googleapis.com/v2/projects/glucose-goose/locations/us-central1/operations/operation-1770575418241-64a5436da3211-5942329b-44e21965 {"name":"projects/glucose-goose/locations/us-central1/operations/operation-1770575418241-64a5436da3211-5942329b-44e21965","metadata":{"@type":"type.googleapis.com/google.cloud.functions.v2.OperationMetadata","createTime":"2026-02-08T18:30:19.005291709Z","target":"projects/glucose-goose/locations/us-central1/functions/getEmailFromUsername","verb":"update","cancelRequested":false,"apiVersion":"v2","requestResource":{"@type":"type.googleapis.com/google.cloud.functions.v2.Function","name":"projects/glucose-goose/locations/us-central1/functions/getEmailFromUsername","buildConfig":{"runtime":"nodejs24","entryPoint":"getEmailFromUsername","source":{"storageSource":{"bucket":"gcf-v2-sources-101841828420-us-central1","object":"getEmailFromUsername/function-source.zip","generation":"1770575418957386"}},"environmentVariables":{"GOOGLE_NODE_RUN_SCRIPTS":""},"dockerRepository":"projects/glucose-goose/locations/us-central1/repositories/gcf-artifacts","sourceProvenance":{"resolvedStorageSource":{"bucket":"gcf-v2-sources-101841828420-us-central1","object":"getEmailFromUsername/function-source.zip","generation":"1770574006477482"}},"dockerRegistry":"ARTIFACT_REGISTRY","serviceAccount":"projects/glucose-goose/serviceAccounts/101841828420-compute@developer.gserviceaccount.com","automaticUpdatePolicy":{}},"serviceConfig":{"service":"projects/glucose-goose/locations/us-central1/services/getemailfromusername","timeoutSeconds":60,"environmentVariables":{"FIREBASE_CONFIG":"{\"projectId\":\"glucose-goose\",\"storageBucket\":\"glucose-goose.firebasestorage.app\"}","GCLOUD_PROJECT":"glucose-goose","EVENTARC_CLOUD_EVENT_SOURCE":"projects/glucose-goose/locations/us-central1/services/getEmailFromUsername","FUNCTION_TARGET":"getEmailFromUsername","LOG_EXECUTION_ID":"true"},"ingressSettings":"ALLOW_ALL","uri":"https://getemailfromusername-ft7us77rra-uc.a.run.app","serviceAccountEmail":"101841828420-compute@developer.gserviceaccount.com","availableMemory":"256Mi","allTrafficOnLatestRevision":true,"revision":"getemailfromusername-00041-qur","maxInstanceRequestConcurrency":80,"availableCpu":"1"},"state":"ACTIVE","labels":{"deployment-tool":"cli-firebase","firebase-functions-hash":"9a3e4fb5f347fac7c38c279f55dd6f77f8b4f0a8"},"environment":"GEN_2","url":"https://us-central1-glucose-goose.cloudfunctions.net/getEmailFromUsername","satisfiesPzi":true},"stages":[{"name":"BUILD","message":"Build in progress","state":"IN_PROGRESS","resource":"projects/101841828420/locations/us-central1/builds/362c85f4-e4ae-47a0-b299-0d2f8db14071","resourceUri":"https://console.cloud.google.com/cloud-build/builds;region=us-central1/362c85f4-e4ae-47a0-b299-0d2f8db14071?project=101841828420"},{"name":"SERVICE","state":"NOT_STARTED"}],"operationType":"UPDATE_FUNCTION","buildName":"projects/101841828420/locations/us-central1/builds/362c85f4-e4ae-47a0-b299-0d2f8db14071"},"done":false}
[debug] [2026-02-08T18:30:40.653Z] <<< [apiv2][status] GET https://cloudfunctions.googleapis.com/v2/projects/glucose-goose/locations/us-central1/operations/operation-1770575418068-64a5436d78f86-d0bfc44f-132adee7 200
[debug] [2026-02-08T18:30:40.654Z] <<< [apiv2][body] GET https://cloudfunctions.googleapis.com/v2/projects/glucose-goose/locations/us-central1/operations/operation-1770575418068-64a5436d78f86-d0bfc44f-132adee7 {"name":"projects/glucose-goose/locations/us-central1/operations/operation-1770575418068-64a5436d78f86-d0bfc44f-132adee7","metadata":{"@type":"type.googleapis.com/google.cloud.functions.v2.OperationMetadata","createTime":"2026-02-08T18:30:18.791090205Z","target":"projects/glucose-goose/locations/us-central1/functions/analyzeMeal","verb":"update","cancelRequested":false,"apiVersion":"v2","requestResource":{"@type":"type.googleapis.com/google.cloud.functions.v2.Function","name":"projects/glucose-goose/locations/us-central1/functions/analyzeMeal","buildConfig":{"runtime":"nodejs24","entryPoint":"analyzeMeal","source":{"storageSource":{"bucket":"gcf-v2-sources-101841828420-us-central1","object":"analyzeMeal/function-source.zip","generation":"1770575418745691"}},"environmentVariables":{"GOOGLE_NODE_RUN_SCRIPTS":""},"dockerRepository":"projects/glucose-goose/locations/us-central1/repositories/gcf-artifacts","sourceProvenance":{"resolvedStorageSource":{"bucket":"gcf-v2-sources-101841828420-us-central1","object":"analyzeMeal/function-source.zip","generation":"1770574006268164"}},"dockerRegistry":"ARTIFACT_REGISTRY","serviceAccount":"projects/glucose-goose/serviceAccounts/101841828420-compute@developer.gserviceaccount.com","automaticUpdatePolicy":{}},"serviceConfig":{"service":"projects/glucose-goose/locations/us-central1/services/analyzemeal","timeoutSeconds":60,"environmentVariables":{"FIREBASE_CONFIG":"{\"projectId\":\"glucose-goose\",\"storageBucket\":\"glucose-goose.firebasestorage.app\"}","GCLOUD_PROJECT":"glucose-goose","EVENTARC_CLOUD_EVENT_SOURCE":"projects/glucose-goose/locations/us-central1/services/analyzeMeal","FUNCTION_TARGET":"analyzeMeal","LOG_EXECUTION_ID":"true"},"ingressSettings":"ALLOW_ALL","uri":"https://analyzemeal-ft7us77rra-uc.a.run.app","serviceAccountEmail":"101841828420-compute@developer.gserviceaccount.com","availableMemory":"256Mi","allTrafficOnLatestRevision":true,"secretEnvironmentVariables":[{"key":"GEMINI_API_KEY","projectId":"glucose-goose","secret":"GEMINI_API_KEY","version":"3"}],"revision":"analyzemeal-00032-teh","maxInstanceRequestConcurrency":80,"availableCpu":"1"},"state":"ACTIVE","labels":{"deployment-tool":"cli-firebase","firebase-functions-hash":"9a3e4fb5f347fac7c38c279f55dd6f77f8b4f0a8"},"environment":"GEN_2","url":"https://us-central1-glucose-goose.cloudfunctions.net/analyzeMeal","satisfiesPzi":true},"stages":[{"name":"BUILD","message":"Build in progress","state":"IN_PROGRESS","resource":"projects/101841828420/locations/us-central1/builds/0edf23fc-c26c-44df-bfee-cbbbd685eafb","resourceUri":"https://console.cloud.google.com/cloud-build/builds;region=us-central1/0edf23fc-c26c-44df-bfee-cbbbd685eafb?project=101841828420"},{"name":"SERVICE","state":"NOT_STARTED"}],"operationType":"UPDATE_FUNCTION","buildName":"projects/101841828420/locations/us-central1/builds/0edf23fc-c26c-44df-bfee-cbbbd685eafb"},"done":false}
[debug] [2026-02-08T18:30:49.131Z] [update-default-us-central1-nightscoutAlertsEvery5Min] Retrying task index 0
[debug] [2026-02-08T18:30:49.132Z] Checked if tokens are valid: true, expires at: 1770577582146
[debug] [2026-02-08T18:30:49.132Z] Checked if tokens are valid: true, expires at: 1770577582146
[debug] [2026-02-08T18:30:49.132Z] >>> [apiv2][query] GET https://cloudfunctions.googleapis.com/v2/projects/glucose-goose/locations/us-central1/operations/operation-1770575417727-64a5436d258d8-cfa8a225-f0a22d50 [none]
[debug] [2026-02-08T18:30:50.048Z] [update-default-us-central1-simulateGlucose] Retrying task index 0
[debug] [2026-02-08T18:30:50.048Z] Checked if tokens are valid: true, expires at: 1770577582146
[debug] [2026-02-08T18:30:50.048Z] Checked if tokens are valid: true, expires at: 1770577582146
[debug] [2026-02-08T18:30:50.048Z] >>> [apiv2][query] GET https://cloudfunctions.googleapis.com/v2/projects/glucose-goose/locations/us-central1/operations/operation-1770575418269-64a5436da9e40-d705d536-4c9938d8 [none]
[debug] [2026-02-08T18:30:50.050Z] [update-default-us-central1-getEmailFromUsername] Retrying task index 0
[debug] [2026-02-08T18:30:50.051Z] Checked if tokens are valid: true, expires at: 1770577582146
[debug] [2026-02-08T18:30:50.051Z] Checked if tokens are valid: true, expires at: 1770577582146
[debug] [2026-02-08T18:30:50.051Z] >>> [apiv2][query] GET https://cloudfunctions.googleapis.com/v2/projects/glucose-goose/locations/us-central1/operations/operation-1770575418241-64a5436da3211-5942329b-44e21965 [none]
[debug] [2026-02-08T18:30:50.094Z] <<< [apiv2][status] GET https://cloudfunctions.googleapis.com/v2/projects/glucose-goose/locations/us-central1/operations/operation-1770575417727-64a5436d258d8-cfa8a225-f0a22d50 200
[debug] [2026-02-08T18:30:50.094Z] <<< [apiv2][body] GET https://cloudfunctions.googleapis.com/v2/projects/glucose-goose/locations/us-central1/operations/operation-1770575417727-64a5436d258d8-cfa8a225-f0a22d50 {"name":"projects/glucose-goose/locations/us-central1/operations/operation-1770575417727-64a5436d258d8-cfa8a225-f0a22d50","metadata":{"@type":"type.googleapis.com/google.cloud.functions.v2.OperationMetadata","createTime":"2026-02-08T18:30:18.463338311Z","target":"projects/glucose-goose/locations/us-central1/functions/nightscoutAlertsEvery5Min","verb":"update","cancelRequested":false,"apiVersion":"v2","requestResource":{"@type":"type.googleapis.com/google.cloud.functions.v2.Function","name":"projects/glucose-goose/locations/us-central1/functions/nightscoutAlertsEvery5Min","buildConfig":{"runtime":"nodejs24","entryPoint":"nightscoutAlertsEvery5Min","source":{"storageSource":{"bucket":"gcf-v2-sources-101841828420-us-central1","object":"nightscoutAlertsEvery5Min/function-source.zip","generation":"1770575418412935"}},"environmentVariables":{"GOOGLE_NODE_RUN_SCRIPTS":""},"dockerRepository":"projects/glucose-goose/locations/us-central1/repositories/gcf-artifacts","sourceProvenance":{"resolvedStorageSource":{"bucket":"gcf-v2-sources-101841828420-us-central1","object":"nightscoutAlertsEvery5Min/function-source.zip","generation":"1770574006439038"}},"dockerRegistry":"ARTIFACT_REGISTRY","serviceAccount":"projects/glucose-goose/serviceAccounts/101841828420-compute@developer.gserviceaccount.com","automaticUpdatePolicy":{}},"serviceConfig":{"service":"projects/glucose-goose/locations/us-central1/services/nightscoutalertsevery5min","timeoutSeconds":540,"environmentVariables":{"FIREBASE_CONFIG":"{\"projectId\":\"glucose-goose\",\"storageBucket\":\"glucose-goose.firebasestorage.app\"}","GCLOUD_PROJECT":"glucose-goose","EVENTARC_CLOUD_EVENT_SOURCE":"projects/glucose-goose/locations/us-central1/services/nightscoutAlertsEvery5Min","FUNCTION_TARGET":"nightscoutAlertsEvery5Min","LOG_EXECUTION_ID":"true"},"ingressSettings":"ALLOW_ALL","uri":"https://nightscoutalertsevery5min-ft7us77rra-uc.a.run.app","serviceAccountEmail":"101841828420-compute@developer.gserviceaccount.com","availableMemory":"512Mi","allTrafficOnLatestRevision":true,"revision":"nightscoutalertsevery5min-00002-doz","maxInstanceRequestConcurrency":80,"availableCpu":"1"},"state":"ACTIVE","labels":{"deployment-tool":"cli-firebase","deployment-scheduled":"true","firebase-functions-hash":"9a3e4fb5f347fac7c38c279f55dd6f77f8b4f0a8"},"environment":"GEN_2","url":"https://us-central1-glucose-goose.cloudfunctions.net/nightscoutAlertsEvery5Min","satisfiesPzi":true},"stages":[{"name":"BUILD","message":"Build in progress","state":"IN_PROGRESS","resource":"projects/101841828420/locations/us-central1/builds/137a7851-dc7c-434c-8bcb-bdce6bc29368","resourceUri":"https://console.cloud.google.com/cloud-build/builds;region=us-central1/137a7851-dc7c-434c-8bcb-bdce6bc29368?project=101841828420"},{"name":"SERVICE","state":"NOT_STARTED"}],"operationType":"UPDATE_FUNCTION","buildName":"projects/101841828420/locations/us-central1/builds/137a7851-dc7c-434c-8bcb-bdce6bc29368"},"done":false}
[debug] [2026-02-08T18:30:50.655Z] [update-default-us-central1-analyzeMeal] Retrying task index 0
[debug] [2026-02-08T18:30:50.655Z] Checked if tokens are valid: true, expires at: 1770577582146
[debug] [2026-02-08T18:30:50.656Z] Checked if tokens are valid: true, expires at: 1770577582146
[debug] [2026-02-08T18:30:50.656Z] >>> [apiv2][query] GET https://cloudfunctions.googleapis.com/v2/projects/glucose-goose/locations/us-central1/operations/operation-1770575418068-64a5436d78f86-d0bfc44f-132adee7 [none]
[debug] [2026-02-08T18:30:51.012Z] <<< [apiv2][status] GET https://cloudfunctions.googleapis.com/v2/projects/glucose-goose/locations/us-central1/operations/operation-1770575418269-64a5436da9e40-d705d536-4c9938d8 200
[debug] [2026-02-08T18:30:51.012Z] <<< [apiv2][body] GET https://cloudfunctions.googleapis.com/v2/projects/glucose-goose/locations/us-central1/operations/operation-1770575418269-64a5436da9e40-d705d536-4c9938d8 {"name":"projects/glucose-goose/locations/us-central1/operations/operation-1770575418269-64a5436da9e40-d705d536-4c9938d8","metadata":{"@type":"type.googleapis.com/google.cloud.functions.v2.OperationMetadata","createTime":"2026-02-08T18:30:18.937045034Z","target":"projects/glucose-goose/locations/us-central1/functions/simulateGlucose","verb":"update","cancelRequested":false,"apiVersion":"v2","requestResource":{"@type":"type.googleapis.com/google.cloud.functions.v2.Function","name":"projects/glucose-goose/locations/us-central1/functions/simulateGlucose","buildConfig":{"runtime":"nodejs24","entryPoint":"simulateGlucose","source":{"storageSource":{"bucket":"gcf-v2-sources-101841828420-us-central1","object":"simulateGlucose/function-source.zip","generation":"1770575418892823"}},"environmentVariables":{"GOOGLE_NODE_RUN_SCRIPTS":""},"dockerRepository":"projects/glucose-goose/locations/us-central1/repositories/gcf-artifacts","sourceProvenance":{"resolvedStorageSource":{"bucket":"gcf-v2-sources-101841828420-us-central1","object":"simulateGlucose/function-source.zip","generation":"1770574006481717"}},"dockerRegistry":"ARTIFACT_REGISTRY","serviceAccount":"projects/glucose-goose/serviceAccounts/101841828420-compute@developer.gserviceaccount.com","automaticUpdatePolicy":{}},"serviceConfig":{"service":"projects/glucose-goose/locations/us-central1/services/simulateglucose","timeoutSeconds":60,"environmentVariables":{"FIREBASE_CONFIG":"{\"projectId\":\"glucose-goose\",\"storageBucket\":\"glucose-goose.firebasestorage.app\"}","GCLOUD_PROJECT":"glucose-goose","EVENTARC_CLOUD_EVENT_SOURCE":"projects/glucose-goose/locations/us-central1/services/simulateGlucose","FUNCTION_TARGET":"simulateGlucose","LOG_EXECUTION_ID":"true"},"ingressSettings":"ALLOW_ALL","uri":"https://simulateglucose-ft7us77rra-uc.a.run.app","serviceAccountEmail":"101841828420-compute@developer.gserviceaccount.com","availableMemory":"256Mi","allTrafficOnLatestRevision":true,"revision":"simulateglucose-00002-cap","maxInstanceRequestConcurrency":80,"availableCpu":"1"},"state":"ACTIVE","labels":{"deployment-tool":"cli-firebase","deployment-scheduled":"true","firebase-functions-hash":"9a3e4fb5f347fac7c38c279f55dd6f77f8b4f0a8"},"environment":"GEN_2","url":"https://us-central1-glucose-goose.cloudfunctions.net/simulateGlucose","satisfiesPzi":true},"stages":[{"name":"BUILD","message":"Build in progress","state":"IN_PROGRESS","resource":"projects/101841828420/locations/us-central1/builds/69cf1bda-495b-40f2-be8f-199304da5a98","resourceUri":"https://console.cloud.google.com/cloud-build/builds;region=us-central1/69cf1bda-495b-40f2-be8f-199304da5a98?project=101841828420"},{"name":"SERVICE","state":"NOT_STARTED"}],"operationType":"UPDATE_FUNCTION","buildName":"projects/101841828420/locations/us-central1/builds/69cf1bda-495b-40f2-be8f-199304da5a98"},"done":false}
[debug] [2026-02-08T18:30:51.020Z] <<< [apiv2][status] GET https://cloudfunctions.googleapis.com/v2/projects/glucose-goose/locations/us-central1/operations/operation-1770575418241-64a5436da3211-5942329b-44e21965 200
[debug] [2026-02-08T18:30:51.020Z] <<< [apiv2][body] GET https://cloudfunctions.googleapis.com/v2/projects/glucose-goose/locations/us-central1/operations/operation-1770575418241-64a5436da3211-5942329b-44e21965 {"name":"projects/glucose-goose/locations/us-central1/operations/operation-1770575418241-64a5436da3211-5942329b-44e21965","metadata":{"@type":"type.googleapis.com/google.cloud.functions.v2.OperationMetadata","createTime":"2026-02-08T18:30:19.005291709Z","target":"projects/glucose-goose/locations/us-central1/functions/getEmailFromUsername","verb":"update","cancelRequested":false,"apiVersion":"v2","requestResource":{"@type":"type.googleapis.com/google.cloud.functions.v2.Function","name":"projects/glucose-goose/locations/us-central1/functions/getEmailFromUsername","buildConfig":{"runtime":"nodejs24","entryPoint":"getEmailFromUsername","source":{"storageSource":{"bucket":"gcf-v2-sources-101841828420-us-central1","object":"getEmailFromUsername/function-source.zip","generation":"1770575418957386"}},"environmentVariables":{"GOOGLE_NODE_RUN_SCRIPTS":""},"dockerRepository":"projects/glucose-goose/locations/us-central1/repositories/gcf-artifacts","sourceProvenance":{"resolvedStorageSource":{"bucket":"gcf-v2-sources-101841828420-us-central1","object":"getEmailFromUsername/function-source.zip","generation":"1770574006477482"}},"dockerRegistry":"ARTIFACT_REGISTRY","serviceAccount":"projects/glucose-goose/serviceAccounts/101841828420-compute@developer.gserviceaccount.com","automaticUpdatePolicy":{}},"serviceConfig":{"service":"projects/glucose-goose/locations/us-central1/services/getemailfromusername","timeoutSeconds":60,"environmentVariables":{"FIREBASE_CONFIG":"{\"projectId\":\"glucose-goose\",\"storageBucket\":\"glucose-goose.firebasestorage.app\"}","GCLOUD_PROJECT":"glucose-goose","EVENTARC_CLOUD_EVENT_SOURCE":"projects/glucose-goose/locations/us-central1/services/getEmailFromUsername","FUNCTION_TARGET":"getEmailFromUsername","LOG_EXECUTION_ID":"true"},"ingressSettings":"ALLOW_ALL","uri":"https://getemailfromusername-ft7us77rra-uc.a.run.app","serviceAccountEmail":"101841828420-compute@developer.gserviceaccount.com","availableMemory":"256Mi","allTrafficOnLatestRevision":true,"revision":"getemailfromusername-00041-qur","maxInstanceRequestConcurrency":80,"availableCpu":"1"},"state":"ACTIVE","labels":{"deployment-tool":"cli-firebase","firebase-functions-hash":"9a3e4fb5f347fac7c38c279f55dd6f77f8b4f0a8"},"environment":"GEN_2","url":"https://us-central1-glucose-goose.cloudfunctions.net/getEmailFromUsername","satisfiesPzi":true},"stages":[{"name":"BUILD","message":"Build in progress","state":"IN_PROGRESS","resource":"projects/101841828420/locations/us-central1/builds/362c85f4-e4ae-47a0-b299-0d2f8db14071","resourceUri":"https://console.cloud.google.com/cloud-build/builds;region=us-central1/362c85f4-e4ae-47a0-b299-0d2f8db14071?project=101841828420"},{"name":"SERVICE","state":"NOT_STARTED"}],"operationType":"UPDATE_FUNCTION","buildName":"projects/101841828420/locations/us-central1/builds/362c85f4-e4ae-47a0-b299-0d2f8db14071"},"done":false}
[debug] [2026-02-08T18:30:51.522Z] <<< [apiv2][status] GET https://cloudfunctions.googleapis.com/v2/projects/glucose-goose/locations/us-central1/operations/operation-1770575418068-64a5436d78f86-d0bfc44f-132adee7 200
[debug] [2026-02-08T18:30:51.522Z] <<< [apiv2][body] GET https://cloudfunctions.googleapis.com/v2/projects/glucose-goose/locations/us-central1/operations/operation-1770575418068-64a5436d78f86-d0bfc44f-132adee7 {"name":"projects/glucose-goose/locations/us-central1/operations/operation-1770575418068-64a5436d78f86-d0bfc44f-132adee7","metadata":{"@type":"type.googleapis.com/google.cloud.functions.v2.OperationMetadata","createTime":"2026-02-08T18:30:18.791090205Z","target":"projects/glucose-goose/locations/us-central1/functions/analyzeMeal","verb":"update","cancelRequested":false,"apiVersion":"v2","requestResource":{"@type":"type.googleapis.com/google.cloud.functions.v2.Function","name":"projects/glucose-goose/locations/us-central1/functions/analyzeMeal","buildConfig":{"runtime":"nodejs24","entryPoint":"analyzeMeal","source":{"storageSource":{"bucket":"gcf-v2-sources-101841828420-us-central1","object":"analyzeMeal/function-source.zip","generation":"1770575418745691"}},"environmentVariables":{"GOOGLE_NODE_RUN_SCRIPTS":""},"dockerRepository":"projects/glucose-goose/locations/us-central1/repositories/gcf-artifacts","sourceProvenance":{"resolvedStorageSource":{"bucket":"gcf-v2-sources-101841828420-us-central1","object":"analyzeMeal/function-source.zip","generation":"1770574006268164"}},"dockerRegistry":"ARTIFACT_REGISTRY","serviceAccount":"projects/glucose-goose/serviceAccounts/101841828420-compute@developer.gserviceaccount.com","automaticUpdatePolicy":{}},"serviceConfig":{"service":"projects/glucose-goose/locations/us-central1/services/analyzemeal","timeoutSeconds":60,"environmentVariables":{"FIREBASE_CONFIG":"{\"projectId\":\"glucose-goose\",\"storageBucket\":\"glucose-goose.firebasestorage.app\"}","GCLOUD_PROJECT":"glucose-goose","EVENTARC_CLOUD_EVENT_SOURCE":"projects/glucose-goose/locations/us-central1/services/analyzeMeal","FUNCTION_TARGET":"analyzeMeal","LOG_EXECUTION_ID":"true"},"ingressSettings":"ALLOW_ALL","uri":"https://analyzemeal-ft7us77rra-uc.a.run.app","serviceAccountEmail":"101841828420-compute@developer.gserviceaccount.com","availableMemory":"256Mi","allTrafficOnLatestRevision":true,"secretEnvironmentVariables":[{"key":"GEMINI_API_KEY","projectId":"glucose-goose","secret":"GEMINI_API_KEY","version":"3"}],"revision":"analyzemeal-00032-teh","maxInstanceRequestConcurrency":80,"availableCpu":"1"},"state":"ACTIVE","labels":{"deployment-tool":"cli-firebase","firebase-functions-hash":"9a3e4fb5f347fac7c38c279f55dd6f77f8b4f0a8"},"environment":"GEN_2","url":"https://us-central1-glucose-goose.cloudfunctions.net/analyzeMeal","satisfiesPzi":true},"stages":[{"name":"BUILD","message":"Build in progress","state":"IN_PROGRESS","resource":"projects/101841828420/locations/us-central1/builds/0edf23fc-c26c-44df-bfee-cbbbd685eafb","resourceUri":"https://console.cloud.google.com/cloud-build/builds;region=us-central1/0edf23fc-c26c-44df-bfee-cbbbd685eafb?project=101841828420"},{"name":"SERVICE","state":"NOT_STARTED"}],"operationType":"UPDATE_FUNCTION","buildName":"projects/101841828420/locations/us-central1/builds/0edf23fc-c26c-44df-bfee-cbbbd685eafb"},"done":false}
[debug] [2026-02-08T18:31:00.098Z] [update-default-us-central1-nightscoutAlertsEvery5Min] Retrying task index 0
[debug] [2026-02-08T18:31:00.099Z] Checked if tokens are valid: true, expires at: 1770577582146
[debug] [2026-02-08T18:31:00.099Z] Checked if tokens are valid: true, expires at: 1770577582146
[debug] [2026-02-08T18:31:00.099Z] >>> [apiv2][query] GET https://cloudfunctions.googleapis.com/v2/projects/glucose-goose/locations/us-central1/operations/operation-1770575417727-64a5436d258d8-cfa8a225-f0a22d50 [none]
[debug] [2026-02-08T18:31:00.707Z] <<< [apiv2][status] GET https://cloudfunctions.googleapis.com/v2/projects/glucose-goose/locations/us-central1/operations/operation-1770575417727-64a5436d258d8-cfa8a225-f0a22d50 200
[debug] [2026-02-08T18:31:00.707Z] <<< [apiv2][body] GET https://cloudfunctions.googleapis.com/v2/projects/glucose-goose/locations/us-central1/operations/operation-1770575417727-64a5436d258d8-cfa8a225-f0a22d50 {"name":"projects/glucose-goose/locations/us-central1/operations/operation-1770575417727-64a5436d258d8-cfa8a225-f0a22d50","metadata":{"@type":"type.googleapis.com/google.cloud.functions.v2.OperationMetadata","createTime":"2026-02-08T18:30:18.463338311Z","target":"projects/glucose-goose/locations/us-central1/functions/nightscoutAlertsEvery5Min","verb":"update","cancelRequested":false,"apiVersion":"v2","requestResource":{"@type":"type.googleapis.com/google.cloud.functions.v2.Function","name":"projects/glucose-goose/locations/us-central1/functions/nightscoutAlertsEvery5Min","buildConfig":{"runtime":"nodejs24","entryPoint":"nightscoutAlertsEvery5Min","source":{"storageSource":{"bucket":"gcf-v2-sources-101841828420-us-central1","object":"nightscoutAlertsEvery5Min/function-source.zip","generation":"1770575418412935"}},"environmentVariables":{"GOOGLE_NODE_RUN_SCRIPTS":""},"dockerRepository":"projects/glucose-goose/locations/us-central1/repositories/gcf-artifacts","sourceProvenance":{"resolvedStorageSource":{"bucket":"gcf-v2-sources-101841828420-us-central1","object":"nightscoutAlertsEvery5Min/function-source.zip","generation":"1770574006439038"}},"dockerRegistry":"ARTIFACT_REGISTRY","serviceAccount":"projects/glucose-goose/serviceAccounts/101841828420-compute@developer.gserviceaccount.com","automaticUpdatePolicy":{}},"serviceConfig":{"service":"projects/glucose-goose/locations/us-central1/services/nightscoutalertsevery5min","timeoutSeconds":540,"environmentVariables":{"FIREBASE_CONFIG":"{\"projectId\":\"glucose-goose\",\"storageBucket\":\"glucose-goose.firebasestorage.app\"}","GCLOUD_PROJECT":"glucose-goose","EVENTARC_CLOUD_EVENT_SOURCE":"projects/glucose-goose/locations/us-central1/services/nightscoutAlertsEvery5Min","FUNCTION_TARGET":"nightscoutAlertsEvery5Min","LOG_EXECUTION_ID":"true"},"ingressSettings":"ALLOW_ALL","uri":"https://nightscoutalertsevery5min-ft7us77rra-uc.a.run.app","serviceAccountEmail":"101841828420-compute@developer.gserviceaccount.com","availableMemory":"512Mi","allTrafficOnLatestRevision":true,"revision":"nightscoutalertsevery5min-00002-doz","maxInstanceRequestConcurrency":80,"availableCpu":"1"},"state":"ACTIVE","labels":{"deployment-tool":"cli-firebase","deployment-scheduled":"true","firebase-functions-hash":"9a3e4fb5f347fac7c38c279f55dd6f77f8b4f0a8"},"environment":"GEN_2","url":"https://us-central1-glucose-goose.cloudfunctions.net/nightscoutAlertsEvery5Min","satisfiesPzi":true},"stages":[{"name":"BUILD","message":"Build in progress","state":"IN_PROGRESS","resource":"projects/101841828420/locations/us-central1/builds/137a7851-dc7c-434c-8bcb-bdce6bc29368","resourceUri":"https://console.cloud.google.com/cloud-build/builds;region=us-central1/137a7851-dc7c-434c-8bcb-bdce6bc29368?project=101841828420"},{"name":"SERVICE","state":"NOT_STARTED"}],"operationType":"UPDATE_FUNCTION","buildName":"projects/101841828420/locations/us-central1/builds/137a7851-dc7c-434c-8bcb-bdce6bc29368"},"done":false}
[debug] [2026-02-08T18:31:01.013Z] [update-default-us-central1-simulateGlucose] Retrying task index 0
[debug] [2026-02-08T18:31:01.013Z] Checked if tokens are valid: true, expires at: 1770577582146
[debug] [2026-02-08T18:31:01.013Z] Checked if tokens are valid: true, expires at: 1770577582146
[debug] [2026-02-08T18:31:01.014Z] >>> [apiv2][query] GET https://cloudfunctions.googleapis.com/v2/projects/glucose-goose/locations/us-central1/operations/operation-1770575418269-64a5436da9e40-d705d536-4c9938d8 [none]
[debug] [2026-02-08T18:31:01.021Z] [update-default-us-central1-getEmailFromUsername] Retrying task index 0
[debug] [2026-02-08T18:31:01.021Z] Checked if tokens are valid: true, expires at: 1770577582146
[debug] [2026-02-08T18:31:01.021Z] Checked if tokens are valid: true, expires at: 1770577582146
[debug] [2026-02-08T18:31:01.022Z] >>> [apiv2][query] GET https://cloudfunctions.googleapis.com/v2/projects/glucose-goose/locations/us-central1/operations/operation-1770575418241-64a5436da3211-5942329b-44e21965 [none]
[debug] [2026-02-08T18:31:01.523Z] [update-default-us-central1-analyzeMeal] Retrying task index 0
[debug] [2026-02-08T18:31:01.524Z] Checked if tokens are valid: true, expires at: 1770577582146
[debug] [2026-02-08T18:31:01.524Z] Checked if tokens are valid: true, expires at: 1770577582146
[debug] [2026-02-08T18:31:01.525Z] >>> [apiv2][query] GET https://cloudfunctions.googleapis.com/v2/projects/glucose-goose/locations/us-central1/operations/operation-1770575418068-64a5436d78f86-d0bfc44f-132adee7 [none]
[debug] [2026-02-08T18:31:01.646Z] <<< [apiv2][status] GET https://cloudfunctions.googleapis.com/v2/projects/glucose-goose/locations/us-central1/operations/operation-1770575418241-64a5436da3211-5942329b-44e21965 200
[debug] [2026-02-08T18:31:01.647Z] <<< [apiv2][body] GET https://cloudfunctions.googleapis.com/v2/projects/glucose-goose/locations/us-central1/operations/operation-1770575418241-64a5436da3211-5942329b-44e21965 {"name":"projects/glucose-goose/locations/us-central1/operations/operation-1770575418241-64a5436da3211-5942329b-44e21965","metadata":{"@type":"type.googleapis.com/google.cloud.functions.v2.OperationMetadata","createTime":"2026-02-08T18:30:19.005291709Z","target":"projects/glucose-goose/locations/us-central1/functions/getEmailFromUsername","verb":"update","cancelRequested":false,"apiVersion":"v2","requestResource":{"@type":"type.googleapis.com/google.cloud.functions.v2.Function","name":"projects/glucose-goose/locations/us-central1/functions/getEmailFromUsername","buildConfig":{"runtime":"nodejs24","entryPoint":"getEmailFromUsername","source":{"storageSource":{"bucket":"gcf-v2-sources-101841828420-us-central1","object":"getEmailFromUsername/function-source.zip","generation":"1770575418957386"}},"environmentVariables":{"GOOGLE_NODE_RUN_SCRIPTS":""},"dockerRepository":"projects/glucose-goose/locations/us-central1/repositories/gcf-artifacts","sourceProvenance":{"resolvedStorageSource":{"bucket":"gcf-v2-sources-101841828420-us-central1","object":"getEmailFromUsername/function-source.zip","generation":"1770574006477482"}},"dockerRegistry":"ARTIFACT_REGISTRY","serviceAccount":"projects/glucose-goose/serviceAccounts/101841828420-compute@developer.gserviceaccount.com","automaticUpdatePolicy":{}},"serviceConfig":{"service":"projects/glucose-goose/locations/us-central1/services/getemailfromusername","timeoutSeconds":60,"environmentVariables":{"FIREBASE_CONFIG":"{\"projectId\":\"glucose-goose\",\"storageBucket\":\"glucose-goose.firebasestorage.app\"}","GCLOUD_PROJECT":"glucose-goose","EVENTARC_CLOUD_EVENT_SOURCE":"projects/glucose-goose/locations/us-central1/services/getEmailFromUsername","FUNCTION_TARGET":"getEmailFromUsername","LOG_EXECUTION_ID":"true"},"ingressSettings":"ALLOW_ALL","uri":"https://getemailfromusername-ft7us77rra-uc.a.run.app","serviceAccountEmail":"101841828420-compute@developer.gserviceaccount.com","availableMemory":"256Mi","allTrafficOnLatestRevision":true,"revision":"getemailfromusername-00041-qur","maxInstanceRequestConcurrency":80,"availableCpu":"1"},"state":"ACTIVE","labels":{"deployment-tool":"cli-firebase","firebase-functions-hash":"9a3e4fb5f347fac7c38c279f55dd6f77f8b4f0a8"},"environment":"GEN_2","url":"https://us-central1-glucose-goose.cloudfunctions.net/getEmailFromUsername","satisfiesPzi":true},"stages":[{"name":"BUILD","message":"Build finished","state":"COMPLETE","resource":"projects/101841828420/locations/us-central1/builds/362c85f4-e4ae-47a0-b299-0d2f8db14071","resourceUri":"https://console.cloud.google.com/cloud-build/builds;region=us-central1/362c85f4-e4ae-47a0-b299-0d2f8db14071?project=101841828420"},{"name":"SERVICE","message":"Updating Cloud Run service","state":"IN_PROGRESS","resource":"projects/glucose-goose/locations/us-central1/services/getemailfromusername","resourceUri":"https://console.cloud.google.com/run/detail/us-central1/getemailfromusername?project=glucose-goose","stateMessages":[{"severity":"INFO","type":"CloudRunServiceNewRevisionTrafficInfo","message":"A new revision will be deployed serving with 100% traffic."}]}],"sourceToken":"Cldwcm9qZWN0cy8xMDE4NDE4Mjg0MjAvbG9jYXRpb25zL3VzLWNlbnRyYWwxL2J1aWxkcy8zNjJjODVmNC1lNGFlLTQ3YTAtYjI5OS0wZDJmOGRiMTQwNzESdnVzLWNlbnRyYWwxLWRvY2tlci5wa2cuZGV2L2dsdWNvc2UtZ29vc2UvZ2NmLWFydGlmYWN0cy9nbHVjb3NlLS1nb29zZV9fdXMtLWNlbnRyYWwxX19nZXRfZW1haWxfZnJvbV91c2VybmFtZTp2ZXJzaW9uXzEYxPT7sfsCIktwcm9qZWN0cy9nbHVjb3NlLWdvb3NlL2xvY2F0aW9ucy91cy1jZW50cmFsMS9mdW5jdGlvbnMvZ2V0RW1haWxGcm9tVXNlcm5hbWUqDAjbrKPMBhC4pfnYAzIIbm9kZWpzMjQ6dgojZ2NyLmlvL2dhZS1ydW50aW1lcy9ub2RlanMyNDpzdGFibGUST3VzLWNlbnRyYWwxLWRvY2tlci5wa2cuZGV2L3NlcnZlcmxlc3MtcnVudGltZXMvZ29vZ2xlLTI0LWZ1bGwvcnVudGltZXMvbm9kZWpzMjRAAQ==","operationType":"UPDATE_FUNCTION","buildName":"projects/101841828420/locations/us-central1/builds/362c85f4-e4ae-47a0-b299-0d2f8db14071"},"done":false}
[debug] [2026-02-08T18:31:01.647Z] Got source token Cldwcm9qZWN0cy8xMDE4NDE4Mjg0MjAvbG9jYXRpb25zL3VzLWNlbnRyYWwxL2J1aWxkcy8zNjJjODVmNC1lNGFlLTQ3YTAtYjI5OS0wZDJmOGRiMTQwNzESdnVzLWNlbnRyYWwxLWRvY2tlci5wa2cuZGV2L2dsdWNvc2UtZ29vc2UvZ2NmLWFydGlmYWN0cy9nbHVjb3NlLS1nb29zZV9fdXMtLWNlbnRyYWwxX19nZXRfZW1haWxfZnJvbV91c2VybmFtZTp2ZXJzaW9uXzEYxPT7sfsCIktwcm9qZWN0cy9nbHVjb3NlLWdvb3NlL2xvY2F0aW9ucy91cy1jZW50cmFsMS9mdW5jdGlvbnMvZ2V0RW1haWxGcm9tVXNlcm5hbWUqDAjbrKPMBhC4pfnYAzIIbm9kZWpzMjQ6dgojZ2NyLmlvL2dhZS1ydW50aW1lcy9ub2RlanMyNDpzdGFibGUST3VzLWNlbnRyYWwxLWRvY2tlci5wa2cuZGV2L3NlcnZlcmxlc3MtcnVudGltZXMvZ29vZ2xlLTI0LWZ1bGwvcnVudGltZXMvbm9kZWpzMjRAAQ== for region us-central1
[debug] [2026-02-08T18:31:01.839Z] <<< [apiv2][status] GET https://cloudfunctions.googleapis.com/v2/projects/glucose-goose/locations/us-central1/operations/operation-1770575418269-64a5436da9e40-d705d536-4c9938d8 200
[debug] [2026-02-08T18:31:01.839Z] <<< [apiv2][body] GET https://cloudfunctions.googleapis.com/v2/projects/glucose-goose/locations/us-central1/operations/operation-1770575418269-64a5436da9e40-d705d536-4c9938d8 {"name":"projects/glucose-goose/locations/us-central1/operations/operation-1770575418269-64a5436da9e40-d705d536-4c9938d8","metadata":{"@type":"type.googleapis.com/google.cloud.functions.v2.OperationMetadata","createTime":"2026-02-08T18:30:18.937045034Z","target":"projects/glucose-goose/locations/us-central1/functions/simulateGlucose","verb":"update","cancelRequested":false,"apiVersion":"v2","requestResource":{"@type":"type.googleapis.com/google.cloud.functions.v2.Function","name":"projects/glucose-goose/locations/us-central1/functions/simulateGlucose","buildConfig":{"runtime":"nodejs24","entryPoint":"simulateGlucose","source":{"storageSource":{"bucket":"gcf-v2-sources-101841828420-us-central1","object":"simulateGlucose/function-source.zip","generation":"1770575418892823"}},"environmentVariables":{"GOOGLE_NODE_RUN_SCRIPTS":""},"dockerRepository":"projects/glucose-goose/locations/us-central1/repositories/gcf-artifacts","sourceProvenance":{"resolvedStorageSource":{"bucket":"gcf-v2-sources-101841828420-us-central1","object":"simulateGlucose/function-source.zip","generation":"1770574006481717"}},"dockerRegistry":"ARTIFACT_REGISTRY","serviceAccount":"projects/glucose-goose/serviceAccounts/101841828420-compute@developer.gserviceaccount.com","automaticUpdatePolicy":{}},"serviceConfig":{"service":"projects/glucose-goose/locations/us-central1/services/simulateglucose","timeoutSeconds":60,"environmentVariables":{"FIREBASE_CONFIG":"{\"projectId\":\"glucose-goose\",\"storageBucket\":\"glucose-goose.firebasestorage.app\"}","GCLOUD_PROJECT":"glucose-goose","EVENTARC_CLOUD_EVENT_SOURCE":"projects/glucose-goose/locations/us-central1/services/simulateGlucose","FUNCTION_TARGET":"simulateGlucose","LOG_EXECUTION_ID":"true"},"ingressSettings":"ALLOW_ALL","uri":"https://simulateglucose-ft7us77rra-uc.a.run.app","serviceAccountEmail":"101841828420-compute@developer.gserviceaccount.com","availableMemory":"256Mi","allTrafficOnLatestRevision":true,"revision":"simulateglucose-00002-cap","maxInstanceRequestConcurrency":80,"availableCpu":"1"},"state":"ACTIVE","labels":{"deployment-tool":"cli-firebase","deployment-scheduled":"true","firebase-functions-hash":"9a3e4fb5f347fac7c38c279f55dd6f77f8b4f0a8"},"environment":"GEN_2","url":"https://us-central1-glucose-goose.cloudfunctions.net/simulateGlucose","satisfiesPzi":true},"stages":[{"name":"BUILD","message":"Build finished","state":"COMPLETE","resource":"projects/101841828420/locations/us-central1/builds/69cf1bda-495b-40f2-be8f-199304da5a98","resourceUri":"https://console.cloud.google.com/cloud-build/builds;region=us-central1/69cf1bda-495b-40f2-be8f-199304da5a98?project=101841828420"},{"name":"SERVICE","message":"Updating Cloud Run service","state":"IN_PROGRESS","resource":"projects/glucose-goose/locations/us-central1/services/simulateglucose","resourceUri":"https://console.cloud.google.com/run/detail/us-central1/simulateglucose?project=glucose-goose","stateMessages":[{"severity":"INFO","type":"CloudRunServiceNewRevisionTrafficInfo","message":"A new revision will be deployed serving with 100% traffic."}]}],"sourceToken":"Cldwcm9qZWN0cy8xMDE4NDE4Mjg0MjAvbG9jYXRpb25zL3VzLWNlbnRyYWwxL2J1aWxkcy82OWNmMWJkYS00OTViLTQwZjItYmU4Zi0xOTkzMDRkYTVhOTgSb3VzLWNlbnRyYWwxLWRvY2tlci5wa2cuZGV2L2dsdWNvc2UtZ29vc2UvZ2NmLWFydGlmYWN0cy9nbHVjb3NlLS1nb29zZV9fdXMtLWNlbnRyYWwxX19zaW11bGF0ZV9nbHVjb3NlOnZlcnNpb25fMRjE9Pux+wIiRnByb2plY3RzL2dsdWNvc2UtZ29vc2UvbG9jYXRpb25zL3VzLWNlbnRyYWwxL2Z1bmN0aW9ucy9zaW11bGF0ZUdsdWNvc2UqDAjfrKPMBhD43Zv+ATIIbm9kZWpzMjQ6dgojZ2NyLmlvL2dhZS1ydW50aW1lcy9ub2RlanMyNDpzdGFibGUST3VzLWNlbnRyYWwxLWRvY2tlci5wa2cuZGV2L3NlcnZlcmxlc3MtcnVudGltZXMvZ29vZ2xlLTI0LWZ1bGwvcnVudGltZXMvbm9kZWpzMjRAAQ==","operationType":"UPDATE_FUNCTION","buildName":"projects/101841828420/locations/us-central1/builds/69cf1bda-495b-40f2-be8f-199304da5a98"},"done":false}
[debug] [2026-02-08T18:31:01.840Z] Got source token Cldwcm9qZWN0cy8xMDE4NDE4Mjg0MjAvbG9jYXRpb25zL3VzLWNlbnRyYWwxL2J1aWxkcy82OWNmMWJkYS00OTViLTQwZjItYmU4Zi0xOTkzMDRkYTVhOTgSb3VzLWNlbnRyYWwxLWRvY2tlci5wa2cuZGV2L2dsdWNvc2UtZ29vc2UvZ2NmLWFydGlmYWN0cy9nbHVjb3NlLS1nb29zZV9fdXMtLWNlbnRyYWwxX19zaW11bGF0ZV9nbHVjb3NlOnZlcnNpb25fMRjE9Pux+wIiRnByb2plY3RzL2dsdWNvc2UtZ29vc2UvbG9jYXRpb25zL3VzLWNlbnRyYWwxL2Z1bmN0aW9ucy9zaW11bGF0ZUdsdWNvc2UqDAjfrKPMBhD43Zv+ATIIbm9kZWpzMjQ6dgojZ2NyLmlvL2dhZS1ydW50aW1lcy9ub2RlanMyNDpzdGFibGUST3VzLWNlbnRyYWwxLWRvY2tlci5wa2cuZGV2L3NlcnZlcmxlc3MtcnVudGltZXMvZ29vZ2xlLTI0LWZ1bGwvcnVudGltZXMvbm9kZWpzMjRAAQ== for region us-central1
[debug] [2026-02-08T18:31:02.695Z] <<< [apiv2][status] GET https://cloudfunctions.googleapis.com/v2/projects/glucose-goose/locations/us-central1/operations/operation-1770575418068-64a5436d78f86-d0bfc44f-132adee7 200
[debug] [2026-02-08T18:31:02.695Z] <<< [apiv2][body] GET https://cloudfunctions.googleapis.com/v2/projects/glucose-goose/locations/us-central1/operations/operation-1770575418068-64a5436d78f86-d0bfc44f-132adee7 {"name":"projects/glucose-goose/locations/us-central1/operations/operation-1770575418068-64a5436d78f86-d0bfc44f-132adee7","metadata":{"@type":"type.googleapis.com/google.cloud.functions.v2.OperationMetadata","createTime":"2026-02-08T18:30:18.791090205Z","target":"projects/glucose-goose/locations/us-central1/functions/analyzeMeal","verb":"update","cancelRequested":false,"apiVersion":"v2","requestResource":{"@type":"type.googleapis.com/google.cloud.functions.v2.Function","name":"projects/glucose-goose/locations/us-central1/functions/analyzeMeal","buildConfig":{"runtime":"nodejs24","entryPoint":"analyzeMeal","source":{"storageSource":{"bucket":"gcf-v2-sources-101841828420-us-central1","object":"analyzeMeal/function-source.zip","generation":"1770575418745691"}},"environmentVariables":{"GOOGLE_NODE_RUN_SCRIPTS":""},"dockerRepository":"projects/glucose-goose/locations/us-central1/repositories/gcf-artifacts","sourceProvenance":{"resolvedStorageSource":{"bucket":"gcf-v2-sources-101841828420-us-central1","object":"analyzeMeal/function-source.zip","generation":"1770574006268164"}},"dockerRegistry":"ARTIFACT_REGISTRY","serviceAccount":"projects/glucose-goose/serviceAccounts/101841828420-compute@developer.gserviceaccount.com","automaticUpdatePolicy":{}},"serviceConfig":{"service":"projects/glucose-goose/locations/us-central1/services/analyzemeal","timeoutSeconds":60,"environmentVariables":{"FIREBASE_CONFIG":"{\"projectId\":\"glucose-goose\",\"storageBucket\":\"glucose-goose.firebasestorage.app\"}","GCLOUD_PROJECT":"glucose-goose","EVENTARC_CLOUD_EVENT_SOURCE":"projects/glucose-goose/locations/us-central1/services/analyzeMeal","FUNCTION_TARGET":"analyzeMeal","LOG_EXECUTION_ID":"true"},"ingressSettings":"ALLOW_ALL","uri":"https://analyzemeal-ft7us77rra-uc.a.run.app","serviceAccountEmail":"101841828420-compute@developer.gserviceaccount.com","availableMemory":"256Mi","allTrafficOnLatestRevision":true,"secretEnvironmentVariables":[{"key":"GEMINI_API_KEY","projectId":"glucose-goose","secret":"GEMINI_API_KEY","version":"3"}],"revision":"analyzemeal-00032-teh","maxInstanceRequestConcurrency":80,"availableCpu":"1"},"state":"ACTIVE","labels":{"deployment-tool":"cli-firebase","firebase-functions-hash":"9a3e4fb5f347fac7c38c279f55dd6f77f8b4f0a8"},"environment":"GEN_2","url":"https://us-central1-glucose-goose.cloudfunctions.net/analyzeMeal","satisfiesPzi":true},"stages":[{"name":"BUILD","message":"Build finished","state":"COMPLETE","resource":"projects/101841828420/locations/us-central1/builds/0edf23fc-c26c-44df-bfee-cbbbd685eafb","resourceUri":"https://console.cloud.google.com/cloud-build/builds;region=us-central1/0edf23fc-c26c-44df-bfee-cbbbd685eafb?project=101841828420"},{"name":"SERVICE","message":"Updating Cloud Run service","state":"IN_PROGRESS","resource":"projects/glucose-goose/locations/us-central1/services/analyzemeal","resourceUri":"https://console.cloud.google.com/run/detail/us-central1/analyzemeal?project=glucose-goose","stateMessages":[{"severity":"INFO","type":"CloudRunServiceNewRevisionTrafficInfo","message":"A new revision will be deployed serving with 100% traffic."}]}],"sourceToken":"Cldwcm9qZWN0cy8xMDE4NDE4Mjg0MjAvbG9jYXRpb25zL3VzLWNlbnRyYWwxL2J1aWxkcy8wZWRmMjNmYy1jMjZjLTQ0ZGYtYmZlZS1jYmJiZDY4NWVhZmISa3VzLWNlbnRyYWwxLWRvY2tlci5wa2cuZGV2L2dsdWNvc2UtZ29vc2UvZ2NmLWFydGlmYWN0cy9nbHVjb3NlLS1nb29zZV9fdXMtLWNlbnRyYWwxX19hbmFseXplX21lYWw6dmVyc2lvbl8xGMT0+7H7AiJCcHJvamVjdHMvZ2x1Y29zZS1nb29zZS9sb2NhdGlvbnMvdXMtY2VudHJhbDEvZnVuY3Rpb25zL2FuYWx5emVNZWFsKgsI4KyjzAYQyNu1JzIIbm9kZWpzMjQ6dgojZ2NyLmlvL2dhZS1ydW50aW1lcy9ub2RlanMyNDpzdGFibGUST3VzLWNlbnRyYWwxLWRvY2tlci5wa2cuZGV2L3NlcnZlcmxlc3MtcnVudGltZXMvZ29vZ2xlLTI0LWZ1bGwvcnVudGltZXMvbm9kZWpzMjRAAQ==","operationType":"UPDATE_FUNCTION","buildName":"projects/101841828420/locations/us-central1/builds/0edf23fc-c26c-44df-bfee-cbbbd685eafb"},"done":false}
[debug] [2026-02-08T18:31:02.696Z] Got source token Cldwcm9qZWN0cy8xMDE4NDE4Mjg0MjAvbG9jYXRpb25zL3VzLWNlbnRyYWwxL2J1aWxkcy8wZWRmMjNmYy1jMjZjLTQ0ZGYtYmZlZS1jYmJiZDY4NWVhZmISa3VzLWNlbnRyYWwxLWRvY2tlci5wa2cuZGV2L2dsdWNvc2UtZ29vc2UvZ2NmLWFydGlmYWN0cy9nbHVjb3NlLS1nb29zZV9fdXMtLWNlbnRyYWwxX19hbmFseXplX21lYWw6dmVyc2lvbl8xGMT0+7H7AiJCcHJvamVjdHMvZ2x1Y29zZS1nb29zZS9sb2NhdGlvbnMvdXMtY2VudHJhbDEvZnVuY3Rpb25zL2FuYWx5emVNZWFsKgsI4KyjzAYQyNu1JzIIbm9kZWpzMjQ6dgojZ2NyLmlvL2dhZS1ydW50aW1lcy9ub2RlanMyNDpzdGFibGUST3VzLWNlbnRyYWwxLWRvY2tlci5wa2cuZGV2L3NlcnZlcmxlc3MtcnVudGltZXMvZ29vZ2xlLTI0LWZ1bGwvcnVudGltZXMvbm9kZWpzMjRAAQ== for region us-central1
